crash_severity,collision_type,weather,light,road_surface,traffic_control,city,year,fatality,injury,id,x,y,norm_x,norm_y
A-Injury,Angle,Snow,"Darkness, lighted road",Snow or Slush,No Controls,Urbana,2003,0,8,9,-88.2016751604757,40.1348413502238,0.0029767636373217547,0.006311311645111648
A-Injury,Pedestrian,Clear,Daylight,Unknown,No Controls,Champaign,2003,0,2,10,-88.2578735563424,40.1192104624317,0.002337681616765096,0.005924400083154521
A-Injury,Overturned,Clear,Darkness,Dry,Lane Use Marking,Unincorporated,2003,0,1,11,-88.4039690081752,40.1204460102598,0.0006763000931198508,0.0059549836140709595
A-Injury,Other non collision,Clear,Daylight,Dry,No Controls,Champaign,2003,0,1,12,-88.2723852278288,40.1128087880156,0.0021726564733929865,0.005765939355880435
A-Injury,Sideswipe Same Direction,Clear,Daylight,Wet,No Controls,Unincorporated,2003,0,2,13,-88.2197747465134,40.2064841767472,0.0027709371214965704,0.00808468743040798
A-Injury,Rear end,Clear,Daylight,Dry,Traffic Signal,Unincorporated,2003,0,1,14,-88.2954350365736,40.1130326373836,0.0019105365655400428,0.005771480302099695
A-Injury,Angle,Clear,Daylight,Wet,Traffic Signal,Champaign,2003,0,1,15,-88.2769577922859,40.1275703553285,0.0021206577697414557,0.006131332617090925
A-Injury,Angle,Clear,"Darkness, lighted road",Dry,Traffic Signal,Champaign,2003,0,1,16,-88.2578465808394,40.1182575235972,0.0023379883792393604,0.005900811976208161
A-Injury,Turning,Clear,Dusk,Dry,Traffic Signal,Urbana,2003,0,5,17,-88.1977061478239,40.1302365647255,0.0030218988157554765,0.006197329331802104
A-Injury,Rear end,Clear,Darkness,Wet,No Controls,Unincorporated,2001,0,1,214,-88.4222726230531,40.194549656606,0.00046815338360504363,0.007789272103367138
A-Injury,Rear end,Clear,Daylight,Dry,Lane Use Marking,Unincorporated,2001,0,3,215,-88.1821938466957,40.1898735300976,0.0031983030101386412,0.007673523885138055
A-Injury,Angle,Clear,Daylight,Unknown,Stop Sign/Flasher,Unincorporated,2001,0,2,216,-88.3149345750782,40.1605537267694,0.0016887899431452804,0.00694777042488204
A-Injury,Sideswipe Same Direction,Clear,Daylight,Dry,Lane Use Marking,Urbana,2001,0,1,217,-88.1970946417846,40.1312934541563,0.0030288527956537636,0.006223490529165011
A-Injury,Angle,Fog/Smoke/Haze,Daylight,Dry,Lane Use Marking,Unincorporated,2001,0,5,218,-88.1822013661942,40.1892946028907,0.003198217499222764,0.007659193692710003
A-Injury,Turning,Clear,Daylight,Dry,Traffic Signal,Urbana,2002,0,3,134,-88.1933412252524,40.1375733137528,0.0030715362385599,0.006378935972678639
A-Injury,Rear end,Snow,Daylight,Ice,No Controls,Unincorporated,2001,0,3,242,-88.0853910600832,40.1206874671925,0.004299133727986366,0.005960960400560532
A-Injury,Fixed object,Snow,Daylight,Ice,No Controls,Champaign,2001,0,1,243,-88.3049669289858,40.1122849616436,0.0018021409259745566,0.005752973075111293
A-Injury,Parked Motor Vehicle,Snow,Daylight,Snow or Slush,No Controls,St. Joseph,2001,0,4,244,-88.0396386023818,40.1203363986573,0.004819425680493268,0.005952270396696826
A-Injury,Fixed object,Sleet/Hail,Darkness,Ice,Lane Use Marking,Unincorporated,2001,0,2,245,-88.3034049570285,39.967600699426,0.0018199035004952333,0.002171601714136987
A-Injury,Pedestrian,Rain,Darkness,Wet,No Controls,Champaign,2005,0,2,742,-88.265285,40.127257,0.002253399488869895,0.0061235761287064825
A-Injury,Pedestrian,Rain,Darkness,Wet,No Controls,Urbana,2016,0,1,3951,-88.1929670773135,40.0947485023936,0.003075791008061613,0.005318892878908631
A-Injury,Turning,Rain,Daylight,Wet,Traffic Signal,Champaign,2016,0,1,3953,-88.2435094712078,40.116360004424,0.0025010284242619374,0.005853842660267141
A-Injury,Angle,Rain,Daylight,Wet,Traffic Signal,Champaign,2016,0,1,3954,-88.2468498673379,40.1163402044024,0.0024630418042639766,0.00585335255008353
A-Injury,Turning,Clear,Daylight,Dry,No Controls,Champaign,2016,0,1,3955,-88.271466742574,40.1127916046133,0.0021831013874058633,0.005765514014907371
A-Injury,Angle,Clear,Daylight,Dry,Traffic Signal,Champaign,2016,0,2,3956,-88.2579100024449,40.1426299975616,0.0023372671556676386,0.006504104130547029
A-Injury,Overturned,Clear,Darkness,Dry,No Controls,Unincorporated,2001,0,1,246,-88.3036982292022,40.0560952818615,0.001816568441363278,0.0043621092253079375
A-Injury,Rear end,Clear,"Darkness, lighted road",Dry,Traffic Signal,Champaign,2001,0,1,247,-88.2579431723527,40.1349977315601,0.0023368899510985727,0.006315182554294295
A-Injury,Overturned,Snow,Dawn,Ice,No Controls,Champaign,2001,0,3,248,-88.3022057853353,40.130034704209,0.001833540350032779,0.006192332675900377
A-Injury,Overturned,Snow,"Darkness, lighted road",Ice,Lane Use Marking,Urbana,2001,0,4,249,-88.2008168239823,40.1347411290622,0.0029865245461887266,0.006308830869438982
A-Injury,Fixed object,Rain,Darkness,Wet,No Controls,Unincorporated,2001,0,1,250,-88.2386036926573,40.1847687599949,0.002556816402194436,0.007547165446632404
A-Injury,Fixed object,Rain,Daylight,Wet,No Controls,Unincorporated,2001,0,1,251,-88.3034049570285,39.967600699426,0.0018199035004952333,0.002171601714136987
A-Injury,Overturned,Clear,Darkness,Dry,No Controls,Unincorporated,2001,0,2,252,-88.2321058609005,40.1943045787792,0.0026307090353262595,0.007783205688840444
A-Injury,Fixed object,Clear,Daylight,Dry,Lane Use Marking,Unincorporated,2001,0,1,254,-88.1835857714899,40.2769346753097,0.003182474193386402,0.009828549506703522
A-Injury,Overturned,Snow,Darkness,Ice,Lane Use Marking,Mahomet,2001,0,5,255,-88.3940969195665,40.1967191123931,0.0007885644066801255,0.00784297266972953
A-Injury,Fixed object,Clear,Darkness,Dry,Lane Use Marking,Champaign,2001,0,1,258,-88.295351096559,40.1360713386978,0.0019114911222191588,0.006341757565266343
A-Injury,Fixed object,Clear,Darkness,Dry,Lane Use Marking,Champaign,2001,0,1,263,-88.2900876827635,40.119508035048,0.0019713460891017543,0.005931765901865435
A-Injury,Rear end,Clear,"Darkness, lighted road",Dry,Traffic Signal,Urbana,2001,0,5,264,-88.2195613721625,40.1341663829274,0.0027733635913130134,0.0062946041711411695
A-Injury,Pedalcyclist,Clear,Daylight,Wet,No Controls,Champaign,2001,0,1,265,-88.238972056694,40.1384995146142,0.0025526274065970204,0.006401862234240795
A-Injury,Fixed object,Clear,Daylight,Dry,No Controls,Unincorporated,2001,0,1,266,-88.165164809246,40.3413326961418,0.0033919553643322504,0.011422594525674873
A-Injury,Angle,Clear,Daylight,Dry,Stop Sign/Flasher,Champaign,2003,0,1,99,-88.251765150853,40.1126397725265,0.0024071457369119476,0.005761755713354675
A-Injury,Turning,Clear,Dusk,Dry,Traffic Signal,Champaign,2016,0,2,3958,-88.2580441754368,40.1380326484542,0.002335741355056428,0.006390305890314942
A-Injury,Rear end,Clear,Daylight,Ice,No Controls,Savoy,2016,0,2,3959,-88.2513766048057,40.0547605930801,0.002411564240130074,0.004329071657128275
A-Injury,Angle,Rain,Daylight,Wet,Stop Sign/Flasher,Unincorporated,2001,0,1,195,-88.288965715176,40.3112248396648,0.0019841049819803967,0.01067733437592296
A-Injury,Angle,Fog/Smoke/Haze,Daylight,Snow or Slush,Traffic Signal,Champaign,2001,0,3,196,-88.2438403529465,40.1026980177415,0.0024972656732638746,0.005515667332219848
A-Injury,Rear end,Clear,Darkness,Dry,Stop Sign/Flasher,Unincorporated,2002,0,2,150,-88.2954350365736,40.1130326373836,0.0019105365655400428,0.005771480302099695
A-Injury,Turning,Clear,"Darkness, lighted road",Dry,No Controls,Champaign,2001,0,4,202,-88.2769999645002,40.139252661171,0.0021201781919258393,0.006420504880426257
A-Injury,Rear end,Clear,Daylight,Dry,No Controls,Unincorporated,2002,0,2,128,-88.0391874199548,40.3127407314262,0.00482455647778098,0.010714857263743686
A-Injury,Fixed object,Clear,Daylight,Dry,No Controls,Unincorporated,2002,0,1,130,-88.4428841348896,40.199148872209,0.00023376152191495342,0.00790311654498831
A-Injury,Pedestrian,Clear,Daylight,Dry,Lane Use Marking,Champaign,2002,0,1,131,-88.2863484309568,40.1439396604084,0.002013868452296235,0.006536522231452914
A-Injury,Overturned,Clear,Daylight,Dry,No Controls,Unincorporated,2002,0,1,132,-87.9693928140473,40.119828845302,0.005618253114124868,0.005939706922114513
A-Injury,Pedalcyclist,Clear,Daylight,Dry,No Controls,Champaign,2001,0,1,203,-88.2646037882196,40.1350689308504,0.0022611461548437723,0.006316944951221967
A-Injury,Sideswipe Same Direction,Snow,Daylight,Snow or Slush,Lane Use Marking,Unincorporated,2000,0,1,370,-88.2308673238392,40.1955301424497,0.0026447935435308313,0.00781354208177833
A-Injury,Rear end,Rain,Dusk,Wet,No Controls,Unincorporated,2000,0,1,371,-88.134262984341,40.3685056482313,0.0037433675424664798,0.01209520695023908
A-Injury,Rear end,Rain,Daylight,Wet,Lane Use Marking,Champaign,2000,0,1,372,-88.257952815231,40.1338573917527,0.0023367802933396487,0.006286955708710654
A-Injury,Overturned,Snow,Daylight,Ice,Lane Use Marking,Mahomet,2000,0,1,373,-88.3922931208003,40.1957999918025,0.0008090770092623865,0.007820221666199596
A-Injury,Rear end,Clear,Daylight,Dry,No Controls,Unincorporated,2000,0,1,374,-87.9585017847475,40.0760788054915,0.005742104709949179,0.004856761636861752
A-Injury,Overturned,Clear,Darkness,Dry,Lane Use Marking,Unincorporated,2000,0,1,375,-88.2221947287092,40.2041089355928,0.002743417348244081,0.008025893056262466
A-Injury,Rear end,Rain,Daylight,Wet,No Controls,Champaign,2000,0,1,376,-88.2446673332566,40.0979411632456,0.0024878613434892436,0.005397920853101591
A-Injury,Other Object,Other,Darkness,Snow or Slush,No Controls,Savoy,2000,0,1,377,-88.2485971691373,40.0726726995047,0.002443171679018229,0.004772450252564715
A-Injury,Overturned,Clear,Darkness,Dry,No Controls,Unincorporated,2000,0,1,378,-88.3840368757099,40.3650290371273,0.0009029661267935007,0.012009150351889914
A-Injury,Turning,Clear,Dawn,Dry,Lane Use Marking,Unincorporated,2000,0,2,379,-88.0974322505352,40.3123914850143,0.004162202625144381,0.010706212362920797
A-Injury,Turning,Clear,Daylight,Dry,Traffic Signal,Champaign,2000,0,3,380,-88.2771624954598,40.1361447388975,0.002118329907602739,0.006343574441331868
A-Injury,Angle,Clear,Daylight,Dry,No Controls,Champaign,2000,0,1,381,-88.243103873294,40.1125977605627,0.0025056408394436448,0.005760715790686768
A-Injury,Fixed object,Rain,Dawn,Wet,No Controls,Unincorporated,2000,0,3,382,-88.3033890778241,39.9639785198385,0.0018200840770736895,0.0020819418572862397
A-Injury,Overturned,Clear,Daylight,Wet,No Controls,Champaign,1999,0,1,383,-88.3048962541946,40.1253162406667,0.0018029446319819632,0.006075536488539014
A-Injury,Fixed object,Clear,Daylight,Dry,Other reg. sign,Unincorporated,1999,0,3,384,-88.2209429654598,40.2053266993996,0.002757652263215361,0.008056036379076276
A-Injury,Angle,Clear,Darkness,Dry,Stop Sign/Flasher,Ludlow,1999,0,2,385,-88.1201647806137,40.3862289238,0.0039036907756355103,0.012533911413126207
A-Injury,Rear end,Clear,Darkness,Dry,Lane Use Marking,Unincorporated,1999,0,1,386,-88.1827971565014,40.2293913203202,0.0031914422369137027,0.008651708243153049
A-Injury,Angle,Clear,Daylight,Dry,Stop Sign/Flasher,Champaign,1999,0,2,387,-88.2337786306845,40.112693928483,0.0026116864800202915,0.005763096236426467
A-Injury,Angle,Clear,Darkness,Dry,No Controls,Champaign,1999,0,2,388,-88.2771702035314,40.1366410117047,0.0021182422522543613,0.006355858688365272
A-Injury,Overturned,Clear,Darkness,Dry,No Controls,Unincorporated,1999,0,1,389,-88.3844618077039,40.2960785085492,0.0008981338465630891,0.010302417051468771
A-Injury,Fixed object,Clear,Daylight,Dry,No Controls,Unincorporated,1999,0,1,390,-88.1850106759634,40.1293880989388,0.003166270335322881,0.006176327247520854
A-Injury,Turning,Clear,Daylight,Dry,No Controls,Urbana,1999,0,1,391,-88.2024084682726,40.1163310736991,0.0029684245411375956,0.00585312653767006
A-Injury,Angle,Clear,Daylight,Ice,Traffic Signal,Champaign,1999,0,2,392,-88.2450277978578,40.0958303055746,0.002483762179409526,0.005345670766643399
A-Injury,Angle,Clear,"Darkness, lighted road",Ice,No Controls,Champaign,1999,0,1,396,-88.2862373721509,40.1129358103014,0.0020151314009087206,0.005769083540117242
A-Injury,Sideswipe Opposite Direction,Clear,"Darkness, lighted road",Unknown,Traffic Signal,Urbana,1999,0,2,397,-88.207353190925,40.1164062535274,0.0029121936951310564,0.005854987464904796
A-Injury,Other non collision,Clear,Daylight,Dry,No Controls,Unincorporated,1999,0,2,398,-88.303608117976,40.0469696809419,0.001817593176386877,0.004136223111060116
A-Injury,Rear end,Clear,Daylight,Dry,Police/Flagman,Unincorporated,1999,0,2,399,-88.407607361042,40.1508863549962,0.0006349251416509759,0.0067084738498865565
A-Injury,Angle,Clear,Daylight,Dry,Traffic Signal,Champaign,1999,0,4,400,-88.2436315812678,40.1325649346717,0.002499639801994795,0.006254963502341862
A-Injury,Rear end,Clear,Dawn,Dry,No Controls,Unincorporated,1999,0,1,401,-88.1267544035595,40.1205507317609,0.0038287543031266702,0.005957575786703831
A-Injury,Pedestrian,Clear,Daylight,Dry,No Controls,Champaign,1999,0,1,402,-88.2710587183945,40.1376036691567,0.0021877413938162517,0.006379687360372706
A-Injury,Turning,Clear,Daylight,Dry,Traffic Signal,Champaign,1999,0,1,403,-88.2467409787724,40.0848197129335,0.002464280073139559,0.00507312542862397
A-Injury,Turning,Clear,"Darkness, lighted road",Ice,Traffic Signal,Champaign,1999,0,5,404,-88.2467409787724,40.0848197129335,0.002464280073139559,0.00507312542862397
A-Injury,Overturned,Clear,Daylight,Dry,No Controls,Rantoul,1999,0,1,405,-88.1700715159224,40.283970447263,0.003336156831853216,0.010002706058284894
A-Injury,Turning,Clear,Daylight,Dry,Other reg. sign,Champaign,1999,0,2,406,-88.2899428343092,40.1513455996266,0.00197299328990561,0.00671984153799432
A-Injury,Angle,Clear,Daylight,Dry,Stop Sign/Flasher,Champaign,1999,0,2,407,-88.2289684976234,40.1157374807377,0.002666386787892513,0.005838433323636589
A-Injury,Pedalcyclist,Clear,Daylight,Dry,No Controls,Champaign,1999,0,1,408,-88.2322720679222,40.1126969557868,0.002628818947226489,0.005763171171315596
A-Injury,Angle,Clear,"Darkness, lighted road",Dry,Traffic Signal,Champaign,2016,0,1,3960,-88.2451400023506,40.1102099974339,0.002482486202170952,0.005701611459951617
A-Injury,Rear end,Clear,Daylight,Dry,No Controls,Champaign,2001,0,1,197,-88.2446673332566,40.0979411632456,0.0024878613434892436,0.005397920853101591
A-Injury,Turning,Clear,Daylight,Dry,Stop Sign/Flasher,St. Joseph,2001,0,2,198,-88.0291233030222,40.1132777388328,0.00493900451646981,0.005777547301352086
A-Injury,Rear end,Clear,Daylight,Dry,No Controls,Champaign,2001,0,1,199,-88.230610930352,40.1127177155595,0.002647709222267457,0.005763685038230025
A-Injury,Rear end,Clear,Daylight,Dry,No Controls,Urbana,2001,0,1,200,-88.1928832350598,40.1383534926763,0.0030767444530145735,0.006398247751376812
A-Injury,Turning,Clear,"Darkness, lighted road",Dry,No Controls,Champaign,2001,0,3,201,-88.2578053854781,40.1143617760507,0.0023384568483893163,0.005804380488230281
A-Injury,Angle,Clear,Daylight,Dry,Traffic Signal,Champaign,1999,0,3,409,-88.228942082915,40.1129939101816,0.0026666871730717874,0.0057705216871819795
A-Injury,Rear end,Clear,Daylight,Wet,Lane Use Marking,Unincorporated,1999,0,2,410,-88.1820523316897,40.1782458038765,0.003199912303332408,0.007385702631857121
A-Injury,Fixed object,Clear,Darkness,Dry,No Controls,Unincorporated,1999,0,1,411,-87.9581464142444,40.0500218352069,0.005746145944501615,0.004211773123939224
A-Injury,Overturned,Clear,Darkness,Dry,No Controls,Unincorporated,2002,0,1,133,-88.0120778739488,40.1118573558376,0.005132843274418093,0.005742388543221419
A-Injury,Rear end,Clear,Daylight,Dry,Traffic Signal,Savoy,2002,0,2,188,-88.2528367606327,40.0456888509404,0.00239495950752413,0.004104518709936356
A-Injury,Angle,Clear,Daylight,Dry,Stop Sign/Flasher,Unincorporated,2002,0,1,157,-88.1822013661942,40.1892946028907,0.003198217499222764,0.007659193692710003
A-Injury,Sideswipe Opposite Direction,Clear,Daylight,Dry,Lane Use Marking,Unincorporated,2002,0,2,158,-88.3070054222527,40.1564235818908,0.001778959403160485,0.006845536896796919
A-Injury,Rear end,Clear,Daylight,Dry,No Controls,Champaign,2002,0,1,159,-88.2579431723527,40.1349977315601,0.0023368899510985727,0.006315182554294295
A-Injury,Pedalcyclist,Rain,"Darkness, lighted road",Wet,Traffic Signal,Champaign,2002,0,1,161,-88.2767915047882,40.1128753059218,0.0021225487730055005,0.005767585874448517
A-Injury,Rear end,Clear,Daylight,Dry,No Controls,Champaign,2002,0,1,162,-88.2389683114994,40.1380046789629,0.002552669996540898,0.006389613561145314
A-Injury,Overturned,Snow,Darkness,Snow or Slush,No Controls,Unincorporated,2002,0,1,163,-88.1825512050511,40.2163619069088,0.00319423916994693,0.0083291910092352
A-Injury,Fixed object,Clear,Daylight,Dry,Lane Use Marking,Champaign,2002,0,1,164,-88.3049669289858,40.1122849616436,0.0018021409259745566,0.005752973075111293
A-Injury,Turning,Clear,"Darkness, lighted road",Dry,Stop Sign/Flasher,Champaign,2002,0,1,165,-88.2728720505444,40.1573478442558,0.00216712037863562,0.006868415174733416
A-Injury,Overturned,Fog/Smoke/Haze,Darkness,Wet,Lane Use Marking,Unincorporated,2004,0,2,513,-88.1065987906105,40.1133682290579,0.004057961732455368,0.005779787207031161
A-Injury,Pedalcyclist,Clear,Darkness,Dry,No Controls,St. Joseph,2004,0,2,514,-88.0362529924743,40.1131405550763,0.004857926466630149,0.005774151590103393
A-Injury,Angle,Fog/Smoke/Haze,Dawn,Wet,Traffic Signal,Champaign,2004,0,3,515,-88.3145129624667,40.1132597945671,0.0016935844757203957,0.005777103126717701
A-Injury,Fixed object,Clear,Daylight,Dry,No Controls,Unincorporated,2003,0,1,85,-87.9448570042125,40.1200698408011,0.005897271664092238,0.005945672286732369
A-Injury,Angle,Clear,Daylight,Dry,Traffic Signal,Champaign,2004,0,3,517,-88.278360424861,40.1128631616583,0.0021047071852741605,0.0057672852673414645
A-Injury,Angle,Clear,Daylight,Dry,Stop Sign/Flasher,Unincorporated,2004,0,3,518,-88.3938981027963,40.2380032599097,0.0007908253292786533,0.008864879692041623
A-Injury,Overturned,Clear,Daylight,Dry,No Controls,Unincorporated,2004,0,2,519,-88.3940770332246,40.2598363375365,0.0007887905519883635,0.00940531413692224
A-Injury,Rear end,Clear,Daylight,Dry,No Controls,Unincorporated,2004,0,6,520,-88.1605868373514,39.9090642836262,0.0034440155607724883,0.0007226490781951961
A-Injury,Fixed object,Clear,Darkness,Dry,No Controls,Unincorporated,2004,0,1,521,-88.1611592034223,39.9716945193213,0.003437506676320426,0.0022729360894538308
A-Injury,Angle,Clear,Daylight,Dry,No Controls,Champaign,2004,0,2,523,-88.2768073771123,40.1155299269292,0.002122368274669215,0.005833295741606358
A-Injury,Turning,Clear,Daylight,Dry,Traffic Signal,Champaign,2004,0,2,524,-88.2769570957819,40.1274234623449,0.0021206656903089136,0.006127696573221794
A-Injury,Angle,Clear,Daylight,Dry,Stop Sign/Flasher,Unincorporated,2004,0,1,525,-88.1918543530927,40.1892895477059,0.0030884447863836857,0.007659068561657105
A-Injury,Train,Clear,Darkness,Dry,Other RR Crossing,Unincorporated,2004,0,2,526,-88.3148350994475,40.1493702846717,0.0016899211691540953,0.006670946542091032
A-Injury,Angle,Clear,Dusk,Dry,Stop Sign/Flasher,Unincorporated,2004,0,1,527,-88.0476447773063,40.0909455365978,0.004728380333579491,0.005224758018771899
A-Injury,Turning,Clear,"Darkness, lighted road",Dry,No Controls,Champaign,2004,0,1,528,-88.2436445416085,40.1312173903362,0.002499492418415738,0.00622160772047008
A-Injury,Sideswipe Same Direction,Clear,"Darkness, lighted road",Wet,Lane Use Marking,Champaign,2004,0,1,529,-88.2579521407561,40.1341661647697,0.0023367879633944422,0.006294598771081014
A-Injury,Turning,Clear,Daylight,Unknown,Traffic Signal,Champaign,2004,0,2,530,-88.2579447238729,40.1380089461832,0.002336872307380301,0.0063897191877029785
A-Injury,Rear end,Clear,Daylight,Dry,No Controls,Unincorporated,2004,0,2,531,-88.239860933143,40.1750021591805,0.002542519200690102,0.0073054126539329415
A-Injury,Turning,Rain,Daylight,Wet,Stop Sign/Flasher,Champaign,2004,0,2,532,-88.26982793414,40.1568231268593,0.002201737737948611,0.006855426838423486
A-Injury,Fixed object,Clear,Darkness,Dry,Lane Use Marking,Pesotum,2004,0,3,533,-88.2804749563249,39.9062420123962,0.002080660964387751,0.0006527893629704007
A-Injury,Fixed object,Clear,Darkness,Dry,Lane Use Marking,Unincorporated,2004,0,1,534,-88.3031956418406,39.9457224093689,0.0018222838099534449,0.0016300481254007508
A-Injury,Overturned,Rain,Darkness,Wet,Lane Use Marking,Unincorporated,2004,0,1,535,-88.3036515328115,39.9903472114818,0.0018170994676187306,0.0027346464129181644
A-Injury,Head on,Snow,Daylight,Ice,No Controls,Unincorporated,2004,0,2,536,-88.3036882122012,40.0253925054461,0.0018166823536047594,0.0036021230148440336
A-Injury,Parked Motor Vehicle,Clear,Daylight,Dry,No Controls,Homer,2002,0,1,127,-87.9580587450024,40.0391712952429,0.005747142909547485,0.003943189571847563
A-Injury,Turning,Clear,Daylight,Dry,No Controls,Champaign,2016,0,1,3970,-88.2369974628181,40.1065488035308,0.0025750822725149423,0.005610985881256594
A-Injury,Pedestrian,Rain,"Darkness, lighted road",Wet,Lane Use Marking,Urbana,2016,0,1,3971,-88.219197578227,40.1037001942299,0.0027775006162188637,0.005540474219431915
A-Injury,Pedalcyclist,Clear,Daylight,Dry,Stop Sign/Flasher,Urbana,2016,0,1,3973,-88.2045875551512,40.1170911523189,0.002943644203124826,0.005871940773298123
A-Injury,Pedestrian,Clear,Daylight,Dry,No Controls,Urbana,2016,0,1,3974,-88.2152292959344,40.1164556028788,0.0028226274890873135,0.005856209010020192
A-Injury,Sideswipe Same Direction,Clear,Daylight,Dry,Lane Use Marking,Unincorporated,2016,0,1,3976,-88.2324984685273,40.1349600565062,0.0026262443442697393,0.0063142499832117265
A-Injury,Turning,Clear,Daylight,Dry,No Controls,Urbana,2016,0,4,3977,-88.2007934851219,40.1245804453462,0.002986789953160293,0.006057323337723619
A-Injury,Head on,Clear,Darkness,Dry,No Controls,Champaign,2016,0,2,3978,-88.2392687172259,40.1566580422339,0.002549253815425542,0.006851340496616257
A-Injury,Rear end,Clear,Daylight,Dry,No Controls,Urbana,2016,0,1,3979,-88.201756773096,40.122410318824,0.002975835547516436,0.006003606168646924
A-Injury,Pedestrian,Clear,Daylight,Dry,No Controls,Champaign,2016,0,1,3981,-88.2335499839697,40.1134899973561,0.00261428662549128,0.00578280133924682
A-Injury,Rear end,Clear,Daylight,Dry,Lane Use Marking,Urbana,2016,0,2,3982,-88.223542142433,40.1350794951475,0.0027280947065235167,0.006317206449400832
A-Injury,Rear end,Clear,"Darkness, lighted road",Dry,Traffic Signal,Urbana,2016,0,3,3985,-88.2236588486748,40.1164044860495,0.0027267675358868928,0.005854943714502014
A-Injury,Turning,Rain,Daylight,Wet,Stop Sign/Flasher,Urbana,2016,0,2,3987,-88.2088001176781,40.1066200360369,0.0028957394021089655,0.005612749100375334
A-Injury,Rear end,Clear,Daylight,Dry,Traffic Signal,Unincorporated,2016,0,1,3988,-88.2188337268596,40.0835200763142,0.002781638294233899,0.005040955507053391
A-Injury,Fixed object,Clear,Daylight,Dry,Lane Use Marking,Champaign,2016,0,2,3989,-88.234991000561,40.1348289986918,0.002597899542183628,0.006311005907484829
A-Injury,Rear end,Rain,Daylight,Wet,Stop Sign/Flasher,Urbana,2016,0,1,3991,-88.2260610121397,40.1042127682458,0.0026994503952963915,0.005553161970489205
A-Injury,Overturned,Clear,"Darkness, lighted road",Dry,No Controls,Champaign,2016,0,1,3993,-88.2364518150277,40.1272699769496,0.0025812873195988715,0.0061238973473029795
A-Injury,Rear end,Cloudy/Overcast,Daylight,Dry,No Controls,Unincorporated,2016,0,3,3995,-88.2392490087855,40.0833382100734,0.0025494779376573733,0.005036453769709255
A-Injury,Pedalcyclist,Clear,Daylight,Dry,No Controls,Champaign,2016,0,1,3996,-88.2351614446879,40.1041100533405,0.002595961270186061,0.005550619467147382
A-Injury,Angle,Clear,Daylight,Dry,Stop Sign/Flasher,Urbana,2016,0,2,3997,-88.190571065528,40.090689977765,0.0031030381924257756,0.005218432167771948
A-Injury,Angle,Clear,Daylight,Dry,Stop Sign/Flasher,Champaign,2016,0,1,4001,-88.2412099959683,40.1211198508478,0.002527177805567466,0.005971663198614134
A-Injury,Turning,Rain,Daylight,Wet,No Controls,Urbana,2016,0,1,4002,-88.2195529792588,40.132163060967,0.0027734590344974303,0.006245015917479017
A-Injury,Parked Motor Vehicle,Clear,"Darkness, lighted road",Dry,Other,Champaign,2016,0,2,4008,-88.2322644533074,40.1281358561563,0.0026289055397944487,0.006145330466188246
A-Injury,Fixed object,Clear,"Darkness, lighted road",Dry,Traffic Signal,Champaign,2016,0,3,4016,-88.2389816961072,40.1272285673897,0.0025525177882427166,0.006122872335946404
A-Injury,Turning,Rain,Daylight,Wet,Stop Sign/Flasher,Urbana,2016,0,1,4019,-88.1957700023629,40.1129699984157,0.003043916450497839,0.005769929798940132
A-Injury,Rear end,Clear,Daylight,Wet,No Controls,Urbana,2016,0,1,4020,-88.2192141582196,40.1043659480718,0.0027773120703536197,0.005556953632647261
A-Injury,Pedalcyclist,Clear,Daylight,Dry,Traffic Signal,Champaign,2002,0,1,129,-88.2860458398548,40.1129354097116,0.0020173094852633626,0.005769073624312943
A-Injury,Fixed object,Clear,Daylight,Dry,Lane Use Marking,Unincorporated,2016,0,2,4022,-88.2042630008843,40.1350249992636,0.0029473349988046434,0.006315857512101748
A-Injury,Turning,Clear,Daylight,Dry,Traffic Signal,Urbana,2016,0,2,4023,-88.2144299636557,40.1164625527823,0.0028317174084683105,0.005856381041068887
A-Injury,Fixed object,Clear,"Darkness, lighted road",Dry,No Controls,Champaign,2016,0,2,4024,-88.2287736981975,40.1183899752896,0.0026686020256904337,0.0059040905546147455
A-Injury,Rear end,Clear,Daylight,Dry,Traffic Signal,Urbana,2016,0,2,4026,-88.1994300022186,40.1273899981557,0.0030022953318352085,0.006126868233725944
A-Injury,Rear end,Clear,Daylight,Dry,No Controls,Urbana,2016,0,1,4027,-88.195416142267,40.1339739056571,0.003047940508864521,0.006289839778850588
A-Injury,Turning,Clear,Daylight,Dry,Traffic Signal,Urbana,2016,0,1,4028,-88.2075100021597,40.1164099975732,0.0029104104548950075,0.005855080141317505
A-Injury,Rear end,Clear,Daylight,Dry,No Controls,Urbana,2016,0,1,4029,-88.1994746814873,40.1273133954987,0.0030017872440708574,0.00612497208719462
A-Injury,Sideswipe Same Direction,Clear,Daylight,Dry,Lane Use Marking,Urbana,2016,0,1,4031,-88.2235393796058,40.1349366311506,0.002728126125092806,0.00631367013509016