crash_severity,collision_type,weather,light,road_surface,traffic_control,city,year,fatality,injury,id,x,y,norm_x,norm_y
A-Injury,Pedalcyclist,Clear,Daylight,Dry,Stop Sign/Flasher,Champaign,2005,0,2,2872,-88.2452015302198,40.1212000109569,0.0024817865139615874,0.005973647402802085
A-Injury,Pedalcyclist,Clear,Daylight,Dry,Traffic Signal,Champaign,2005,0,1,2877,-88.25795987083,40.1358411803525,0.0023367000578381858,0.006336060452852565
A-Injury,Pedalcyclist,Rain,"Darkness, lighted road",Wet,Traffic Signal,Urbana,2005,0,1,2885,-88.2192974816069,40.1090816899573,0.002776364525892702,0.0056736824508035084
A-Injury,Pedalcyclist,Clear,Daylight,Dry,No Controls,Urbana,2005,0,1,2907,-88.1957224019947,40.0983651834889,0.0030444577566867918,0.005408416631512844
A-Injury,Pedalcyclist,Clear,Daylight,Dry,No Controls,Champaign,2005,0,1,2910,-88.2895555339923,40.0838593334532,0.0019773976268136423,0.005049353143278548
A-Injury,Head on,Clear,Darkness,Dry,Lane Use Marking,Mahomet,2004,0,2,546,-88.3938817076562,40.1966022283562,0.0007910117730213386,0.007840079437695243
A-Injury,Pedalcyclist,Clear,Daylight,Dry,Traffic Signal,Champaign,2006,0,1,2925,-88.2385192511974,40.0980520458977,0.0025577766612548984,0.005400665532782574
A-Injury,Pedalcyclist,Clear,Daylight,Dry,No Controls,Champaign,2006,0,1,2926,-88.2354082155845,40.1160718717565,0.002593155018499007,0.005846710508727454
A-Injury,Pedalcyclist,Clear,Dusk,Dry,No Controls,Champaign,2006,0,1,2928,-88.2321202573035,40.1221311113007,0.002630545321003492,0.0059966949413138
A-Injury,Pedalcyclist,Clear,Daylight,Dry,Traffic Signal,Champaign,2006,0,1,2930,-88.2468799987227,40.0835899709075,0.002462699153446532,0.005042685608799623
A-Injury,Pedalcyclist,Clear,Daylight,Dry,No Controls,Champaign,2006,0,2,2949,-88.2769244718102,40.1219788830574,0.0021210366865522315,0.005992926833694246
A-Injury,Pedalcyclist,Clear,Daylight,Dry,Stop Sign/Flasher,Champaign,2006,0,1,2953,-88.286009854965,40.1093112266959,0.002017718701500282,0.005679364176578778
A-Injury,Pedalcyclist,Clear,"Darkness, lighted road",Dry,Stop Sign/Flasher,Champaign,2006,0,1,2959,-88.2337976232451,40.1272304318773,0.0026114704986952854,0.006122918487631418
A-Injury,Pedalcyclist,Clear,Daylight,Dry,No Controls,Champaign,2006,0,1,2960,-88.2420113332353,40.1272133866851,0.0025180650856786026,0.006122496567774635
A-Injury,Angle,Clear,Daylight,Dry,Lane Use Marking,Unincorporated,2004,0,5,547,-88.332827574519,40.1765904125907,0.0014853127075392816,0.007344726710555746
A-Injury,Fixed object,Clear,"Darkness, lighted road",Dry,Lane Use Marking,Champaign,2004,0,1,548,-88.283388797948,40.1457635755584,0.002047525075660651,0.006581669626082656
A-Injury,Sideswipe Same Direction,Clear,Daylight,Dry,Lane Use Marking,Urbana,2004,0,1,549,-88.2283996459945,40.1349336827576,0.002672855706493956,0.0063135971534810905
A-Injury,Pedalcyclist,Clear,Daylight,Dry,No Controls,Champaign,2006,0,1,2973,-88.2352592343825,40.1102728847203,0.0025948492164584403,0.005703168109742307
A-Injury,Pedalcyclist,Clear,Daylight,Dry,No Controls,Champaign,2006,0,1,2976,-88.2322316285441,40.1102982396598,0.0026292788194179567,0.005703795720878284
A-Injury,Pedalcyclist,Other,Daylight,Dry,No Controls,Champaign,2006,0,2,2977,-88.2306496483993,40.1091355036389,0.0026472689248619127,0.005675014501540531
A-Injury,Pedalcyclist,Clear,Daylight,Wet,Unknown,Champaign,2007,0,1,2989,-88.2708296515318,40.1183930960718,0.002190346317163261,0.005904167803375669
A-Injury,Pedalcyclist,Clear,Daylight,Dry,Unknown,Champaign,2007,0,1,3010,-88.2577713355649,40.1054334270971,0.00233884406028371,0.0055833769543758
A-Injury,Pedalcyclist,Clear,Daylight,Dry,Unknown,Champaign,2007,0,1,3011,-88.2580042653602,40.1465021316114,0.0023361952080890157,0.006599951113344307
A-Injury,Pedalcyclist,Clear,Daylight,Dry,Unknown,Champaign,2007,0,1,3013,-88.2451420548944,40.1102095693657,0.0024824628608669415,0.005701600863974138
A-Injury,Rear end,Clear,Daylight,Dry,Traffic Signal,Urbana,2004,0,1,550,-88.2195651366074,40.1350365864752,0.002773320782456736,0.00631614433049617
A-Injury,Fixed object,Clear,Daylight,Dry,Lane Use Marking,Urbana,2004,0,2,551,-88.2185036466549,40.1350448043447,0.0027853919302748458,0.006316347747523169
A-Injury,Pedalcyclist,Clear,Daylight,Dry,Stop Sign/Flasher,Champaign,2008,0,1,3033,-88.2578104589552,40.1153308230046,0.002338399153361654,0.005828367319658501
A-Injury,Pedalcyclist,Clear,Daylight,Dry,No Controls,Champaign,2008,0,1,3038,-88.2435300201306,40.1199310733712,0.002500794744155877,0.00594223737479605
A-Injury,Pedalcyclist,Clear,Daylight,Dry,Stop Sign/Flasher,Urbana,2008,0,1,3043,-88.2095897689724,40.0983004677986,0.002886759573825235,0.0054068147232175425
A-Injury,Pedalcyclist,Clear,Daylight,Dry,No Controls,Urbana,2008,0,1,3045,-88.2191916577329,40.1027691675909,0.0027775679434310935,0.0055174285053361406
A-Injury,Pedalcyclist,Clear,Daylight,Dry,No Controls,Sidney,2008,0,1,3050,-88.0732927053317,40.0212770604425,0.004436714896999444,0.0035002533529495906
A-Injury,Pedalcyclist,Clear,Daylight,Dry,Lane Use Marking,Unincorporated,2008,0,1,3052,-87.9588764649125,40.123531906119,0.0057378438880302625,0.006031368833055376
A-Injury,Pedalcyclist,Unknown,"Darkness, lighted road",Unknown,Unknown,Champaign,2008,0,1,3055,-88.243718748385,40.1379710246987,0.002498648547057219,0.006388780516720618
A-Injury,Pedalcyclist,Clear,Daylight,Dry,No Controls,Champaign,2008,0,1,3057,-88.2465231903326,40.0861055426087,0.002466756739492993,0.005104953586733635
A-Injury,Pedalcyclist,Clear,Daylight,Dry,No Controls,Champaign,2008,0,1,3063,-88.2687327615422,40.1102509224503,0.0022141919211306482,0.00570262447739688
A-Injury,Overturned,Clear,Darkness,Dry,No Controls,Unincorporated,1999,0,3,428,-88.3032752822048,39.9532566243439,0.001821378148429119,0.0018165426433623334
A-Injury,Pedalcyclist,Clear,Daylight,Dry,Stop Sign/Flasher,Champaign,2008,0,1,3082,-88.2387090408223,40.1102298946413,0.0025556183943668542,0.005702103975776487
A-Injury,Pedalcyclist,Clear,"Darkness, lighted road",Ice,No Controls,Champaign,2008,0,2,3094,-88.2579443945964,40.1239905992661,0.0023368760518767337,0.006042722870290174
A-Injury,Pedalcyclist,Clear,Daylight,Dry,No Controls,Champaign,2008,0,1,3095,-88.2451556029241,40.102278905116,0.0024823087941527396,0.005505293032133678
A-Injury,Pedalcyclist,Clear,Daylight,Dry,Stop Sign/Flasher,Champaign,2009,0,1,3099,-88.2539690304555,40.1101398853912,0.0023820834587507745,0.00569987597567755
A-Injury,Head on,Clear,Daylight,Dry,Other,Unincorporated,2005,0,2,566,-88.2243506801254,40.3116337826358,0.0027189001041833297,0.010687456946423445
A-Injury,Pedalcyclist,Clear,Daylight,Wet,Stop Sign/Flasher,Urbana,2009,0,1,3116,-88.2192505162804,40.106470328467,0.002776898610456782,0.00560904338701608
A-Injury,Pedalcyclist,Rain,Daylight,Wet,Traffic Signal,Champaign,2009,0,1,3118,-88.2689082271456,40.0982200985688,0.002212196545450738,0.00540482534266229
A-Injury,Pedalcyclist,Clear,Daylight,Dry,No Controls,Champaign,2009,0,1,3120,-88.2384601964276,40.1272310959015,0.002558448225647966,0.006122934924230765
A-Injury,Rear end,Clear,Daylight,Dry,Lane Use Marking,Unincorporated,2004,0,2,552,-88.2056269549977,40.1351197211784,0.0029318242615799274,0.006318202164849171
A-Injury,Pedalcyclist,Clear,Daylight,Dry,Stop Sign/Flasher,Urbana,2009,0,1,3125,-88.2073099058583,40.1092498606577,0.00291268592818266,0.0056778451822639305
A-Injury,Pedalcyclist,Clear,Daylight,Dry,No Controls,Urbana,2009,0,1,3134,-88.2036431502207,40.1188225854273,0.002954383872859242,0.0059147989587900185
A-Injury,Pedalcyclist,Clear,Daylight,Dry,Lane Use Marking,Unincorporated,2009,0,1,3145,-88.1703056683161,40.1124224849797,0.00333349407640304,0.005756377191978091
A-Injury,Pedalcyclist,Clear,Daylight,Wet,No Controls,Champaign,2009,0,1,3146,-88.2387113515052,40.1103655802046,0.002555592117533236,0.005705462602230078
A-Injury,Pedalcyclist,Clear,Daylight,Dry,No Controls,Champaign,2009,0,1,3150,-88.2290687235089,40.1163957470726,0.002665247030067898,0.005854727398497106
A-Injury,Pedalcyclist,Clear,Daylight,Dry,No Controls,Urbana,2009,0,1,3153,-88.2214698894352,40.1059893569774,0.0027516601413107235,0.005597137893689605
A-Injury,Pedalcyclist,Clear,Daylight,Dry,Traffic Signal,Champaign,2009,0,1,3159,-88.2335627605609,40.1163558711113,0.0026141413314913803,0.00585374034832593
A-Injury,Pedalcyclist,Rain,Daylight,Wet,Stop Sign/Flasher,Champaign,2009,0,1,3160,-88.2353925012987,40.1126505144021,0.0025933337196409564,0.005762021607136369
A-Injury,Pedalcyclist,Rain,Daylight,Wet,Stop Sign/Flasher,Urbana,2009,0,1,3161,-88.2048612957363,40.0946794861427,0.0029405312550855184,0.005317184518782814
A-Injury,Pedalcyclist,Clear,Daylight,Dry,Other Warning Sign,Urbana,2015,0,1,3173,-88.2238781868021,40.1078989868156,0.0027242732466564844,0.005644406985073496
A-Injury,Turning,Clear,Daylight,Dry,No Controls,Urbana,2000,0,2,268,-88.2004532741929,40.1253133664189,0.0029906587946917015,0.0060754653422471485
A-Injury,Overturned,Clear,Darkness,Dry,Other,Urbana,2004,0,1,553,-88.2047652640773,40.1350821313909,0.0029416233166243482,0.006317271704366877
A-Injury,Pedalcyclist,Clear,Daylight,Dry,Stop Sign/Flasher,Urbana,2015,0,1,3177,-88.2159898117218,40.1055501082369,0.0028139789866064957,0.005586265164095665
A-Injury,Pedalcyclist,Rain,Daylight,Dry,No Controls,Urbana,2015,0,2,3181,-88.2255807766883,40.1105586460607,0.002704911580404701,0.005710241563792509
A-Injury,Pedalcyclist,Clear,Daylight,Dry,No Controls,Champaign,2015,0,1,3183,-88.2296420935003,40.1273273049038,0.0026587267291415186,0.006125316386873814
A-Injury,Pedalcyclist,Clear,Daylight,Dry,Stop Sign/Flasher,Champaign,2015,0,1,3188,-88.2575500004971,40.0896899994802,0.0023413610585033755,0.005193679692721121
A-Injury,Pedalcyclist,Clear,"Darkness, lighted road",Dry,No Controls,Champaign,2015,0,1,3199,-88.2499931481112,40.1126099997837,0.0024272967585772104,0.005761018748278003
A-Injury,Pedalcyclist,Clear,Daylight,Dry,No Controls,Unincorporated,2015,0,1,3208,-88.1364879739463,40.3274306821372,0.003718065203658757,0.011078477798307127
A-Injury,Parked Motor Vehicle,Cloudy/Overcast,Daylight,Wet,Lane Use Marking,Unincorporated,2017,0,2,4215,-88.1547400008431,40.3547769993214,0.0035105051470313213,0.011755381531239267
A-Injury,Overturned,Sleet/Hail,Daylight,Ice,Lane Use Marking,Unincorporated,2017,0,2,4217,-88.3037278308057,40.0440631089145,0.0018162318151609587,0.004064276697137914
A-Injury,Turning,Clear,Darkness,Dry,Traffic Signal,Champaign,2017,0,4,4221,-88.2438100020065,40.1027699973246,0.0024976108208391245,0.005517449043744855
A-Injury,Fixed object,Clear,Darkness,Dry,Lane Use Marking,Unincorporated,2017,0,1,4222,-88.3035310014043,39.9904449995333,0.0018184701376186357,0.0027370669617860117
A-Injury,Rear end,Clear,"Darkness, lighted road",Dry,Lane Use Marking,Champaign,2017,0,2,4223,-88.2797698541232,40.1128602288735,0.002088679309623536,0.005767212672082565
A-Injury,Pedestrian,Clear,Daylight,Dry,Traffic Signal,Urbana,2017,0,1,4224,-88.2144299805763,40.116461428262,0.0028317172160491552,0.005856353205803703
A-Injury,Overturned,Snow,Darkness,Snow or Slush,No Controls,St. Joseph,2017,0,1,4225,-88.0333000006917,40.1132999987383,0.004891507566695564,0.005778098301072659
A-Injury,Head on,Clear,Daylight,Dry,Lane Use Marking,Unincorporated,2017,0,1,4226,-88.3342750003774,40.1695759994718,0.001468852738746091,0.007171098854470938
A-Injury,Overturned,Clear,Darkness,Dry,No Controls,Unincorporated,2017,0,1,4227,-87.9577198766149,39.9887690043726,0.005750996483843467,0.0026955810325102678
A-Injury,Rear end,Clear,Daylight,Dry,No Controls,Urbana,2017,0,1,4228,-88.2043935684856,40.1174467960407,0.0029458501983014754,0.0058807440268134415
A-Injury,Overturned,Clear,Daylight,Dry,Lane Use Marking,Urbana,2004,0,2,554,-88.1990210087217,40.1344895225517,0.0030069463612171898,0.00630260285032265
A-Injury,Fixed object,Clear,Daylight,Dry,Lane Use Marking,Unincorporated,2004,0,1,555,-88.1092985815934,40.1206411501082,0.00402726000423314,0.005959813913190827
A-Injury,Fixed object,Severe cross wind,Darkness,Dry,Unkown,Unincorporated,2002,0,3,137,-88.16371056183,40.3431806810782,0.003408492907133404,0.011468337720030013
A-Injury,Parked Motor Vehicle,Clear,Darkness,Unknown,No Controls,Savoy,2015,0,1,2542,-88.2535614609265,40.0514405522925,0.0023867182949251216,0.004246890645788612
A-Injury,Fixed object,Clear,Darkness,Dry,Unkown,Mahomet,2016,0,1,4102,-88.3789676309141,40.1915067562153,0.0009606130250159153,0.007713951151754781
A-Injury,Rear end,Clear,Darkness,Dry,Lane Use Marking,Unincorporated,2017,0,2,4229,-88.1373700006327,40.3611099990228,0.0037080348925042353,0.011912142352437215
A-Injury,Head on,Snow,Daylight,Snow or Slush,No Controls,Tolono,2017,0,3,4232,-88.2663000010807,40.0246999991579,0.0022418570074251936,0.0035849813979893248
A-Injury,Angle,Clear,Daylight,Dry,Stop Sign/Flasher,Champaign,2017,0,1,4234,-88.2591600018975,40.1326899980798,0.002323052298400982,0.006258059198454254
A-Injury,Angle,Clear,Daylight,Dry,Stop Sign/Flasher,Champaign,2017,0,1,4235,-88.2577500024471,40.1090299982779,0.0023390866581696162,0.005672402926013625
A-Injury,Turning,Clear,Daylight,Dry,Lane Use Marking,Unincorporated,2017,0,3,4238,-88.4265978733781,40.1105882601382,0.0004189671092553587,0.0057109746014249825
A-Injury,Head on,Rain,"Darkness, lighted road",Wet,No Controls,Champaign,2017,0,2,4240,-88.2591000005158,40.1271999995199,0.002323734627561098,0.006122165195106277
A-Injury,Rear end,Clear,Daylight,Wet,No Controls,Champaign,2017,0,1,4241,-88.2774000012049,40.1933999990285,0.0021156290182067806,0.007760814614903101
A-Injury,Angle,Fog/Smoke/Haze,Daylight,Wet,Stop Sign/Flasher,Unincorporated,2017,0,3,4242,-88.1167199969009,40.2391790605105,0.003942864479824222,0.008893984299089908
A-Injury,Angle,Clear,Daylight,Dry,No Controls,Champaign,2017,0,1,4243,-88.2754369567435,40.1128347974391,0.0021379525454441766,0.005766583167467207
A-Injury,Other Object,Clear,Daylight,Dry,Stop Sign/Flasher,Unincorporated,2017,0,3,4246,-88.2902000008158,40.35499999862,0.0019700688204768516,0.011760901435680034
A-Injury,Turning,Clear,Daylight,Ice,Stop Sign/Flasher,Unincorporated,2017,0,2,4247,-88.4230545325764,40.3108816795998,0.00045926159389583706,0.010668840130521383
A-Injury,Rear end,Clear,Daylight,Dry,No Controls,Urbana,2017,0,1,4248,-88.1905000012864,40.0876999990885,0.00310384632722067,0.005144421188016277
A-Injury,Pedestrian,Clear,Daylight,Dry,Traffic Signal,Champaign,2017,0,1,4249,-88.2289300019827,40.1163999978894,0.0026668245561145124,0.005854832619018796
A-Injury,Turning,Clear,"Darkness, lighted road",Dry,Stop Sign/Flasher,Champaign,2017,0,4,4250,-88.2766000014897,40.1065999993232,0.0021247265276027145,0.0056122531313493144
A-Injury,Angle,Clear,Daylight,Dry,Stop Sign/Flasher,Unincorporated,2017,0,2,4251,-88.2091900315803,40.0691199975197,0.0028913053437942195,0.004684510175681837
A-Injury,Other Object,Clear,Daylight,Dry,Stop Sign/Flasher,Tolono,2017,0,3,4253,-88.2379000010851,40.0103999988507,0.002564818705905826,0.003231013310671631
A-Injury,Angle,Clear,Daylight,Dry,No Controls,Unincorporated,2017,0,3,4255,-88.0209050120218,40.2396003267284,0.005032462024234237,0.008904411907075764
A-Injury,Turning,Clear,Daylight,Dry,No Controls,Champaign,2017,0,1,4256,-88.2747000011149,40.1162999992762,0.002146333124372271,0.005852357352089499
A-Injury,Fixed object,Rain,"Darkness, lighted road",Wet,No Controls,Champaign,2017,0,2,4257,-88.2783000011695,40.0687999993485,0.00210539431689532,0.004676589256928583
A-Injury,Head on,Clear,Daylight,Dry,Traffic Signal,Champaign,2017,0,3,4258,-88.2769000010503,40.1274999991577,0.0021213149653615676,0.006129591089910865
A-Injury,Overturned,Severe cross wind,Daylight,Dry,No Controls,Tolono,2017,0,1,4259,-88.2838000008069,39.9668999989661,0.002042848921655343,0.0021542572668470697
A-Injury,Rear end,Clear,Daylight,Dry,No Controls,Urbana,2017,0,1,4260,-88.1906600016433,40.1420099980606,0.003102026820635114,0.006488757275107059
A-Injury,Angle,Cloudy/Overcast,Daylight,Dry,Stop Sign/Flasher,Urbana,2017,0,4,4262,-88.2256900014772,40.1163999974286,0.002703669488033399,0.005854832607612579
A-Injury,Fixed object,Clear,Darkness,Dry,Stop Sign/Flasher,Unincorporated,2017,0,1,4266,-88.1373000006825,40.3590999991705,0.0037088309242934367,0.011862388800832853
A-Injury,Angle,Clear,Daylight,Dry,Traffic Signal,Urbana,2017,0,2,4267,-88.2090200022449,40.1165099978658,0.0028932388988281385,0.005857555449816918
A-Injury,Rear end,Rain,Daylight,Wet,No Controls,Urbana,2017,0,2,4268,-88.2277000009954,40.1274999991495,0.002680811993017847,0.0061295910897078984
A-Injury,Angle,Clear,Daylight,Dry,Stop Sign/Flasher,Unincorporated,2017,0,2,4271,-88.2329300007954,40.3115899993534,0.002621337006442999,0.010686373178283944
A-Injury,Fixed object,Clear,Daylight,Dry,No Controls,Rantoul,2017,0,1,4272,-88.1582290005961,40.3081889991685,0.003470828622862365,0.010602188177965426
A-Injury,Sideswipe Same Direction,Clear,Daylight,Dry,Other Regualtory Sig,Unincorporated,2004,0,3,556,-88.1064875376479,40.1206652719281,0.004059226888996618,0.005960411000901909
A-Injury,Overturned,Severe cross wind,Daylight,Dry,No Controls,Champaign,2017,0,1,4273,-88.3594000010832,40.1274999990116,0.0011831339745373146,0.006129591086294406
A-Injury,Overturned,Clear,Daylight,Dry,Lane Use Marking,Unincorporated,2017,0,1,4275,-88.1759880013065,40.2697499989853,0.0032688752061849767,0.009650707123353103
A-Injury,Rear end,Clear,Daylight,Dry,Lane Use Marking,Unincorporated,2017,0,2,4276,-88.1612410013214,39.9610409991438,0.0034365764795447427,0.0020092293706133724
A-Injury,Rear end,Clear,Daylight,Dry,Lane Use Marking,Unincorporated,2017,0,1,4277,-88.1588330005604,40.3495919987948,0.0034639600012290298,0.011627037148042422
A-Injury,Turning,Clear,Daylight,Dry,Stop Sign/Flasher,Unincorporated,2017,0,3,4278,-88.3848400004246,40.3254099990214,0.0008938330802444216,0.011028459803747163
A-Injury,Rear end,Clear,Daylight,Dry,Other Warning Sign,Champaign,2017,0,1,4279,-88.2698600004037,40.1371599994992,0.0022013730838996706,0.006368705199764847
A-Injury,Angle,Clear,Daylight,Dry,Stop Sign/Flasher,Urbana,2017,0,2,4280,-88.1629000012376,40.1493999991251,0.0034177105136715415,0.006671682064329587
A-Injury,Turning,Clear,Daylight,Dry,Traffic Signal,Urbana,2017,0,1,4283,-88.1994314804257,40.1273899980592,0.0030022785218255395,0.0061268682313373075
A-Injury,Rear end,Clear,Daylight,Dry,No Controls,Urbana,2017,0,1,4285,-88.1627000007434,40.1104999989548,0.0034199848974502344,0.005708789871243068
A-Injury,Turning,Clear,Daylight,Dry,No Controls,Urbana,2017,0,1,4286,-88.198800001084,40.127499999432,0.0030094596359376683,0.006129591096700565
A-Injury,Pedalcyclist,Clear,Daylight,Dry,Lane Use Marking,Unincorporated,2017,0,1,4288,-87.9585560012384,40.0842939992593,0.005741488165935362,0.005060112431439647
A-Injury,Turning,Clear,Daylight,Dry,Traffic Signal,Champaign,2017,0,2,4289,-88.2578000011747,40.1162999992739,0.0023385180780994934,0.005852357352032513
A-Injury,Fixed object,Cloudy/Overcast,Daylight,Dry,No Controls,Savoy,2017,0,1,4290,-88.251600001287,40.0514999994851,0.0024090237997410812,0.004248362142894258
A-Injury,Head on,Clear,Daylight,Dry,Lane Use Marking,Unincorporated,2017,0,5,4291,-88.1616190012989,40.0356329993982,0.0034322779050807075,0.003855606090336628
A-Injury,Fixed object,Clear,Daylight,Dry,No Controls,Unincorporated,2017,0,1,4293,-88.3806000006737,40.1282999987448,0.0009420498943755084,0.006149393489744293
A-Injury,Sideswipe Opposite Direction,Clear,Daylight,Dry,No Controls,Rantoul,2017,0,1,4294,-88.1275280856221,40.3121800079479,0.0038199560752020132,0.010700977668438466
A-Injury,Fixed object,Clear,Daylight,Dry,No Controls,Urbana,2017,0,1,4295,-88.1901000013351,40.0545999991929,0.003108395082984175,0.0043250964746203
A-Injury,Head on,Clear,Daylight,Dry,No Controls,Unincorporated,2017,0,1,4297,-88.0665000006531,40.0103999989023,0.0045139607927958784,0.003231013311948877
A-Injury,Turning,Clear,Daylight,Dry,No Controls,Unincorporated,2017,0,1,4299,-88.2698400180198,40.2237510384162,0.002201600321387056,0.00851209427429977
A-Injury,Rear end,Clear,Darkness,Dry,No Controls,Champaign,2017,0,2,4300,-88.2994000008749,40.0985999990457,0.0018654474245061526,0.0054142290239413676
A-Injury,Fixed object,Clear,Daylight,Dry,No Controls,Unincorporated,2017,0,2,4301,-88.1450000009711,40.122699999044,0.00362126736190291,0.006010776626773102
A-Injury,Angle,Clear,Daylight,Dry,Stop Sign/Flasher,Urbana,2017,0,1,4302,-88.227200000954,40.1221999994161,0.0026864979388852945,0.005998400129699876
A-Injury,Pedestrian,Clear,Daylight,Dry,No Controls,Champaign,2017,0,1,4304,-88.2641000014112,40.1280999995,0.002266875163412119,0.006144442905924312
A-Injury,Pedestrian,Clear,"Darkness, lighted road",Dry,Traffic Signal,Champaign,2017,0,2,4305,-88.286060001989,40.1129099976613,0.0020171484350197636,0.00576844459951236
A-Injury,Rear end,Rain,Daylight,Wet,Lane Use Marking,Unincorporated,2017,0,1,4308,-88.1605300009251,39.8944999994672,0.0034446618984054103,0.00036213916937257725
A-Injury,Turning,Rain,"Darkness, lighted road",Wet,Stop Sign/Flasher,Champaign,2017,0,4,4309,-88.2579500017882,40.1258599980425,0.0023368122875038182,0.006088996121695836
A-Injury,Sideswipe Same Direction,Clear,Darkness,Dry,Lane Use Marking,Unincorporated,2017,0,2,4310,-88.1453210010961,40.1205089987938,0.0036176169835367834,0.0059565427700447775
A-Injury,Rear end,Clear,Daylight,Dry,Lane Use Marking,Unincorporated,2017,0,1,4311,-87.963322001469,40.1199589993278,0.005687289731792102,0.0059429286263507596
A-Injury,Angle,Clear,Daylight,Dry,Traffic Signal,Champaign,2017,0,1,4312,-88.2438000006458,40.1026999992685,0.0024977245552207047,0.005515716380982566
A-Injury,Turning,Clear,"Darkness, lighted road",Dry,Traffic Signal,Urbana,2017,0,2,4313,-88.1978064254753,40.1302732568083,0.003020758469254599,0.006198237571388811
A-Injury,Angle,Clear,Daylight,Dry,Traffic Signal,Champaign,2017,0,8,4314,-88.2437000015213,40.1378999988415,0.0024988617343439587,0.006387022412784669
A-Injury,Overturned,Clear,Darkness,Dry,Lane Use Marking,Unincorporated,2017,0,2,4316,-88.3025300004091,40.0809999994905,0.0018298534116199363,0.004978576013765586
A-Injury,Turning,Clear,"Darkness, lighted road",Dry,No Controls,Urbana,2017,0,1,4318,-88.2194000010688,40.1299999993202,0.0027751986857677312,0.006191473625351649
A-Injury,Fixed object,Clear,"Darkness, lighted road",Dry,Lane Use Marking,Champaign,2017,0,1,4320,-88.2409340015073,40.1347959993227,0.0025303163844375936,0.006310189073686683
A-Injury,Rear end,Clear,Daylight,Dry,Traffic Signal,Champaign,2017,0,1,4321,-88.2469000010192,40.1124999988605,0.002462471689515179,0.005758295894043598
A-Injury,Turning,Clear,"Darkness, lighted road",Dry,No Controls,Champaign,2017,0,1,4323,-88.2834000006854,40.1091999988309,0.0020473976793543825,0.00567661095183863
A-Injury,Rear end,Clear,Darkness,Dry,Lane Use Marking,Unincorporated,2004,0,1,557,-88.0026967243461,40.1200480276938,0.005239524683215957,0.005945132346613173
A-Injury,Angle,Clear,Daylight,Dry,Traffic Signal,Rantoul,2005,0,1,558,-88.1478055669284,40.3082350946173,0.0035893627722229688,0.010603329179188919
A-Injury,Fixed object,Clear,Darkness,Dry,Lane Use Marking,Unincorporated,2017,0,5,4325,-88.054852000768,40.1203649986545,0.004646420575449988,0.005952978332786963
A-Injury,Turning,Clear,Daylight,Dry,Traffic Signal,Savoy,2017,0,3,4326,-88.251800000753,40.0517999987307,0.002406749427655105,0.004255788027990758
A-Injury,Rear end,Clear,Daylight,Dry,Lane Use Marking,Mahomet,2017,0,3,4327,-88.3641491245681,40.1870343609248,0.0011291274609029863,0.0076032458949227754
A-Injury,Turning,Clear,Daylight,Dry,Traffic Signal,Urbana,2017,0,2,4329,-88.2050000015343,40.1162999994811,0.0029389539078981666,0.0058523573571613715
A-Injury,Angle,Clear,Daylight,Dry,No Controls,Rantoul,2017,0,3,4331,-88.2520000004898,40.3259999993287,0.002404475052489436,0.01104306408876847
A-Injury,Rear end,Rain,Daylight,Wet,Lane Use Marking,Unincorporated,2017,0,3,4333,-87.9493130012578,40.1199409993678,0.005846598552317531,0.005942483073114649
A-Injury,Pedalcyclist,Clear,Daylight,Dry,Stop Sign/Flasher,Champaign,2017,0,1,4334,-88.3080400013899,40.0840704421074,0.0017671942821952135,0.005054578718449012
A-Injury,Turning,Clear,Daylight,Dry,Traffic Signal,Urbana,2017,0,1,4335,-88.2194000008491,40.1199999989199,0.0027751986882661333,0.005943943489769313
A-Injury,Overturned,Clear,Darkness,Dry,Lane Use Marking,Unincorporated,2017,0,1,4336,-88.4536490011309,40.1204619989534,0.00011134463861401568,0.0059553793824046915
A-Injury,Other non collision,Clear,Daylight,Dry,No Controls,Unincorporated,2017,0,2,4337,-87.9608000006782,40.2107999990369,0.005715969649365672,0.008191517033783444
A-Injury,Angle,Clear,Dawn,Dry,Stop Sign/Flasher,Champaign,2017,0,1,4339,-88.294900000873,40.0547999995807,0.00191662093309773,0.004330047086732983
A-Injury,Rear end,Clear,Daylight,Dry,No Controls,Champaign,2017,0,1,4340,-88.2614000004641,40.0980999994378,0.0022975792793242873,0.0054018525273632455
A-Injury,Angle,Clear,Daylight,Dry,Stop Sign/Flasher,Champaign,2017,0,1,4341,-88.2516700069038,40.1090106022992,0.0024082277035120084,0.0056719228171091835
A-Injury,Turning,Clear,Daylight,Dry,Traffic Signal,Urbana,2017,0,2,4344,-88.197700001397,40.130199998916,0.0030219687122509313,0.0061964242178599626
A-Injury,Rear end,Clear,Daylight,Dry,No Controls,Urbana,2017,0,1,4347,-88.1758000012558,40.1129999990458,0.003271013122230663,0.0057706724049139645
A-Injury,Pedestrian,Clear,Daylight,Dry,Lane Use Marking,Champaign,2017,0,3,4348,-88.2763000013301,40.0877999988161,0.002128138096655644,0.005146896482530357
A-Injury,Fixed object,Rain,Daylight,Wet,Lane Use Marking,Unincorporated,2017,0,1,4349,-88.1966550009361,40.2394719990325,0.00303385234337117,0.008901235410006479
A-Injury,Other non collision,Clear,Daylight,Dry,Lane Use Marking,Urbana,2017,0,1,4350,-88.1940570005737,40.1335199992634,0.0030633965197735527,0.006278604228182877