crash_severity,collision_type,weather,light,road_surface,traffic_control,city,year,fatality,injury,id,x,y,norm_x,norm_y
A-Injury,Angle,Clear,Daylight,Dry,Traffic Signal,Urbana,2017,0,2,4351,-88.2050000015343,40.1162999994811,0.0029389539078981666,0.0058523573571613715
A-Injury,Head on,Clear,Daylight,Dry,Lane Use Marking,Unincorporated,2017,0,4,4353,-88.3122249546222,40.1589143213951,0.0017196034510623228,0.006907190203049
A-Injury,Sideswipe Same Direction,Clear,Daylight,Dry,Traffic Signal,Urbana,2017,0,1,4354,-88.1908000006638,40.1418999989082,0.0031004347670627636,0.006486034464705299
A-Injury,Angle,Clear,Daylight,Dry,Stop Sign/Flasher,Urbana,2017,0,3,4355,-88.1955000012782,40.1076999991793,0.003046986873347138,0.00563948144161152
A-Injury,Rear end,Clear,Daylight,Dry,No Controls,Urbana,2017,0,1,4360,-88.197700001397,40.130199998916,0.0030219687122509313,0.0061964242178599626
A-Injury,Rear end,Cloudy/Overcast,Daylight,Wet,No Controls,Urbana,2017,0,1,4362,-88.1994000005041,40.1274999990039,0.003002636508056189,0.006129591086103926
A-Injury,Rear end,Clear,Daylight,Dry,No Controls,Champaign,2017,0,1,4363,-88.2575299478117,40.0864533929505,0.0023415890954518593,0.005113563930615871
A-Injury,Rear end,Clear,"Darkness, lighted road",Dry,Stop Sign/Flasher,Champaign,2017,0,1,4364,-88.2764000014397,40.0895999991173,0.0021270009063299807,0.00519145191260712
A-Injury,Angle,Clear,"Darkness, lighted road",Dry,Traffic Signal,Champaign,2017,0,1,4367,-88.2770000011894,40.118399999335,0.002120177774700252,0.005904338679936375
A-Injury,Angle,Rain,Daylight,Wet,Stop Sign/Flasher,Unincorporated,2017,0,2,4368,-88.0096000009126,40.1861999988771,0.005161021375985491,0.007582592920670367
A-Injury,Angle,Clear,Daylight,Dry,No Controls,Ludlow,2017,0,2,4369,-88.1750000007814,40.3704999987354,0.0032801106402601445,0.01214457313333079
A-Injury,Fixed object,Clear,Dusk,Dry,No Controls,Broadlands,2017,0,3,4370,-87.9949000010716,39.9059999993316,0.005328188168839359,0.0006467988105408834
A-Injury,Rear end,Clear,Darkness,Dry,Lane Use Marking,Unincorporated,2017,0,1,4371,-88.3036670010617,39.9756809995108,0.0018169235643667246,0.0023716134836842206
A-Injury,Head on,Clear,"Darkness, lighted road",Dry,No Controls,Champaign,2017,0,2,4372,-88.2680000009154,40.1162999989302,0.0022225247949561504,0.005852357343524986
A-Injury,Angle,Clear,Daylight,Dry,Stop Sign/Flasher,Champaign,2017,0,1,4373,-88.2468000003876,40.1152999995484,0.0024636088857770523,0.005827604346259816
A-Injury,Turning,Clear,Dusk,Dry,No Controls,Rantoul,2017,0,1,4374,-88.1722700006987,40.3083389990812,0.003311155903066317,0.01060590112768961
A-Injury,Fixed object,Clear,Daylight,Dry,Traffic Signal,Urbana,2017,0,1,4376,-88.1905000011409,40.0859999990966,0.003103846328875175,0.005102341066852246
A-Injury,Sideswipe Same Direction,Clear,Darkness,Dry,Lane Use Marking,Rantoul,2017,0,1,4378,-88.1841810010896,40.3101749991475,0.0031757053073816965,0.010651347660404393
A-Injury,Overturned,Clear,Daylight,Dry,No Controls,Unincorporated,2017,0,1,4379,-88.0474000005667,40.1422999990399,0.004731163907931042,0.006495935672992178
A-Injury,Head on,Clear,Daylight,Other,Other Regualtory Sig,Rantoul,2017,0,3,4380,-88.16141100049,40.3024719987248,0.003434643267564406,0.010460675194134742
A-Injury,Rear end,Fog/Smoke/Haze,Darkness,Wet,No Controls,Unincorporated,2017,0,1,4381,-88.0786000007129,40.3853999993789,0.0043763609135164675,0.012513393036513313
A-Injury,Pedestrian,Clear,Dusk,Wet,Other,Champaign,2017,0,1,4383,-88.2418000009351,40.116299999518,0.0025204683335175405,0.00585235735807472
A-Injury,Rear end,Clear,"Darkness, lighted road",Dry,Traffic Signal,Champaign,2017,0,2,4384,-88.2436000011352,40.1369999991362,0.002499998927813957,0.006364744708768821
A-Injury,Turning,Clear,Daylight,Dry,Traffic Signal,Urbana,2017,0,1,4385,-88.196546650908,40.1323976413597,0.003035084488058176,0.006250822488887579
A-Injury,Fixed object,Clear,"Darkness, lighted road",Dry,No Controls,Urbana,2017,0,1,4386,-88.2047000004746,40.0886999989278,0.0029423654871869502,0.0051691741966058795
A-Injury,Fixed object,Clear,Darkness,Wet,Lane Use Marking,Unincorporated,2017,0,1,4387,-88.3040130009148,40.0277379991038,0.0018129888918228109,0.0036601810488297816
A-Injury,Angle,Clear,"Darkness, lighted road",Dry,Stop Sign/Flasher,Champaign,2017,0,1,4388,-88.2861104003803,40.1145502405869,0.002016575310017798,0.005809045553263373
A-Injury,Head on,Clear,Daylight,Dry,Traffic Signal,Champaign,2017,0,3,4389,-88.314500001185,40.1131999990939,0.0016937318700004037,0.0057756230086181415
A-Injury,Turning,Clear,Daylight,Dry,Traffic Signal,Champaign,2017,0,1,4390,-88.276300001216,40.0835999987868,0.002128138097953165,0.005042933829022098
A-Injury,Fixed object,Clear,"Darkness, lighted road",Dry,Lane Use Marking,Rantoul,2017,0,1,4391,-88.1841231717489,40.3060514691572,0.003176362936328839,0.010549277870732478
A-Injury,Pedestrian,Clear,"Darkness, lighted road",Dry,Traffic Signal,Champaign,2017,0,1,4392,-88.2506000011391,40.1419999988041,0.0024203956922162853,0.006488509763385291
A-Injury,Sideswipe Same Direction,Clear,Dusk,Dry,Lane Use Marking,Urbana,2017,0,1,4394,-88.2097480011802,40.1352169993808,0.0028849601744382015,0.0063206100934157985
A-Injury,Rear end,Clear,Daylight,Snow or Slush,Stop Sign/Flasher,Champaign,2017,0,2,4395,-88.2860000009772,40.1092999990456,0.0020178307599734826,0.005679086258409687
A-Injury,Fixed object,Clear,"Darkness, lighted road",Dry,Traffic Signal,Urbana,2017,0,1,4399,-88.2195500026812,40.1324400592783,0.002773492883812729,0.006251872460159763
A-Injury,Rear end,Clear,Daylight,Dry,Traffic Signal,Unincorporated,2017,0,1,4400,-88.2188500023665,40.0835199979596,0.002781453210946892,0.005040953567540924
A-Injury,Rear end,Clear,Daylight,Dry,Other Regualtory Sig,Champaign,2017,0,1,4401,-88.2682326549885,40.1371357255612,0.002219879078244373,0.006368104346672581
A-Injury,Pedestrian,Cloudy/Overcast,"Darkness, lighted road",Wet,Stop Sign/Flasher,Champaign,2017,0,1,4402,-88.2426197870162,40.1102414466044,0.0025111458157294304,0.005702389921664232
A-Injury,Rear end,Clear,Daylight,Dry,Lane Use Marking,St. Joseph,2017,0,1,4407,-88.0569092492125,40.1133296464243,0.004623025770804365,0.005778832170616777
A-Injury,Pedalcyclist,Rain,Daylight,Dry,Stop Sign/Flasher,Urbana,2017,0,1,4408,-88.2255000009483,40.1143999992681,0.00270583015329876,0.005805326628010995
A-Injury,Pedalcyclist,Clear,Daylight,Dry,Stop Sign/Flasher,Urbana,2017,0,1,4410,-88.1844000014676,40.1088999994331,0.003173214858999429,0.005669185062974589
A-Injury,Pedestrian,Clear,Daylight,Dry,No Controls,Unincorporated,2017,0,1,4411,-88.1762205553182,40.1086999987235,0.0032662306273603414,0.005664234442896444
A-Injury,Pedalcyclist,Clear,Daylight,Dry,Traffic Signal,Urbana,2017,0,1,4415,-88.223800001288,40.1104999994935,0.0027251623637844337,0.005708789884577466
A-Injury,Pedestrian,Clear,Daylight,Dry,No Controls,Champaign,2017,0,1,4419,-88.2531000008692,40.1287999992049,0.002391965968302327,0.006161770007416847
A-Injury,Pedestrian,Clear,Daylight,Dry,Other RR Crossing,Champaign,2017,0,1,4421,-88.2579000009776,40.1270999990102,0.002337380891261574,0.006119689881232828
A-Injury,Pedestrian,Clear,Daylight,Dry,No Controls,Champaign,2017,0,1,4424,-88.2769000013547,40.1273999990717,0.002121314961899842,0.00612711578652536
A-Injury,Rear end,Clear,Darkness,Dry,No Controls,Unincorporated,1999,0,2,438,-88.1438656026362,40.1204479244404,0.0036341676158835085,0.005955030995807425
A-Injury,Other Object,Clear,Daylight,Dry,No Controls,Urbana,2017,0,1,4432,-88.2050000014075,40.1101999994758,0.0029389539093401616,0.005701363980369238
A-Injury,Pedestrian,Rain,Daylight,Wet,No Controls,Champaign,2017,0,1,4433,-88.2452000008732,40.1172999989944,0.0024818039055241638,0.00587711035768139
A-Injury,Pedestrian,Clear,"Darkness, lighted road",Dry,No Controls,Champaign,2017,0,1,4438,-88.2320000009469,40.1101999987909,0.002631912863158061,0.005701363963415743
A-Injury,Pedestrian,Clear,"Darkness, lighted road",Dry,Traffic Signal,Champaign,2017,0,1,4439,-88.2467000007648,40.1100999991803,0.0024647460705667992,0.005698888671797891
A-Injury,Overturned,Clear,Daylight,Dry,Lane Use Marking,Unincorporated,2005,0,2,559,-88.2508771565958,40.1757794991498,0.002417243910629911,0.007324654159962064
A-Injury,Overturned,Clear,Daylight,Dry,Lane Use Marking,Unincorporated,2005,0,1,560,-88.3094996141845,40.1677441193152,0.0017505957248944138,0.007125754301932659
A-Injury,Rear end,Clear,Darkness,Dry,Lane Use Marking,Unincorporated,2005,0,6,562,-88.212596244616,40.2135869723444,0.0028525702611335384,0.00826050301908896
A-Injury,Rear end,Clear,Daylight,Dry,Traffic Signal,Rantoul,2003,0,2,86,-88.128298565546,40.3121620503356,0.0038111942616489577,0.010700533163435517
A-Injury,Fixed object,Rain,Daylight,Wet,Lane Use Marking,Unincorporated,2005,0,1,563,-88.3036112775043,39.9851580517663,0.001817557246576037,0.0026061990772662754
A-Injury,Rear end,Fog/Smoke/Haze,Darkness,Other,Traffic Signal,Savoy,2005,0,1,565,-88.256039340489,40.0247509084422,0.0023585401191414395,0.0035862415561433375
A-Injury,Overturned,Snow,Daylight,Ice,Lane Use Marking,Champaign,2005,0,1,567,-88.3048813748671,40.1050985836768,0.001803113838069471,0.005575088570985067
A-Injury,Overturned,Clear,Darkness,Dry,Lane Use Marking,Unincorporated,2005,0,2,568,-88.3039118954315,40.0142884273253,0.0018141386523374578,0.0033272636295706647
A-Injury,Other non collision,Clear,Daylight,Dry,No Controls,Homer,2005,0,1,569,-87.9541826382369,40.0362260308369,0.0057912215723880875,0.0038702854049915527
A-Injury,Pedalcyclist,Clear,Dusk,Dry,No Controls,Unincorporated,2005,0,1,570,-88.3090279486586,39.9672169276319,0.0017559594537460126,0.002162102206094668
A-Injury,Overturned,Clear,Daylight,Dry,Lane Use Marking,Champaign,2005,0,1,571,-88.3068483560142,40.1184100721679,0.001780745543272034,0.005904588012895743
A-Injury,Angle,Clear,Daylight,Dry,No Controls,Rantoul,2005,0,4,572,-88.1331167374213,40.3033881844067,0.003756402537259535,0.010483353549832914
A-Injury,Other Object,Clear,Daylight,Dry,Other Warning Sign,Unincorporated,2005,0,1,573,-87.9585017354662,40.0760914438518,0.005742105270370709,0.004857074474353168
A-Injury,Rear end,Clear,Daylight,Dry,Lane Use Marking,Urbana,2005,0,1,574,-88.2234489354209,40.1349902109795,0.002729154646486286,0.006314996397268298
A-Injury,Overturned,Clear,Daylight,Dry,Lane Use Marking,Unincorporated,2005,0,1,575,-88.0689906480804,40.1205707862422,0.004485637422247833,0.005958072195531406
A-Injury,Angle,Clear,Darkness,Dry,Stop Sign/Flasher,Savoy,2005,0,1,576,-88.2383950822982,40.0689298556151,0.0025591886964165898,0.004679803590727776
A-Injury,Fixed object,Rain,"Darkness, lighted road",Wet,Other Warning Sign,Champaign,2005,0,2,577,-88.281099225403,40.1438210316968,0.0020735618446059176,0.006533585813463899
A-Injury,Overturned,Fog/Smoke/Haze,Daylight,Ice,Lane Use Marking,Unincorporated,2005,0,1,578,-88.2614066921104,40.1657654380808,0.002297503182653435,0.007076775980470591
A-Injury,Head on,Clear,Darkness,Dry,Lane Use Marking,Unincorporated,2005,0,2,579,-88.1767569101482,40.2677653861741,0.00326013125880706,0.009601581977496105
A-Injury,Fixed object,Snow,Darkness,Snow or Slush,Lane Use Marking,Unincorporated,2005,0,1,580,-88.0075548152345,40.1201157708666,0.005184279004168927,0.005946809194220829
A-Injury,Rear end,Clear,Daylight,Dry,No Passing,Unincorporated,2005,0,3,581,-88.2930979362182,39.9156447292602,0.0019371138155546044,0.0008855349316725642
A-Injury,Fixed object,Clear,Daylight,Dry,Lane Use Marking,Unincorporated,2005,0,2,582,-88.1866665990813,40.2640179807061,0.0031474393584638664,0.009508822402851695
A-Injury,Sideswipe Same Direction,Clear,Daylight,Dry,Lane Use Marking,Unincorporated,2005,0,2,583,-88.2952861449893,40.1558995950767,0.0019122297443766173,0.006832566644602316
A-Injury,Rear end,Clear,Daylight,Dry,Stop Sign/Flasher,Rantoul,2005,0,1,584,-88.1540779025566,40.3037497701703,0.0035180344564399836,0.010492303886783473
A-Injury,Parked Motor Vehicle,Clear,Daylight,Dry,No Controls,Rantoul,2005,0,2,585,-88.133233338142,40.3104314596223,0.003755076566597289,0.010657695829760195
A-Injury,Parked Motor Vehicle,Clear,Daylight,Dry,No Controls,Rantoul,2005,0,1,586,-88.1674650069481,40.307238565744,0.003365797767260751,0.010578662087464333
A-Injury,Sideswipe Same Direction,Clear,Daylight,Dry,Lane Use Marking,Rantoul,2005,0,1,588,-88.1839561959939,40.3045967402023,0.0031782617663797578,0.010513268946629777
A-Injury,Turning,Clear,Daylight,Dry,Traffic Signal,Savoy,2005,0,4,589,-88.2491725038875,40.0689961111108,0.0024366290350694,0.0046814436138453985
A-Injury,Fixed object,Clear,Daylight,Dry,No Controls,Urbana,2005,0,1,590,-88.1900724484187,40.0769550900169,0.003108708411740433,0.0048784523187316775
A-Injury,Head on,Clear,Daylight,Dry,Lane Use Marking,Champaign,2005,0,1,591,-88.263851974469,40.1359109909392,0.0022696956987124863,0.006337788475182527
A-Injury,Turning,Clear,Daylight,Dry,Traffic Signal,Urbana,2005,0,1,592,-88.1621496635683,40.0839968072405,0.003426243271704972,0.005052756033663394
A-Injury,Angle,Clear,Daylight,Dry,Lane Use Marking,Mahomet,2005,0,1,593,-88.3726902457682,40.1897544368122,0.0010319987633628646,0.00767057596754789
A-Injury,Rear end,Clear,Daylight,Dry,Lane Use Marking,Unincorporated,2005,0,1,594,-88.3431620641319,40.1205124443649,0.001367790020256524,0.005956628058309419
A-Injury,Rear end,Snow,Daylight,Snow or Slush,Lane Use Marking,Unincorporated,2005,0,1,595,-87.9476044273793,40.1200455549968,0.005866028267876206,0.005945071139913299
A-Injury,Turning,Clear,Daylight,Dry,Traffic Signal,Rantoul,2000,0,2,273,-88.1558227741109,40.3098309113789,0.003498191967675996,0.010642830451544053
A-Injury,Overturned,Clear,Daylight,Dry,No Controls,St. Joseph,2005,0,2,596,-88.0137219350602,40.1129923442078,0.005114147191001613,0.00577048292461273
A-Injury,Rear end,Clear,Darkness,Snow or Slush,Unknown,Unincorporated,2005,0,1,597,-88.2384077569136,40.1881064078382,0.002559044562074354,0.007629782285642987
A-Injury,Fixed object,Clear,Daylight,Dry,Lane Use Marking,Unincorporated,2005,0,2,598,-88.4534903982761,40.1072981250147,0.00011314825295826886,0.005629533845364618
A-Injury,Sideswipe Same Direction,Clear,"Darkness, lighted road",Dry,Lane Use Marking,Mahomet,2005,0,1,599,-88.3640128654579,40.1868862782551,0.0011306769846238518,0.007599580402738774
A-Injury,Angle,Clear,Darkness,Dry,Stop Sign/Flasher,Mahomet,1999,0,2,412,-88.3652697296889,40.1843177140134,0.0011163840618467588,0.007536000699783881
A-Injury,Fixed object,Clear,Daylight,Dry,No Controls,Unincorporated,1999,0,1,413,-88.3049885463807,40.1140478075084,0.0018018950953205993,0.005796608820956947
A-Injury,Turning,Clear,Daylight,Dry,Stop Sign/Flasher,Unincorporated,2005,0,4,601,-88.1612342591465,39.9818906159372,0.0034366531508214573,0.0025253201971255886
A-Injury,Fixed object,Fog/Smoke/Haze,Daylight,Dry,No Passing,Unincorporated,2005,0,1,602,-88.2613753308793,40.1657930775165,0.0022978598191485886,0.007077460139769833
A-Injury,Overturned,Rain,Daylight,Wet,Other Warning Sign,Unincorporated,2005,0,3,603,-88.0644553912202,40.1205273834538,0.004537211867981678,0.005956997845764688
A-Injury,Sideswipe Same Direction,Clear,Daylight,Dry,Other,Champaign,2005,0,1,604,-88.2419619617239,40.1348249004052,0.0025186265331144852,0.006310904462545052
A-Injury,Turning,Clear,Daylight,Dry,Traffic Signal,Savoy,2005,0,2,605,-88.2519244156487,40.0510016378512,0.0024053345950480445,0.004236026191107187
A-Injury,Angle,Clear,Daylight,Wet,Traffic Signal,Rantoul,2005,0,3,606,-88.1365106922201,40.3121170864689,0.003717806853930121,0.010699420172278033
A-Injury,Turning,Clear,Daylight,Dry,No Controls,Rantoul,2005,0,1,607,-88.1473878394233,40.3082534938708,0.00359411312379228,0.010603784616142
A-Injury,Rear end,Clear,Daylight,Dry,Lane Use Marking,Unincorporated,2005,0,2,608,-88.2322766487142,40.1941356481163,0.0026287668549600175,0.00777902414601862
A-Injury,Angle,Clear,Daylight,Dry,Traffic Signal,Champaign,1999,0,2,421,-88.2451371508181,40.112631524087,0.0024825186294871347,0.005761551539628085
A-Injury,Overturned,Clear,Daylight,Dry,Lane Use Marking,Mahomet,2005,0,1,610,-88.3817727924527,40.1921939079492,0.0009287130343414201,0.007730960227259863
A-Injury,Pedestrian,Clear,Daylight,Dry,Traffic Signal,Rantoul,2000,0,1,339,-88.1513848457899,40.3082208714428,0.0035486596038910084,0.010602977112771698
A-Injury,Fixed object,Clear,Darkness,Dry,No Controls,Urbana,2005,0,3,611,-88.2020584568229,40.0965107743088,0.0029724048331199694,0.005362514417772649
A-Injury,Angle,Snow,Darkness,Snow or Slush,Lane Use Marking,Unincorporated,2005,0,2,612,-88.4167906604701,40.1204322705765,0.0005304936634321167,0.005954643515517641
A-Injury,Overturned,Snow,Darkness,Ice,Lane Use Marking,Unincorporated,2005,0,1,613,-87.9576948734657,39.988727840124,0.005751280816925709,0.002694562093347345
A-Injury,Fixed object,Rain,Daylight,Wet,Lane Use Marking,Champaign,2005,0,2,614,-88.2845723432515,40.1440833686705,0.002034065927720394,0.006540079443870735
A-Injury,Turning,Clear,Daylight,Dry,Lane Use Marking,Unincorporated,2005,0,6,615,-88.3130431963583,40.1201135045784,0.0017102984953968636,0.0059467530967605604
A-Injury,Parked Motor Vehicle,Unknown,Daylight,Unknown,Unknown,Savoy,2005,0,1,617,-88.2486912532047,40.072085697536,0.002442101765278374,0.004757920185456314
A-Injury,Overturned,Rain,Daylight,Wet,Lane Use Marking,Champaign,2005,0,1,618,-88.3046933625863,40.1190019660661,0.001805251893194393,0.005919239169996529
A-Injury,Head on,Snow,Darkness,Ice,Lane Use Marking,Unincorporated,2005,0,3,619,-88.1484141698302,40.3625216980686,0.00358244180648712,0.011947086156659171
A-Injury,Fixed object,Clear,Darkness,Dry,Lane Use Marking,Unincorporated,2005,0,1,620,-87.9774395975804,40.119837312929,0.00552674597054882,0.005939916521392005
A-Injury,Turning,Clear,Daylight,Dry,Lane Use Marking,Champaign,2005,0,1,621,-88.2712518618695,40.1570723479617,0.002185544987311084,0.006861595811503263
A-Injury,Overturned,Clear,Daylight,Dry,Lane Use Marking,Mahomet,2005,0,1,622,-88.3611445687226,40.1857564321674,0.0011632949418605661,0.0075716133083307295
A-Injury,Overturned,Clear,Daylight,Dry,Lane Use Marking,Unincorporated,2005,0,1,623,-88.2928102798283,39.8798698946108,0.001940385012606561,0.0
A-Injury,Rear end,Clear,Daylight,Dry,Traffic Signal,Champaign,2005,0,2,624,-88.2385957116451,40.098040476028,0.0025569071613936304,0.005400379143652342
A-Injury,Turning,Clear,Daylight,Dry,No Controls,Mahomet,2005,0,2,626,-88.3652928688063,40.192949086665,0.0011161209263306022,0.0077496531755026615
A-Injury,Overturned,Clear,Daylight,Unknown,No Controls,Unincorporated,2005,0,1,627,-88.3466484796323,40.2889336935677,0.001328142883925901,0.010125561356440072
A-Injury,Rear end,Snow,Daylight,Snow or Slush,No Controls,Unincorporated,2005,0,3,628,-88.2895818863985,40.2819713074084,0.001977097950128252,0.009953221324339933
A-Injury,Angle,Clear,Daylight,Dry,Stop Sign/Flasher,Unincorporated,2005,0,3,629,-88.2773710500903,40.1857928233762,0.0021159582471203657,0.00757251410037937
A-Injury,Angle,Clear,Daylight,Dry,No Controls,Unincorporated,2005,0,1,630,-88.2520611261902,40.3260519834875,0.002403779937699842,0.01104435085330459
A-Injury,Rear end,Clear,Daylight,Dry,Traffic Signal,Unincorporated,2005,0,5,631,-88.2383853431081,40.0833348200939,0.0025592994494227183,0.0050363698575041594
A-Injury,Angle,Clear,Daylight,Dry,No Controls,Unincorporated,2005,0,2,632,-88.2322054269778,40.2677650565446,0.002629576780768531,0.009601573818172934
A-Injury,Rear end,Rain,Dusk,Wet,No Controls,Unincorporated,2005,0,3,633,-88.2414146143253,40.1779952263375,0.002524850907957478,0.007379500082885172
A-Injury,Turning,Rain,Daylight,Wet,No Controls,Unincorporated,2003,0,7,53,-88.2410071434575,40.1774773785141,0.002529484622167553,0.00736668178920449
A-Injury,Rear end,Clear,Daylight,Dry,No Controls,Champaign,2002,0,1,178,-88.2579506453823,40.134304759746,0.002336804968622091,0.006298029414271121
A-Injury,Rear end,Clear,Daylight,Wet,Lane Use Marking,Unincorporated,2002,0,1,179,-88.0679470519071,40.1205563483459,0.004497505083962984,0.0059577148141029155
A-Injury,Angle,Clear,Daylight,Dry,Stop Sign/Flasher,Unincorporated,2002,0,4,180,-88.1436404898739,40.1133619603603,0.003636727573632503,0.005779632037880772
A-Injury,Overturned,Clear,Daylight,Dry,No Controls,Champaign,2002,0,1,181,-88.2855342859878,40.1417014773003,0.002023126819973791,0.006481120456850073
A-Injury,Angle,Clear,"Darkness, lighted road",Wet,Traffic Signal,Champaign,2001,0,2,204,-88.2579296297565,40.1321592484929,0.0023370439560235364,0.006244921547259575
A-Injury,Rear end,Clear,Darkness,Dry,No Controls,Mahomet,2001,0,2,205,-88.4060501614799,40.1919106803159,0.0006526334450146064,0.007723949490093265
A-Injury,Pedalcyclist,Clear,Daylight,Dry,Stop Sign/Flasher,Urbana,2001,0,1,206,-88.2173925604677,40.1164525697853,0.002798027081057599,0.005856133931818693
A-Injury,Angle,Clear,Daylight,Dry,Traffic Signal,Champaign,2001,0,3,207,-88.2435184667744,40.1126019034444,0.002500926127660907,0.005760818339489552
A-Injury,Angle,Clear,Daylight,Dry,Traffic Signal,Rantoul,2001,0,2,208,-88.155770220666,40.3072851409121,0.003498789599712241,0.01057981496318562
A-Injury,Fixed object,Clear,Daylight,Dry,No Controls,Champaign,2001,0,1,209,-88.2536433315741,40.1126419128709,0.0023857872708615358,0.0057618086933264945
A-Injury,Turning,Clear,Daylight,Dry,Stop Sign/Flasher,Ludlow,2001,0,1,210,-88.1206458143072,40.384973876269,0.0038982205130052338,0.012502845205818793
A-Injury,Angle,Clear,"Darkness, lighted road",Dry,Traffic Signal,Urbana,2001,0,3,211,-88.2193700773236,40.1164391840334,0.0027755389753303028,0.005855802594133715
A-Injury,Rear end,Clear,Daylight,Dry,No Controls,Champaign,2001,0,1,212,-88.2459779979151,40.0897334391264,0.00247295660812605,0.00519475495482939
A-Injury,Angle,Clear,Darkness,Dry,Lane Use Marking,Urbana,2001,0,3,213,-88.1877531158196,40.1470198248382,0.0031350836087708192,0.00661276558029344
A-Injury,Angle,Fog/Smoke/Haze,Dawn,Dry,Stop Sign/Flasher,Unincorporated,2005,0,3,634,-88.2381941017904,40.0397306783739,0.002561474224802868,0.003957035989519137
A-Injury,Fixed object,Clear,Daylight,Dry,No Controls,Unincorporated,2005,0,1,635,-88.2129008963227,39.9953353774064,0.0028491057951949535,0.00285811854673799
A-Injury,Overturned,Clear,Daylight,Dry,No Controls,Unincorporated,2005,0,4,636,-88.1806024664391,40.028503190631,0.003216400012627352,0.003679121844319032
A-Injury,Overturned,Clear,Darkness,Dry,No Controls,Unincorporated,2005,0,1,637,-88.1747486956094,40.3009303527597,0.0032829684552319297,0.010422514812186225
A-Injury,Fixed object,Fog/Smoke/Haze,Daylight,Wet,No Controls,Unincorporated,2005,0,1,638,-88.1747402345354,40.3001492874775,0.0032830646736413268,0.01040318109344005
A-Injury,Sideswipe Same Direction,Clear,Daylight,Dry,No Controls,Unincorporated,2005,0,1,639,-88.0618671329428,40.0477107116665,0.004566645258457362,0.004154565853898896
A-Injury,Angle,Clear,Daylight,Dry,Stop Sign/Flasher,Unincorporated,2005,0,2,640,-88.0476478784679,40.0909465135461,0.004728345067508489,0.005224782201185448
A-Injury,Overturned,Snow,Darkness,Ice,No Controls,Unincorporated,2005,0,1,641,-88.0210215386767,40.2600475154172,0.005031136895840126,0.009410541425657174
A-Injury,Angle,Clear,Daylight,Dry,No Controls,Unincorporated,2005,0,2,642,-88.0286885540141,39.9814739247365,0.004943948434712517,0.002515005834597819
A-Injury,Overturned,Clear,Darkness,Dry,No Controls,Unincorporated,2005,0,1,643,-87.9603808238565,40.1818408887469,0.005720736482405235,0.007474691812834868
A-Injury,Overturned,Clear,Daylight,Dry,No Controls,Unincorporated,2000,0,1,274,-88.154414550609,40.1203824195027,0.0035142061315521804,0.005953409551261271
A-Injury,Angle,Clear,Daylight,Unknown,Stop Sign/Flasher,Unincorporated,2000,0,4,275,-88.0475800229679,40.1279206537813,0.004729116712844128,0.006140003559095447
A-Injury,Fixed object,Clear,Darkness,Dry,No Controls,Unincorporated,2005,0,1,644,-87.9600960839978,40.1570070428026,0.005723974512982874,0.006859979312079237
A-Injury,Angle,Rain,Daylight,Wet,Stop Sign/Flasher,Fisher,1999,0,1,414,-88.3456874360005,40.3108032968844,0.001339071767154245,0.010666899922181998
A-Injury,Rear end,Clear,Daylight,Dry,No Controls,Champaign,1999,0,2,415,-88.2579365864642,40.1326223788852,0.0023369648451033653,0.006256385419680632
A-Injury,Pedalcyclist,Clear,Daylight,Dry,No Controls,Unincorporated,2005,0,1,645,-88.0833097536787,39.9380197711831,0.00432280211712571,0.0014393846255857262
A-Injury,Overturned,Clear,Darkness,Dry,No Controls,Unincorporated,2005,0,1,646,-88.2287088010513,40.0397725990613,0.00266934002894985,0.003958073652821217
A-Injury,Parked Motor Vehicle,Rain,Darkness,Wet,No Controls,Unincorporated,2005,0,1,647,-87.947227770609,40.0762737559901,0.005870311567534623,0.004861587249003688
A-Injury,Train,Rain,Darkness,Wet,RR Crossing Gate,Unincorporated,2005,0,2,648,-88.2154449411319,40.1710410564366,0.0028201751954512397,0.007207363427932483
A-Injury,Overturned,Clear,Daylight,Dry,No Controls,Unincorporated,2005,0,1,649,-88.2310072507982,40.18558050862,0.0026432023094341093,0.007567258670550975
A-Injury,Angle,Clear,Daylight,Dry,Stop Sign/Flasher,Unincorporated,2005,0,2,650,-88.2584418466283,40.1856607096301,0.0023312190816949527,0.0075692438871618915
A-Injury,Fixed object,Clear,Darkness,Dry,No Controls,Unincorporated,2005,0,4,651,-88.1954608949386,40.2384363937446,0.00304743158637039,0.008875601059300164
A-Injury,Angle,Clear,Daylight,Dry,Stop Sign/Flasher,Unincorporated,2005,0,1,652,-88.1550789970174,40.2390584024767,0.0035066501195579083,0.008890997649262884
A-Injury,Rear end,Clear,Daylight,Dry,No Controls,Unincorporated,2005,0,1,653,-88.2219934485806,40.2386656429623,0.0027457062838853073,0.008881275668067038
A-Injury,Fixed object,Clear,Darkness,Dry,No Controls,Unincorporated,2005,0,1,654,-88.0610272436159,40.3272105679334,0.004576196388161326,0.011073029308654232