crash_severity,collision_type,weather,light,road_surface,traffic_control,city,year,fatality,injury,id,x,y,norm_x,norm_y
A-Injury,Angle,Clear,Daylight,Unknown,No Controls,Unincorporated,2006,0,1,818,-88.4073615295412,40.098679795211,0.0006377207106315368,0.005416204219423743
A-Injury,Angle,Clear,Daylight,Dry,No Controls,Unincorporated,2006,0,7,819,-88.4073608141219,40.0986796625301,0.0006377288463017361,0.0054162009351718665
A-Injury,Angle,Clear,Daylight,Dry,Stop Sign/Flasher,Unincorporated,2006,0,2,820,-88.3696709812132,40.127621173455,0.0010663335101584294,0.006132590518814736
A-Injury,Fixed object,Clear,Darkness,Dry,No Controls,Unincorporated,2006,0,1,821,-88.3512251160315,40.2222514014731,0.0012760978745933206,0.008474973742200843
A-Injury,Head on,Clear,Daylight,Dry,No Controls,Unincorporated,2006,0,1,822,-88.0689157119065,40.2394918883079,0.004486489588233923,0.00890172772949041
A-Injury,Fixed object,Clear,Darkness,Dry,Other Warning Sign,Unincorporated,2006,0,2,823,-88.1172898056979,40.2978097305775,0.003936384676411701,0.010345270012092142
A-Injury,Angle,Clear,Darkness,Dry,Lane Use Marking,Unincorporated,2006,0,1,824,-88.2898707632246,40.3112210116137,0.001973812874409067,0.010677239620125992
A-Injury,Fixed object,Clear,Darkness,Dry,No Controls,Unincorporated,2006,0,1,825,-88.0502914808475,40.3856454404663,0.004698282309946606,0.012519468442834298
A-Injury,Fixed object,Clear,Daylight,Dry,No Controls,Unincorporated,2006,0,4,826,-88.3581381665968,40.212211820446,0.0011974834185159119,0.008226463866865787
A-Injury,Fixed object,Clear,Darkness,Unknown,No Controls,Unincorporated,2006,0,1,827,-88.3652129970227,40.2112258807824,0.0011170292195313057,0.008202058889982013
A-Injury,Other Object,Clear,Daylight,Dry,Lane Use Marking,Unincorporated,2006,0,1,828,-88.1934064406546,40.2480917202873,0.003070794616128015,0.009114599478553746
A-Injury,Rear end,Clear,Daylight,Dry,Lane Use Marking,Unincorporated,2006,0,2,829,-88.2745666837644,39.9015666417497,0.0021478491947228874,0.0005370598546005418
A-Injury,Angle,Clear,Daylight,Dry,Stop Sign/Flasher,Urbana,2000,0,3,281,-88.1907147565022,40.1419727195052,0.0031014041543592046,0.006487834518556663
A-Injury,Rear end,Clear,Darkness,Dry,Lane Use Marking,Unincorporated,2000,0,1,282,-88.286754042188,39.9108906038424,0.0020092558856706242,0.0007678560054587573
A-Injury,Angle,Rain,Dusk,Wet,Stop Sign/Flasher,Unincorporated,1999,0,1,420,-87.9576648226983,39.9815627861422,0.005751622550970754,0.0025172054220898763
A-Injury,Rear end,Clear,Daylight,Dry,Lane Use Marking,Unincorporated,2006,0,2,830,-88.2903053244894,39.9133611048684,0.001968871091162786,0.0008290083484031465
A-Injury,Overturned,Clear,Daylight,Dry,Lane Use Marking,Unincorporated,2006,0,2,831,-88.3033285517468,39.9450131181783,0.0018207723730147968,0.001612491031646004
A-Injury,Fixed object,Clear,Darkness,Dry,Lane Use Marking,Unincorporated,2006,0,2,832,-88.3048811130406,40.0903334272926,0.0018031168155318363,0.005209606469447635
A-Injury,Fixed object,Clear,Darkness,Dry,Lane Use Marking,Unincorporated,2006,0,3,833,-88.1980038349923,40.2361987835861,0.0030185135497857118,0.008820213466925858
A-Injury,Rear end,Clear,Darkness,Dry,Lane Use Marking,Unincorporated,2006,0,2,835,-88.1838053540126,40.2821496619577,0.0031799771249180946,0.00995763613674034
A-Injury,Overturned,Clear,Daylight,Dry,Other Warning Sign,Unincorporated,2006,0,1,836,-88.3048374811948,40.0267808936948,0.0018036129921173694,0.0036364898066124905
A-Injury,Parked Motor Vehicle,Clear,Darkness,Wet,Lane Use Marking,Unincorporated,2006,0,1,837,-88.1465333398454,40.3647166557522,0.003603830399675082,0.012001417971786171
A-Injury,Turning,Clear,Daylight,Dry,Lane Use Marking,Unincorporated,2006,0,1,838,-88.1822750619109,40.1890760005566,0.0031973794395805883,0.007653782626386741
A-Injury,Overturned,Clear,Dawn,Dry,Lane Use Marking,Unincorporated,2006,0,1,839,-88.1816364163797,40.2554959582223,0.003204642046817009,0.009297876673210642
A-Injury,Turning,Clear,Daylight,Dry,Lane Use Marking,Unincorporated,2006,0,1,840,-88.2709783588203,40.3113143312792,0.0021886552341182355,0.010679549562978787
A-Injury,Head on,Clear,Daylight,Dry,Stop Sign/Flasher,Unincorporated,2006,0,2,841,-88.1245885984071,40.1133498615204,0.0038533836027994177,0.005779332555144596
A-Injury,Angle,Clear,Daylight,Dry,Stop Sign/Flasher,St. Joseph,2006,0,2,842,-88.0190593009957,40.1140979509543,0.0050534512484590125,0.005797850022303579
A-Injury,Parked Motor Vehicle,Snow,Daylight,Ice,Lane Use Marking,Unincorporated,2006,0,1,843,-88.3071151838169,40.1564935288828,0.0017777112066390535,0.00684726829556893
A-Injury,Sideswipe Same Direction,Rain,Daylight,Wet,Lane Use Marking,Unincorporated,2006,0,1,844,-88.1720729458797,40.1210098003382,0.003313396788948255,0.005968939116967017
A-Injury,Rear end,Clear,Darkness,Dry,Lane Use Marking,Unincorporated,2006,0,2,845,-88.1191814212369,40.1206664588994,0.003914873431079121,0.005960440382017501
A-Injury,Fixed object,Clear,Darkness,Dry,No Controls,Unincorporated,2006,0,1,846,-88.3940650538821,40.2760221772253,0.0007889267797630819,0.009805962430152746
A-Injury,Angle,Clear,Daylight,Dry,Traffic Signal,Champaign,2006,0,1,848,-88.2426402386481,40.1163699160722,0.0025109132420049482,0.005854088003419577
A-Injury,Turning,Clear,Daylight,Dry,Stop Sign/Flasher,Champaign,2006,0,2,849,-88.2390392144927,40.1417412848846,0.0025518636954441633,0.00648210581448455
A-Injury,Fixed object,Snow,Daylight,Ice,No Controls,St. Joseph,2003,0,1,91,-88.0113595689402,40.1201496583826,0.005141011760532244,0.005947648012330352
A-Injury,Rear end,Clear,Daylight,Dry,No Controls,Unincorporated,2006,0,2,850,-88.2390704907708,40.1436161381247,0.0025515080250252606,0.006528514080298645
A-Injury,Angle,Clear,Daylight,Dry,Stop Sign/Flasher,Champaign,2006,0,2,851,-88.2392905020384,40.1566997611046,0.002549006080916802,0.006852373164346931
A-Injury,Turning,Clear,Daylight,Dry,Stop Sign/Flasher,Champaign,2006,0,1,852,-88.2390347885026,40.1417392161452,0.0025519140273203814,0.006482054606952046
A-Injury,Angle,Clear,Daylight,Dry,Stop Sign/Flasher,Champaign,2006,0,2,853,-88.2392927788162,40.1566997799733,0.0025489801896482283,0.006852373631404197
A-Injury,Angle,Clear,Daylight,Dry,Stop Sign/Flasher,Champaign,2006,0,3,854,-88.2392914760346,40.1567014567133,0.0025489950047384515,0.006852415135770449
A-Injury,Fixed object,Clear,Daylight,Dry,No Controls,Champaign,2006,0,1,855,-88.2389364111148,40.1341702933998,0.0025530327642308203,0.006294700967113656
A-Injury,Angle,Clear,Daylight,Wet,Traffic Signal,Urbana,2006,0,1,856,-88.1994297190467,40.127400165807,0.0030022985520351325,0.0061271199137264525
A-Injury,Fixed object,Clear,Darkness,Dry,No Controls,Urbana,2006,0,1,858,-88.1931270002264,40.1045599258863,0.0030739723821607634,0.005561755167927304
A-Injury,Pedestrian,Clear,Daylight,Dry,No Controls,Urbana,2006,0,1,859,-88.1905821197357,40.0915004303551,0.0031029124851831217,0.0052384933109198275
A-Injury,Sideswipe Same Direction,Clear,"Darkness, lighted road",Dry,No Controls,Champaign,2006,0,1,860,-88.2813196433316,40.1092066207261,0.0020710552759929573,0.0056767748636936295
A-Injury,Fixed object,Clear,Darkness,Dry,No Controls,Champaign,2006,0,3,861,-88.287391605969,40.0944605425361,0.0020020055799791674,0.005311765004936981
A-Injury,Fixed object,Clear,Darkness,Dry,No Controls,Unincorporated,2006,0,1,862,-87.9927400091433,40.0761096944799,0.005352751361162411,0.0048575262323797665
A-Injury,Turning,Clear,Daylight,Dry,No Controls,Champaign,2006,0,2,863,-88.2723770242714,40.1324129518906,0.002172749763351852,0.006251201470651316
A-Injury,Angle,Rain,Daylight,Ice,Lane Use Marking,Champaign,2006,0,1,864,-88.283531692544,40.1466632570794,0.002045900093920029,0.006603939454078741
A-Injury,Overturned,Clear,Daylight,Dry,Lane Use Marking,Champaign,2006,0,1,865,-88.3061612696979,40.1219058134479,0.0017885590138266418,0.005991118140732023
A-Injury,Overturned,Clear,Daylight,Dry,Lane Use Marking,Champaign,2006,0,1,866,-88.3029078630464,40.1194224254259,0.0018255563989737543,0.005929646805813776
A-Injury,Overturned,Rain,Daylight,Wet,Lane Use Marking,Champaign,2006,0,1,867,-88.2849624909657,40.1441325168659,0.0020296292105212495,0.006541296009769172
A-Injury,Fixed object,Clear,Daylight,Dry,Lane Use Marking,Champaign,2006,0,1,868,-88.2771157975102,40.1408935694118,0.002118860951585859,0.006461122302732739
A-Injury,Overturned,Rain,Daylight,Wet,Lane Use Marking,Champaign,2006,0,1,869,-88.2807120999559,40.1432969072574,0.002077964192913555,0.006520612154628525
A-Injury,Rear end,Clear,Daylight,Dry,Lane Use Marking,Champaign,2006,0,1,870,-88.2796771153834,40.1424778182352,0.002089733924444959,0.006500337233768179
A-Injury,Other Object,Clear,Darkness,Dry,Lane Use Marking,Champaign,2006,0,2,871,-88.2409207355973,40.1350857685947,0.002530467242917376,0.0063173617361181695
A-Injury,Other Object,Sleet,Darkness,Ice,Lane Use Marking,Champaign,2006,0,1,872,-88.2807166777764,40.1432499890708,0.002077912134438864,0.006519450788166024
A-Injury,Turning,Clear,Daylight,Dry,No Controls,Urbana,2006,0,1,873,-88.1969313636456,40.090679239342,0.0030307095768193947,0.005218166359452461
A-Injury,Rear end,Clear,"Darkness, lighted road",Dry,Stop Sign/Flasher,Champaign,2006,0,2,874,-88.2364811296638,40.1272310202674,0.0025809539567585578,0.006122933052058984
A-Injury,Other non collision,Clear,"Darkness, lighted road",Dry,No Controls,Champaign,2006,0,1,875,-88.2408093436389,40.1164848456595,0.0025317339801035404,0.005856932856938321
A-Injury,Overturned,Clear,Darkness,Wet,Lane Use Marking,Champaign,2000,0,1,283,-88.2965427126247,40.1514630864871,0.0018979401944524748,0.006722749691728687
A-Injury,Pedalcyclist,Clear,Daylight,Dry,Traffic Signal,Champaign,2006,0,1,876,-88.2385192511974,40.0980520458977,0.0025577766612548984,0.005400665532782574
A-Injury,Turning,Clear,Daylight,Unknown,Lane Use Marking,Rantoul,1999,0,1,422,-88.1374709577432,40.3121262029343,0.0037068868192687687,0.010699645832260636
A-Injury,Pedestrian,Rain,Darkness,Wet,Other Warning Sign,Champaign,2006,0,1,880,-88.233516993508,40.1054138733446,0.0026146617894188457,0.005582892940094564
A-Injury,Turning,Clear,Daylight,Dry,Traffic Signal,Champaign,2006,0,2,881,-88.2333289142512,40.0981010541243,0.0026168006061876854,0.005401878634031432
A-Injury,Pedalcyclist,Clear,Dusk,Dry,No Controls,Champaign,2006,0,1,882,-88.2321202573035,40.1221311113007,0.002630545321003492,0.0059966949413138
A-Injury,Pedestrian,Clear,Daylight,Dry,No Controls,Champaign,2006,0,1,887,-88.243511,40.111629,0.002501011039004029,0.005736736048303491
A-Injury,Angle,Clear,Daylight,Dry,Stop Sign/Flasher,Urbana,2006,0,1,883,-88.2013015430836,40.1077020023942,0.0029810123735032044,0.005639531027214998
A-Injury,Turning,Clear,Daylight,Dry,Stop Sign/Flasher,Urbana,2006,0,1,884,-88.1955501348185,40.1000429456613,0.0030464167602017775,0.005449946299651308
A-Injury,Other non collision,Clear,Daylight,Dry,No Controls,Urbana,2006,0,1,885,-88.1624327879322,40.0987249145745,0.0034230236123577278,0.005417321059595459
A-Injury,Pedestrian,Clear,"Darkness, lighted road",Dry,No Controls,Champaign,2006,0,1,886,-88.2436208197678,40.1284417108248,0.002499762180597653,0.006152901290641516
A-Injury,Pedestrian,Clear,Daylight,Dry,No Controls,Champaign,2006,0,1,888,-88.2435309210844,40.1212132168621,0.002500784498607729,0.005973974288739586
A-Injury,Pedalcyclist,Clear,Daylight,Dry,Traffic Signal,Champaign,2006,0,1,889,-88.2468799987227,40.0835899709075,0.002462699153446532,0.005042685608799623
A-Injury,Turning,Clear,Daylight,Dry,Stop Sign/Flasher,Champaign,2006,0,1,890,-88.2434499927179,40.1049819327843,0.0025017048071536573,0.005572201109976993
A-Injury,Rear end,Clear,"Darkness, lighted road",Dry,No Controls,Champaign,2006,0,3,891,-88.2434871248367,40.1103602590801,0.002501282544753676,0.005705330888368519
A-Injury,Pedestrian,Clear,Darkness,Dry,No Controls,Champaign,2006,0,1,892,-88.2484154609834,40.1437322537124,0.0024452380443006727,0.006531388290900287
A-Injury,Fixed object,Clear,"Darkness, lighted road",Dry,No Controls,Champaign,2006,0,1,893,-88.2434309648847,40.1071650860183,0.002501921189594889,0.0056262407294147155
A-Injury,Rear end,Clear,Daylight,Dry,No Controls,Champaign,2006,0,1,894,-88.24545010549,40.0928906334517,0.0024789597431350463,0.005272905025641303
A-Injury,Other non collision,Clear,"Darkness, lighted road",Dry,No Controls,Champaign,2006,0,1,895,-88.2454518614616,40.092874852272,0.0024789397744176623,0.0052725143939017305
A-Injury,Rear end,Clear,Daylight,Dry,No Controls,Champaign,2006,0,1,896,-88.2436480661639,40.1324574616752,0.0024994523375566798,0.006252303221908919
A-Injury,Fixed object,Fog/Smoke/Haze,Daylight,Wet,Traffic Signal,Champaign,2006,0,1,897,-88.2452308117909,40.1183099394079,0.002481453527132758,0.0059021094254291424
A-Injury,Pedestrian,Rain,Daylight,Wet,Traffic Signal,Champaign,2006,0,1,899,-88.2468468828576,40.1163417351464,0.002463075743448066,0.0058533904406090215
A-Injury,Angle,Clear,Darkness,Dry,Traffic Signal,Champaign,2003,0,2,92,-88.2771912125584,40.1392387502071,0.0021180033398935437,0.006420160542161995
A-Injury,Rear end,Clear,Daylight,Dry,No Controls,Champaign,2006,0,2,900,-88.2468102113195,40.112530984981,0.002463492768174537,0.005759062893873741
A-Injury,Pedalcyclist,Rain,Daylight,Wet,Yield,Urbana,2006,0,1,901,-88.2176793573504,40.1074309778382,0.0027947656582276124,0.005632822352974271
A-Injury,Turning,Clear,Daylight,Dry,Traffic Signal,Champaign,2006,0,1,902,-88.2578227368503,40.1126394103048,0.002338259530479458,0.005761746747276433
A-Injury,Pedestrian,Clear,Daylight,Dry,Stop Sign/Flasher,Urbana,2006,0,2,903,-88.2192523166444,40.1059768134269,0.002776878136913944,0.005596827403026338
A-Injury,Rear end,Clear,Daylight,Dry,No Controls,Urbana,2006,0,1,904,-88.2195454917881,40.1271430668127,0.0027735441811965124,0.00612075593908939
A-Injury,Turning,Clear,Daylight,Dry,No Controls,Urbana,2006,0,1,905,-88.2190336640847,40.0945439743642,0.0027793646299444836,0.005313830194026515
A-Injury,Turning,Clear,Daylight,Dry,Traffic Signal,Urbana,2006,0,1,906,-88.2196022158586,40.1371206488482,0.0027728991212613895,0.006367731152606265
A-Injury,Rear end,Clear,Daylight,Dry,Traffic Signal,Champaign,2006,0,1,907,-88.2579796969484,40.1320107785612,0.0023364745973850024,0.006241246469174458
A-Injury,Angle,Clear,Dusk,Dry,Stop Sign/Flasher,Urbana,2006,0,2,910,-88.2191607397686,40.100649478168,0.0027779195391447755,0.005464959806412209
A-Injury,Other Object,Clear,Darkness,Wet,Lane Use Marking,Champaign,2006,0,1,911,-88.2577702425156,40.1063005029465,0.00233885649032089,0.005604839693773024
A-Injury,Turning,Clear,"Darkness, lighted road",Dry,Traffic Signal,Champaign,2006,0,2,912,-88.2578891219259,40.1163122007397,0.0023375046066494458,0.005852659375068811
A-Injury,Angle,Clear,Daylight,Dry,Stop Sign/Flasher,Champaign,2006,0,2,913,-88.2624998362509,40.1117490613173,0.002285072066866322,0.005739707927599397
A-Injury,Fixed object,Clear,Daylight,Dry,No Controls,Urbana,2006,0,1,914,-88.2241933362789,40.1241226309501,0.002720689401222684,0.006045991052223433
A-Injury,Fixed object,Rain,Daylight,Wet,No Controls,Urbana,2006,0,1,915,-88.2242271854792,40.1247678201064,0.0027203044718135164,0.006061961427517706
A-Injury,Angle,Clear,Daylight,Dry,Stop Sign/Flasher,Urbana,2006,0,1,916,-88.2271420050955,40.1221645403296,0.0026871574614545975,0.0059975224104861806
A-Injury,Pedestrian,Clear,Dusk,Dry,No Controls,Champaign,2006,0,1,917,-88.2724605431086,40.1200340923848,0.00217179999625618,0.005944787405734385
A-Injury,Rear end,Clear,Daylight,Dry,No Controls,Unincorporated,2006,0,1,918,-88.2769791524415,40.1479101646643,0.0021204148643846456,0.006634804173198125
A-Injury,Rear end,Clear,Dusk,Dry,No Controls,Champaign,2006,0,3,919,-88.2768203597986,40.1187432871382,0.0021222206369784042,0.0059128360872433205
A-Injury,Pedalcyclist,Clear,Daylight,Dry,No Controls,Champaign,2006,0,2,920,-88.2769244718102,40.1219788830574,0.0021210366865522315,0.005992926833694246
A-Injury,Turning,Clear,Darkness,Dry,Traffic Signal,Champaign,2006,0,2,921,-88.2770894247785,40.1577601071901,0.0021191608594107922,0.006878619924327142
A-Injury,Rear end,Clear,Daylight,Dry,No Controls,Champaign,2006,0,1,922,-88.277181180762,40.1370985702872,0.002118117420386744,0.006367184641708299
A-Injury,Rear end,Clear,Daylight,Wet,No Controls,Champaign,2006,0,1,923,-88.2769943906114,40.1276845565082,0.0021202415775805603,0.006134159440327214
A-Injury,Angle,Clear,"Darkness, lighted road",Dry,Traffic Signal,Champaign,2006,0,3,924,-88.2769874814834,40.1274113646407,0.002120320147429698,0.00612739711859769
A-Injury,Rear end,Clear,Daylight,Dry,No Controls,Champaign,2006,0,1,925,-88.2769880212359,40.1274081877214,0.0021203140094233084,0.0061273184802743295
A-Injury,Head on,Clear,Daylight,Dry,No Controls,Champaign,2006,0,1,926,-88.2770768594211,40.15736492721,0.0021193037512828626,0.006868838029313276
A-Injury,Pedalcyclist,Clear,Daylight,Dry,Stop Sign/Flasher,Champaign,2006,0,1,927,-88.286009854965,40.1093112266959,0.002017718701500282,0.005679364176578778
A-Injury,Pedalcyclist,Clear,Daylight,Dry,Stop Sign/Flasher,Rantoul,2000,0,1,284,-88.132902239189,40.312150594702,0.00375884178773273,0.010700249601992942
A-Injury,Overturned,Severe cross wind,Darkness,Snow or Slush,No Controls,Mahomet,2000,0,2,285,-88.3776527094516,40.1863181097221,0.0009755661682893756,0.007585516519901026
A-Injury,Other non collision,Clear,Daylight,Dry,No Controls,Urbana,1999,0,2,423,-88.2242129736989,40.1349806222795,0.002720466086627028,0.006314759048056622
A-Injury,Turning,Clear,Daylight,Dry,Stop Sign/Flasher,Champaign,1999,0,4,424,-88.2578735563424,40.1192104624317,0.002337681616765096,0.005924400083154521
A-Injury,Turning,Clear,Daylight,Dry,Lane Use Marking,Urbana,1999,0,5,425,-88.1900357851518,40.1431743051124,0.0031091253424077136,0.006517577382192601
A-Injury,Head on,Clear,Daylight,Dry,Stop Sign/Flasher,Champaign,2006,0,5,929,-88.3141903539796,40.0919602774548,0.0016972531442046538,0.005249875911957904
A-Injury,Fixed object,Clear,Daylight,Dry,No Controls,Unincorporated,2006,0,1,930,-88.3143897069857,40.103559829693,0.0016949861235900103,0.00553699977428592
A-Injury,Fixed object,Clear,Daylight,Dry,No Controls,Urbana,2006,0,1,931,-88.1889654597585,40.1129513331215,0.0031212969658936554,0.005769467776678247
A-Injury,Turning,Clear,Daylight,Dry,Traffic Signal,Champaign,2006,0,1,932,-88.2426400649715,40.1163698456615,0.002510915217036239,0.005854086260542647
A-Injury,Pedestrian,Clear,"Darkness, lighted road",Dry,No Controls,Urbana,2006,0,3,933,-88.2160501768253,40.1127805312967,0.0028132925212416763,0.005765239916962416
A-Injury,Sideswipe Same Direction,Clear,Daylight,Dry,No Controls,Champaign,2006,0,3,934,-88.247207660632,40.1163387960548,0.0024589730179968854,0.00585331768923768
A-Injury,Turning,Rain,"Darkness, lighted road",Wet,Traffic Signal,Champaign,2006,0,2,935,-88.2435032015798,40.1163612228415,0.002501099721786897,0.005853872819770705
A-Injury,Rear end,Clear,Daylight,Dry,No Controls,Urbana,2006,0,1,936,-88.2239897759247,40.1128099616291,0.0027230042673405935,0.005765968406350098
A-Injury,Sideswipe Same Direction,Clear,Dawn,Dry,No Controls,Champaign,2006,0,2,937,-88.2322066242539,40.1164099015452,0.0026295631654754065,0.005855077764335132
A-Injury,Turning,Rain,Daylight,Wet,No Controls,Champaign,2006,0,2,938,-88.2748596357645,40.1164210553507,0.002144517776570122,0.005855353854622904
A-Injury,Turning,Clear,Daylight,Dry,Stop Sign/Flasher,Urbana,2006,0,1,939,-88.1978385854762,40.1129811473585,0.0030203927492364643,0.005770205768861288
A-Injury,Angle,Clear,Daylight,Dry,Traffic Signal,Champaign,2006,0,3,940,-88.2817413609298,40.1185008626874,0.0020662595495205926,0.005906835351765942
A-Injury,Angle,Clear,"Darkness, lighted road",Dry,Traffic Signal,Champaign,2006,0,2,941,-88.276802027292,40.1184702116942,0.002122429112241416,0.005906076647346159
A-Injury,Pedestrian,Clear,"Darkness, lighted road",Wet,No Controls,Champaign,2006,0,1,942,-88.2368854626155,40.1193188022904,0.0025763559265876428,0.005927081821038433
A-Injury,Turning,Clear,Daylight,Dry,Traffic Signal,Urbana,2006,0,2,943,-88.2126412857066,40.1164754543222,0.002852058058770009,0.005856700393048093
A-Injury,Fixed object,Unknown,"Darkness, lighted road",Dry,Unknown,Champaign,2006,0,1,944,-88.2320868022093,40.1202612097011,0.0026309257686813444,0.005950409243519018
A-Injury,Sideswipe Same Direction,Clear,"Darkness, lighted road",Dry,No Controls,Urbana,2006,0,1,945,-88.224559202,40.1163812047909,0.0027165288161973855,0.005854367433215324
A-Injury,Sideswipe Opposite Direction,Clear,Darkness,Dry,No Controls,Urbana,2006,0,1,946,-88.2267704987437,40.1202810218308,0.002691382191116266,0.005950899653414477
A-Injury,Turning,Clear,Dusk,Dry,Traffic Signal,Urbana,2004,0,3,522,-88.1621494561884,40.0839948488388,0.0034262456300065266,0.005052707557321405
A-Injury,Rear end,Clear,Dusk,Dry,No Controls,Champaign,2006,0,1,948,-88.2411169669495,40.1272185571834,0.0025282357214098648,0.006122624553183985
A-Injury,Turning,Clear,Daylight,Dry,Stop Sign/Flasher,Champaign,2006,0,1,949,-88.2531986327381,40.1272021746193,0.0023908443374603553,0.006122219035368976
A-Injury,Rear end,Clear,Daylight,Wet,Police/Flagman,Champaign,2006,0,1,950,-88.2686997547588,40.1273101919856,0.0022145672706668793,0.006124892790594527
A-Injury,Pedestrian,Clear,Daylight,Dry,No Controls,Champaign,2006,0,1,951,-88.2652437285152,40.1273192121104,0.002253868823687964,0.00612511606585706
A-Injury,Rear end,Clear,Daylight,Dry,Traffic Signal,Champaign,2006,0,1,952,-88.2468585811549,40.1271633654741,0.0024629427116887054,0.006121258392110053
A-Injury,Turning,Clear,Daylight,Dry,No Passing,Champaign,2006,0,1,953,-88.2411952967363,40.1272185926251,0.0025273449636286425,0.006122625430472858
A-Injury,Rear end,Clear,Daylight,Dry,No Controls,Champaign,2006,0,1,954,-88.2410895600635,40.1272199790067,0.0025285473895245,0.006122659747594151
A-Injury,Pedalcyclist,Clear,Daylight,Dry,No Controls,Champaign,2006,0,1,955,-88.2420113332353,40.1272133866851,0.0025180650856786026,0.006122496567774635
A-Injury,Pedestrian,Clear,Daylight,Dry,No Controls,Champaign,2006,0,1,957,-88.2370248123614,40.1303739513409,0.002574771256495264,0.006200730064419683
A-Injury,Turning,Clear,Daylight,Dry,Traffic Signal,Urbana,2006,0,1,958,-88.219553590662,40.1274119580752,0.0027734520816869073,0.006127411807889321
A-Injury,Turning,Clear,Daylight,Dry,No Controls,Urbana,2006,0,1,959,-88.2199089995172,40.127409050185,0.0027694104109985966,0.006127339828846684
A-Injury,Sideswipe Opposite Direction,Other,Daylight,Dry,No Controls,Unincorporated,2006,0,1,960,-88.2047981290484,40.1274275193502,0.0029412495797620313,0.006127796996324941
A-Injury,Turning,Rain,"Darkness, lighted road",Wet,Traffic Signal,Champaign,2006,0,1,961,-88.2579854468787,40.1407616403136,0.002336409209805452,0.00645785666010693
A-Injury,Overturned,Clear,"Darkness, lighted road",Dry,No Controls,Champaign,2006,0,1,962,-88.2469463647787,40.1373262722871,0.002461944445905436,0.006372820952173368
A-Injury,Angle,Clear,"Darkness, lighted road",Dry,Traffic Signal,Champaign,2006,0,1,963,-88.2507303644678,40.1372703073071,0.0024189132146789243,0.006371435650320106
A-Injury,Fixed object,Clear,Daylight,Dry,Traffic Signal,Urbana,2006,0,1,964,-88.1908238463913,40.1420521271967,0.003100163596053775,0.006489800098142344
A-Injury,Angle,Clear,Daylight,Dry,Traffic Signal,Champaign,2006,0,2,965,-88.2451481925981,40.1125912927579,0.0024823930635708247,0.0057605556930332225
A-Injury,Angle,Clear,Daylight,Dry,Stop Sign/Flasher,Champaign,2006,0,1,966,-88.2320782430352,40.1126322160418,0.0026310231026743917,0.005761568667594014
A-Injury,Turning,Rain,Daylight,Wet,Traffic Signal,Champaign,2006,0,2,967,-88.2767806370244,40.1128526455,0.002122672360028662,0.005767024960742955
A-Injury,Turning,Rain,Daylight,Dry,Traffic Signal,Champaign,2006,0,1,968,-88.2785679336948,40.1128594791225,0.0021023474174775795,0.005767194113486575
A-Injury,Turning,Clear,Darkness,Dry,Stop Sign/Flasher,Champaign,2006,0,1,969,-88.2320797292275,40.1126296100362,0.0026310062018579804,0.005761504161104609
A-Injury,Sideswipe Same Direction,Clear,"Darkness, lighted road",Dry,Traffic Signal,Champaign,2006,0,1,970,-88.2578216280812,40.1126417294741,0.0023382721392805543,0.0057618041537032
A-Injury,Angle,Clear,Daylight,Dry,Lane Use Marking,Champaign,2006,0,1,971,-88.2335496280034,40.1126501412792,0.0026142906735010887,0.0057620123712205
A-Injury,Pedestrian,Clear,Darkness,Dry,Lane Use Marking,Champaign,2006,0,1,972,-88.2869533772499,40.1129274595469,0.002006989069115331,0.005768876833786192
A-Injury,Rear end,Clear,Daylight,Dry,No Controls,Champaign,2006,0,2,973,-88.2862363063955,40.1129227760869,0.002015143520562726,0.005768760904041815
A-Injury,Turning,Clear,Daylight,Dry,Other reg. sign,Champaign,1999,0,3,426,-88.2921064117282,40.1531961033285,0.001948389323773849,0.006765647079383319
A-Injury,Pedalcyclist,Clear,Daylight,Dry,No Controls,Rantoul,1999,0,2,427,-88.1452701202184,40.30902239458,0.003618195595321391,0.010622817225059818
A-Injury,Turning,Clear,Daylight,Dry,No Controls,Urbana,2006,0,1,988,-88.190627,40.139248,0.0031024021117185894,0.006420389502401974
A-Injury,Rear end,Rain,"Darkness, lighted road",Wet,Traffic Signal,Champaign,2006,0,2,974,-88.2828415578274,40.1128811265044,0.002053748230549965,0.005767729951402783
A-Injury,Rear end,Snow,Daylight,Ice,No Controls,Unincorporated,2000,0,5,286,-88.1824994383574,40.2114292354166,0.0031948278551344345,0.008207092529798048
A-Injury,Angle,Clear,Dawn,Dry,Stop Sign/Flasher,Unincorporated,2000,0,3,287,-88.288965715176,40.3112248396648,0.0019841049819803967,0.01067733437592296
A-Injury,Pedalcyclist,Clear,Daylight,Dry,No Controls,Champaign,2006,0,1,975,-88.2352592343825,40.1102728847203,0.0025948492164584403,0.005703168109742307
A-Injury,Pedalcyclist,Other,Daylight,Dry,No Controls,Champaign,2006,0,2,978,-88.2306496483993,40.1091355036389,0.0026472689248619127,0.005675014501540531