crash_severity,collision_type,weather,light,road_surface,traffic_control,city,year,fatality,injury,id,x,y,norm_x,norm_y
A-Injury,Angle,Clear,Daylight,Dry,Stop Sign/Flasher,Champaign,2006,0,1,979,-88.2578012710219,40.1090507795214,0.0023385036375357725,0.005672917324395131
A-Injury,Turning,Clear,Daylight,Dry,Stop Sign/Flasher,Champaign,2006,0,1,980,-88.257802750456,40.1081214504172,0.002338486813572866,0.0056499136293997445
A-Injury,Angle,Clear,Daylight,Dry,No Controls,Urbana,2006,0,1,981,-88.189007468337,40.1056698153237,0.0031208192489266887,0.005589228275119706
A-Injury,Fixed object,Unknown,Darkness,Unknown,Traffic Signal,Champaign,2006,0,1,982,-88.230289519002,40.1041703611113,0.0026513642770394034,0.005552112266155957
A-Injury,Turning,Clear,Daylight,Dry,No Controls,Champaign,2006,0,1,983,-88.2626381089474,40.0981616618627,0.002283499644861986,0.0054033788581416735
A-Injury,Rear end,Rain,Daylight,Wet,No Controls,Urbana,2006,0,1,984,-88.2228172899072,40.0981571596335,0.0027363376502882583,0.0054032674144058115
A-Injury,Parked Motor Vehicle,Clear,Darkness,Dry,No Controls,Unincorporated,2006,0,1,985,-88.2686411152908,40.0868429364233,0.002215234112293089,0.005123206305093614
A-Injury,Turning,Clear,Daylight,Dry,Traffic Signal,Champaign,2006,0,1,986,-88.2951588165696,40.0839594390785,0.0019136777092604279,0.005051831059079671
A-Injury,Fixed object,Clear,Daylight,Dry,No Controls,Champaign,2006,0,1,987,-88.3315199486487,40.0841693596543,0.001500182886134833,0.005057027225730566
A-Injury,Animal,Clear,Darkness,Dry,Lane Use Marking,Unincorporated,2007,0,2,989,-88.394138991134,40.2699198355361,0.0007880859734089403,0.00965491108962954
A-Injury,Overturned,Clear,Daylight,Dry,Lane Use Marking,Unincorporated,2007,0,1,990,-88.303418238142,40.0438505869783,0.001819752469122942,0.004059016138980346
A-Injury,Overturned,Clear,Daylight,Dry,No Controls,Unincorporated,2007,0,1,991,-88.4256632087228,39.9637225645678,0.0004295960136438659,0.002075606193254026
A-Injury,Overturned,Clear,Daylight,Ice,No Controls,Unincorporated,2007,0,1,992,-88.4073618109456,40.0991231999228,0.0006377175105314691,0.0054271798218274245
A-Injury,Overturned,Clear,Daylight,Dry,No Controls,Unincorporated,2007,0,1,993,-88.0805945240205,40.0987020369866,0.004353679412277664,0.005416754770374777
A-Injury,Overturned,Clear,Daylight,Dry,No Controls,Unincorporated,2007,0,1,994,-88.0096883283625,40.1934206395912,0.005160016925871155,0.007761325531011076
A-Injury,Overturned,Clear,Daylight,Unknown,No Controls,Unincorporated,2007,0,1,995,-87.9577248546221,39.9888253758626,0.0057509398744892476,0.002696976396710777
A-Injury,Overturned,Clear,Darkness,Dry,No Controls,Unincorporated,2007,0,1,996,-88.2186136221782,40.03982175479,0.0027841413006339227,0.003959290405191396
A-Injury,Overturned,Clear,Darkness,Dry,No Controls,Unincorporated,2007,0,1,997,-88.4451453321449,40.0985919984412,0.0002080474336654059,0.005414030984877572
A-Injury,Overturned,Clear,Darkness,Dry,No Controls,Unincorporated,2007,0,1,998,-88.3409753243564,40.1278146585356,0.0013926573861769032,0.006137379857446451
A-Injury,Overturned,Snow,Daylight,Snow or Slush,Lane Use Marking,Unincorporated,2007,0,1,999,-88.0713819744794,40.1206598839423,0.0044584435195872745,0.005960277632021827
A-Injury,Overturned,Clear,Daylight,Dry,No Controls,Unincorporated,2007,0,3,1000,-88.3465843758616,40.2742633370445,0.001328871865005708,0.009762425837053432
A-Injury,Overturned,Clear,Daylight,Ice,No Controls,Unincorporated,2007,0,1,1001,-88.3464227025926,40.0257600302021,0.0013307103957648759,0.003611220359748152
A-Injury,Overturned,Clear,Daylight,Dry,Lane Use Marking,Unincorporated,2007,0,1,1002,-88.2307833390504,40.1954833316217,0.0026457486093773848,0.007812383372764653
A-Injury,Overturned,Clear,Darkness,Dry,Lane Use Marking,Unincorporated,2007,0,1,1003,-88.0002898607003,40.1199483188984,0.005266895273750306,0.005942664253547651
A-Injury,Overturned,Clear,Daylight,Ice,Lane Use Marking,Unincorporated,2007,0,2,1004,-87.9478731574197,40.1201189279137,0.005862972299203851,0.005946887340647463
A-Injury,Overturned,Rain,Daylight,Ice,Lane Use Marking,Unincorporated,2007,0,3,1005,-88.1705233154888,40.3347964363988,0.003331019016523734,0.011260802406112715
A-Injury,Overturned,Rain,Darkness,Wet,No Controls,Unincorporated,2007,0,1,1007,-88.1627645487631,40.1263091292504,0.0034192508644191903,0.006100113472129415
A-Injury,Overturned,Clear,Dawn,Dry,No Controls,Unincorporated,2007,0,1,1008,-88.3343649816082,40.1133033475161,0.0014678294820159768,0.005778181193411692
A-Injury,Overturned,Clear,Daylight,Dry,Other Regualtory Sig,Unincorporated,2007,0,2,1009,-88.2747196050676,39.9008467764965,0.0021461101903629547,0.0005192410209411993
A-Injury,Overturned,Clear,Daylight,Dry,Lane Use Marking,Unincorporated,2007,0,1,1010,-88.1822333511661,40.1973499923483,0.003197853769615315,0.007858588849189179
A-Injury,Fixed object,Clear,Daylight,Dry,No Controls,Unincorporated,2007,0,1,1011,-88.2940391665002,39.9815960997166,0.001926410247576375,0.0025180300334156297
A-Injury,Fixed object,Clear,Dawn,Dry,No Controls,Unincorporated,2007,0,4,1012,-88.0980460532795,40.3722696031426,0.004155222527367584,0.012188376173461529
A-Injury,Fixed object,Clear,Daylight,Dry,No Controls,Unincorporated,2007,0,4,1013,-87.9546795059477,40.3383761208726,0.005785571247042206,0.011349410380880083
A-Injury,Fixed object,Fog/Smoke/Haze,Darkness,Dry,No Controls,Unincorporated,2007,0,1,1014,-87.9608012474204,40.2216706991369,0.005715955471549514,0.008460599609974952
A-Injury,Fixed object,Snow,Daylight,Snow or Slush,No Controls,Unincorporated,2007,0,1,1015,-87.9582714849523,40.0573905546666,0.005744723654069824,0.0043941711293306335
A-Injury,Fixed object,Clear,Darkness,Other,No Controls,Unincorporated,2007,0,1,1016,-88.1061424527553,40.0113030782578,0.004063151156709703,0.0032533672465848004
A-Injury,Fixed object,Clear,Darkness,Dry,No Controls,Unincorporated,2007,0,1,1017,-88.1274366616804,40.0258851815601,0.003820995738282889,0.003614318232885519
A-Injury,Fixed object,Clear,Darkness,Dry,No Controls,Unincorporated,2007,0,1,1018,-88.4582082405629,40.0255271790467,5.9497465692671725e-05,0.0036054565921721424
A-Injury,Fixed object,Rain,Darkness,Ice,No Controls,Unincorporated,2007,0,2,1019,-88.4436355953535,40.0985885914739,0.00022521599558394375,0.005413946652173127
A-Injury,Fixed object,Clear,Darkness,Dry,No Controls,Unincorporated,2007,0,2,1020,-88.1734976390862,40.2388326497681,0.0032971953333900705,0.00888540958962975
A-Injury,Fixed object,Clear,Daylight,Dry,No Controls,Unincorporated,2007,0,2,1021,-88.0404009997464,40.3857191352168,0.004810755780921954,0.01252129260991969
A-Injury,Fixed object,Clear,Darkness,Dry,No Controls,Unincorporated,2007,0,1,1022,-88.1828904603524,40.2352217751933,0.0031903811957095024,0.008796029565900577
A-Injury,Overturned,Clear,Darkness,Dry,Lane Use Marking,Urbana,2000,0,1,288,-88.1884623440006,40.145826693217,0.003127018343348994,0.0065832319782793405
A-Injury,Overturned,Clear,Daylight,Dry,No Passing,St. Joseph,2000,0,1,289,-88.0184337129719,40.1143397664826,0.0050605653671473814,0.0058038356851145305
A-Injury,Fixed object,Rain,Daylight,Wet,Lane Use Marking,Unincorporated,2007,0,2,1023,-88.2573112920434,40.0176492696234,0.0023440756249703846,0.003410454601212524
A-Injury,Fixed object,Clear,Darkness,Dry,Other Warning Sign,Unincorporated,2007,0,1,1024,-88.2896047775962,40.1449549527175,0.0019768376339278576,0.006561653774739591
A-Injury,Fixed object,Fog/Smoke/Haze,Darkness,Dry,Lane Use Marking,Unincorporated,2007,0,1,1025,-87.9648693742589,40.119803689275,0.005669693177408775,0.005939084234662032
A-Injury,Fixed object,Clear,Daylight,Dry,Lane Use Marking,Unincorporated,2007,0,1,1026,-88.1607166882584,39.9274333186021,0.003442538910438656,0.001177338031804219
A-Injury,Fixed object,Snow,Darkness,Snow or Slush,No Controls,Unincorporated,2007,0,2,1027,-88.2381896260567,40.0921325913405,0.0025615251223577657,0.005254141199736141
A-Injury,Fixed object,Clear,Daylight,Dry,No Controls,Unincorporated,2007,0,1,1028,-88.2760330482819,40.0837297279878,0.0021311738575666844,0.005046145017564793
A-Injury,Fixed object,Clear,Darkness,Dry,No Controls,Unincorporated,2007,0,3,1029,-88.3387078159048,40.1967745261,0.0014184432446615674,0.007844344325912907
A-Injury,Fixed object,Clear,"Darkness, lighted road",Dry,No Controls,Unincorporated,2007,0,1,1030,-88.1137072564364,40.0257973689162,0.003977125035375157,0.003612144605407545
A-Injury,Fixed object,Clear,Daylight,Dry,Lane Use Marking,Unincorporated,2007,0,2,1031,-88.194845164863,40.2446317299243,0.0030544336015483828,0.009028954293615441
A-Injury,Fixed object,Clear,Darkness,Dry,Lane Use Marking,Unincorporated,2007,0,1,1032,-88.3035279409879,39.9308232123231,0.0018185049403396008,0.0012612481136822055
A-Injury,Other non collision,Clear,Daylight,Dry,No Controls,Unincorporated,2007,0,1,1033,-88.365165903512,40.1603398781934,0.0011175647617920807,0.006942477028392726
A-Injury,Parked Motor Vehicle,Clear,Darkness,Dry,Stop Sign/Flasher,Unincorporated,2007,0,3,1034,-88.3651917644643,40.2112407160078,0.0011172706738666472,0.008202426106502783
A-Injury,Parked Motor Vehicle,Snow,Darkness,Snow or Slush,Lane Use Marking,Unincorporated,2007,0,2,1035,-87.9945375572209,40.1200525817891,0.005332309840728288,0.005945245074191498
A-Injury,Turning,Clear,Daylight,Dry,Traffic Signal,Unincorporated,2007,0,2,1036,-88.2950269625208,40.069391321775,0.0019151771391040732,0.004691226268383148
A-Injury,Turning,Rain,Daylight,Wet,No Controls,Unincorporated,2007,0,3,1037,-88.0476577995498,40.0909514158076,0.0047282322460486005,0.005224903546926007
A-Injury,Turning,Clear,Daylight,Wet,Stop Sign/Flasher,Unincorporated,2007,0,2,1038,-88.258312104276,40.0103299559196,0.0023326944975565773,0.003229279537117867
A-Injury,Turning,Clear,Daylight,Dry,Stop Sign/Flasher,Unincorporated,2007,0,1,1039,-88.276040250659,40.0546595282383,0.0021310919529209512,0.004326569997829072
A-Injury,Turning,Clear,Daylight,Dry,Other Warning Sign,Unincorporated,2007,0,1,1040,-87.9585209290324,40.0766075698533,0.005741887003231914,0.004869850147754651
A-Injury,Rear end,Clear,Darkness,Dry,Lane Use Marking,Unincorporated,2007,0,1,1041,-87.987168130973,40.119840213753,0.0054161141512288295,0.005939988325524947
A-Injury,Rear end,Clear,Daylight,Unknown,No Controls,Unincorporated,2007,0,2,1044,-88.3653196769091,40.1965091562693,0.0011158160675133171,0.007837775623158587
A-Injury,Rear end,Clear,Darkness,Dry,Lane Use Marking,Unincorporated,2007,0,1,1045,-88.3099741886533,40.1681858195672,0.0017451989158619543,0.007136687713821361
A-Injury,Rear end,Clear,Daylight,Dry,Lane Use Marking,Unincorporated,2007,0,3,1046,-88.1820501418416,40.1694370520306,0.0031999372060458977,0.00716765948671269
A-Injury,Rear end,Snow,Daylight,Snow or Slush,Lane Use Marking,Unincorporated,2007,0,1,1047,-88.0122285196245,40.1201998234761,0.005131130148245513,0.005948889749520149
A-Injury,Rear end,Snow,Daylight,Ice,Lane Use Marking,Unincorporated,2007,0,2,1048,-88.3035154012023,39.9897583607377,0.0018186475414120272,0.0027200705830492874
A-Injury,Rear end,Clear,Daylight,Dry,Lane Use Marking,Unincorporated,2007,0,2,1049,-88.1863355104928,40.2652332103391,0.0031512044617353204,0.009538902997229528
A-Injury,Sideswipe Same Direction,Clear,Daylight,Dry,Lane Use Marking,Unincorporated,2007,0,1,1050,-88.1489234146251,40.1204853594899,0.003576650730292464,0.005955957626058143
A-Injury,Sideswipe Opposite Direction,Rain,Darkness,Wet,Lane Use Marking,Unincorporated,2007,0,2,1051,-88.1624325613859,40.0986903038359,0.003423026188617571,0.005416464339548047
A-Injury,Sideswipe Opposite Direction,Clear,Daylight,Dry,Lane Use Marking,Unincorporated,2007,0,1,1052,-88.3167429142227,40.1617876140643,0.00166822570787668,0.006978312852599469
A-Injury,Head on,Clear,Daylight,Dry,No Controls,Unincorporated,2007,0,2,1054,-88.2249292669419,40.1872926262189,0.002712320478091606,0.007609638738993354
A-Injury,Angle,Clear,Daylight,Dry,No Controls,Unincorporated,2007,0,2,1055,-88.0849714819924,39.909030427513,0.0043039051242142095,0.0007218110373997164
A-Injury,Angle,Clear,Daylight,Dry,Stop Sign/Flasher,Unincorporated,2007,0,2,1056,-88.4074603971238,40.1132202567321,0.0006365963992792804,0.005776124446191043
A-Injury,Angle,Clear,Darkness,Dry,Stop Sign/Flasher,Unincorporated,2007,0,2,1057,-88.384565714608,40.2815832311793,0.0008969522285969753,0.009943615268563908
A-Injury,Angle,Clear,Daylight,Dry,Stop Sign/Flasher,Unincorporated,2007,0,4,1058,-88.2126382688677,40.2386936645632,0.0028520923659323947,0.00888196928710621
A-Injury,Angle,Clear,Daylight,Dry,Stop Sign/Flasher,Unincorporated,2007,0,2,1059,-88.2902403265637,40.3550802091416,0.001969610240475533,0.011762886887729121
A-Injury,Angle,Clear,Daylight,Dry,No Controls,Unincorporated,2007,0,2,1060,-88.3651690193149,40.204880379047,0.0011175293292216355,0.008044988605779254
A-Injury,Angle,Clear,Daylight,Dry,Stop Sign/Flasher,Unincorporated,2007,0,3,1061,-88.3845900129298,40.3108300035381,0.0008966759107349545,0.010667560992316647
A-Injury,Angle,Clear,Darkness,Dry,Stop Sign/Flasher,Unincorporated,2007,0,1,1062,-88.3135170755969,40.025480828236,0.0017049095924461387,0.003604309269972404
A-Injury,Unknown,Rain,Darkness,Wet,No Controls,Unincorporated,2007,0,1,1063,-88.2056960080738,40.1274559985396,0.0029310389975395357,0.006128501942058147
A-Injury,Overturned,Clear,Darkness,Dry,No Controls,Bondville,2007,0,2,1064,-88.359940379304,40.1131763323286,0.0011769888524232257,0.005775037184879209
A-Injury,Fixed object,Clear,Darkness,Wet,No Passing,Broadlands,2007,0,1,1065,-88.002612651718,39.9082482472868,0.0052404807479614,0.0007024497204305601
A-Injury,Overturned,Clear,Daylight,Dry,Lane Use Marking,Champaign,2007,0,3,1066,-88.3070004450569,40.1185289881077,0.001779016003287584,0.005907531540648098
A-Injury,Rear end,Rain,Dusk,Wet,No Controls,Champaign,2006,0,2,898,-88.2451364292602,40.1089299533004,0.0024825268349647303,0.00566992651142825
A-Injury,Overturned,Clear,Daylight,Dry,Lane Use Marking,Champaign,2007,0,1,1067,-88.2862166735568,40.1471166581767,0.0020153667830603915,0.006615162497138175
A-Injury,Fixed object,Clear,Daylight,Dry,Lane Use Marking,Champaign,2007,0,2,1068,-88.2863548880237,40.1467418045471,0.002013795023236736,0.00660588374053372
A-Injury,Overturned,Clear,Darkness,Dry,No Controls,Unincorporated,1999,0,2,429,-88.001190450865,40.12003359657,0.0052566538607479,0.0059447751328245224
A-Injury,Rear end,Clear,"Darkness, lighted road",Unknown,Traffic Signal,Champaign,1999,0,2,430,-88.2578465808394,40.1182575235972,0.0023379883792393604,0.005900811976208161
A-Injury,Angle,Snow,Daylight,Snow or Slush,No Controls,Mahomet,2000,0,1,290,-88.3937934838254,40.1965526191713,0.0007920150447905755,0.007838851460917987
A-Injury,Fixed object,Clear,Daylight,Dry,No Controls,Champaign,2007,0,1,1069,-88.2578883836708,40.1153317673231,0.002337513002005777,0.005828390694386218
A-Injury,Fixed object,Clear,Darkness,Dry,No Controls,Champaign,2007,0,1,1070,-88.2975161221292,40.1092840571465,0.0018868706878701512,0.005678691648381083
A-Injury,Angle,Rain,Daylight,Wet,Stop Sign/Flasher,Champaign,2007,0,3,1119,-88.2862689475474,40.0914597572092,0.0020147723289479042,0.005237486528028293
A-Injury,Fixed object,Snow,Darkness,Snow or Slush,No Controls,Champaign,2007,0,2,1071,-88.2646292337985,40.1163503514938,0.002260856790499359,0.005853603721164521
A-Injury,Fixed object,Rain,Daylight,Wet,Lane Use Marking,Champaign,2007,0,1,1072,-88.3148080601528,40.1199977245879,0.001690228657060635,0.005943887193200623
A-Injury,Fixed object,Clear,Daylight,Dry,No Controls,Champaign,2007,0,1,1073,-88.2565583465071,40.1360434958012,0.0023526380393824177,0.0063410683696967195
A-Injury,Parked Motor Vehicle,Clear,Daylight,Dry,No Controls,Champaign,2007,0,1,1074,-88.2662370340083,40.12799314931,0.0022425730620960487,0.006141798041828396
A-Injury,Parked Motor Vehicle,Clear,Daylight,Dry,Lane Use Marking,Champaign,2007,0,1,1075,-88.2492475508072,40.1346731964234,0.0024357756096941457,0.006307149331977041
A-Injury,Turning,Clear,Daylight,Dry,No Controls,Champaign,2007,0,1,1076,-88.2828086446203,40.1111404141893,0.0020541225159466862,0.005724642077590984
A-Injury,Turning,Clear,Darkness,Wet,Stop Sign/Flasher,Champaign,2007,0,1,1077,-88.2335495697632,40.1066008504429,0.002614291335802326,0.005612274199125968
A-Injury,Turning,Clear,Daylight,Dry,Traffic Signal,Champaign,2007,0,1,1078,-88.2435310437051,40.1211423010021,0.002500783104178466,0.005972218907565772
A-Injury,Turning,Clear,Daylight,Dry,Traffic Signal,Champaign,2007,0,1,1079,-88.2446040129779,40.0981081872114,0.0024885814147836073,0.005402055199426121
A-Injury,Turning,Rain,Daylight,Wet,Traffic Signal,Champaign,2007,0,1,1080,-88.2435325628163,40.1211416617469,0.0025007658290118633,0.0059722030840736445
A-Injury,Turning,Clear,Daylight,Dry,Traffic Signal,Champaign,2007,0,2,1081,-88.2483421427047,40.1418527573236,0.002446071811759142,0.00648486509316791
A-Injury,Turning,Clear,Daylight,Dry,Traffic Signal,Champaign,2007,0,1,1082,-88.2437307188836,40.1359596384114,0.002498512419854505,0.0063389926466732175
A-Injury,Turning,Clear,Daylight,Dry,No Controls,Champaign,2007,0,2,1083,-88.2769890023852,40.1274122446371,0.00212030285190047,0.006127418901159622
A-Injury,Turning,Clear,Daylight,Dry,Traffic Signal,Champaign,2007,0,2,1084,-88.2468593238754,40.1271718569055,0.0024629342655522668,0.006121468580618251
A-Injury,Turning,Clear,Darkness,Dry,Stop Sign/Flasher,Champaign,2007,0,1,1085,-88.2767513026559,40.1103310604065,0.002123005947263802,0.005704608133233907
A-Injury,Turning,Clear,Daylight,Dry,Lane Use Marking,Champaign,2007,0,2,1086,-88.2387491377119,40.1126219750527,0.0025551624169171034,0.00576131517226198
A-Injury,Turning,Unknown,Daylight,Dry,No Controls,Champaign,2007,0,2,1087,-88.2769913127788,40.1309519177512,0.0021202765783567916,0.006215036474237297
A-Injury,Turning,Rain,Daylight,Wet,Traffic Signal,Champaign,2007,0,3,1088,-88.2817420134059,40.1185004901925,0.0020662521296336,0.005906826131395116
A-Injury,Turning,Clear,Daylight,Unknown,No Controls,Champaign,2007,0,1,1091,-88.2388100094233,40.1163931452971,0.0025544701904626856,0.00585466299671548
A-Injury,Angle,Clear,Daylight,Unknown,Stop Sign/Flasher,Savoy,2005,0,1,600,-88.2513910394785,40.0743176048519,0.0024114000906072823,0.004813166615296075
A-Injury,Turning,Clear,Daylight,Dry,Traffic Signal,Champaign,2007,0,1,1092,-88.2860259263499,40.1129193443347,0.0020175359394664,0.00576867595783653
A-Injury,Turning,Rain,"Darkness, lighted road",Wet,Traffic Signal,Champaign,2007,0,3,1093,-88.2817408002825,40.1185041595858,0.0020662659251403925,0.005906916959933439
A-Injury,Turning,Clear,Daylight,Dry,Stop Sign/Flasher,Champaign,2007,0,2,1094,-88.2950796310593,40.0984686550784,0.0019145781982359935,0.005410977865068041
A-Injury,Rear end,Clear,Daylight,Dry,Traffic Signal,Champaign,2007,0,2,1095,-88.2579804260096,40.1322295056141,0.0023364663065806664,0.006246660622663628
A-Injury,Rear end,Clear,Daylight,Wet,No Controls,Champaign,2007,0,1,1096,-88.2458612336395,40.0903082264102,0.00247428443871677,0.005208982671688934
A-Injury,Rear end,Clear,Daylight,Dry,No Controls,Champaign,2007,0,2,1097,-88.2579496117378,40.1270614396088,0.002336816723114401,0.0061187354198854755
A-Injury,Rear end,Clear,"Darkness, lighted road",Dry,Traffic Signal,Champaign,2007,0,1,1098,-88.2579508174828,40.1423011611674,0.0023368030115140086,0.006495964439148879
A-Injury,Rear end,Rain,Daylight,Wet,Traffic Signal,Champaign,2007,0,2,1099,-88.2576499804883,40.0981624809128,0.0023402240969620336,0.005403399132099107
A-Injury,Rear end,Clear,Daylight,Dry,Lane Use Marking,Champaign,2007,0,1,1100,-88.2767491715201,40.1110489297074,0.0021230301823073985,0.0057223775610608105
A-Injury,Rear end,Sleet,Daylight,Ice,No Controls,Champaign,2007,0,1,1102,-88.2623253066529,40.1487272192134,0.0022870567983949673,0.006655028734720122
A-Injury,Rear end,Clear,Daylight,Dry,No Controls,Champaign,2007,0,2,1103,-88.2390099849827,40.139701946787,0.002552196090239886,0.006431626052925445
A-Injury,Rear end,Fog/Smoke/Haze,Daylight,Ice,No Controls,Champaign,2007,0,1,1104,-88.277067228556,40.1432557079186,0.0021194132724289554,0.006519592346877373
A-Injury,Rear end,Snow,Daylight,Snow or Slush,Stop Sign/Flasher,Champaign,2007,0,2,1105,-88.295211522821,40.0933033436063,0.0019130783395252728,0.005283120845284777
A-Injury,Rear end,Clear,"Darkness, lighted road",Dry,No Controls,Champaign,2007,0,1,1106,-88.233765985941,40.1126502165713,0.0026118302746623956,0.005762014234926965
A-Injury,Rear end,Clear,Daylight,Dry,Stop Sign/Flasher,Champaign,2007,0,1,1107,-88.3145688473172,40.1277984599002,0.0016929489593033855,0.0061369788924208165
A-Injury,Rear end,Clear,Daylight,Dry,Lane Use Marking,Champaign,2007,0,1,1108,-88.2843012024425,40.1466746899161,0.002037149311389854,0.006604222451229093
A-Injury,Rear end,Rain,Daylight,Wet,No Controls,Champaign,2007,0,1,1109,-88.2670514978252,40.1273195078564,0.0022333110685152048,0.0061251233864614745
A-Injury,Rear end,Clear,Daylight,Wet,No Controls,Champaign,2007,0,1,1110,-88.2612147341652,40.1126699084371,0.002299686107443219,0.0057625016679284605
A-Injury,Rear end,Clear,"Darkness, lighted road",Ice,No Controls,Champaign,2007,0,2,1111,-88.26620718832,40.0836769977214,0.0022429124640040822,0.005044839784617814
A-Injury,Rear end,Clear,Daylight,Dry,Traffic Signal,Champaign,2007,0,3,1112,-88.3143001213724,40.0986937030442,0.001696004881401062,0.005416548480193722
A-Injury,Sideswipe Same Direction,Snow,Daylight,Snow or Slush,No Controls,Champaign,2007,0,1,1113,-88.2374661839303,40.1164050627452,0.0025697520272144857,0.0058549579894580355
A-Injury,Sideswipe Same Direction,Clear,Daylight,Dry,Traffic Signal,Champaign,2007,0,1,1114,-88.2436195613162,40.1272108205502,0.0024997764915718657,0.006122433048205137
A-Injury,Turning,Clear,Daylight,Dry,Traffic Signal,Urbana,1999,0,6,431,-88.1921736899276,40.1395660925544,0.0030848133227708466,0.006428263251398488
A-Injury,Overturned,Clear,Daylight,Dry,Lane Use Marking,Unincorporated,1999,0,1,432,-88.1824213995815,40.2060791458896,0.003195715303571575,0.008074661696499636
A-Injury,Sideswipe Same Direction,Clear,Daylight,Dry,No Controls,Champaign,2007,0,1,1115,-88.2578901209261,40.1153285874231,0.0023374932461281894,0.005828311982281594
A-Injury,Turning,Clear,Daylight,Dry,Traffic Signal,Urbana,2000,0,1,291,-88.2195613721625,40.1341663829274,0.0027733635913130134,0.0062946041711411695
A-Injury,Overturned,Clear,Darkness,Dry,Lane Use Marking,Champaign,2000,0,1,292,-88.3048411222464,40.1022329981483,0.001803571586476133,0.0055041566963852885
A-Injury,Sideswipe Opposite Direction,Clear,Daylight,Dry,No Controls,Champaign,2007,0,1,1116,-88.276551138823,40.1010191475465,0.002125282188512322,0.005474110237184001
A-Injury,Head on,Rain,"Darkness, lighted road",Wet,No Controls,Champaign,2007,0,3,1117,-88.2451242625018,40.094747995896,0.002482665194012512,0.005318880341567187
A-Injury,Head on,Clear,Daylight,Ice,Lane Use Marking,Champaign,2007,0,2,1118,-88.2842173595129,40.146335301775,0.002038102764029199,0.006595821572307225
A-Injury,Angle,Clear,Daylight,Dry,Stop Sign/Flasher,Champaign,2007,0,2,1120,-88.2414195951519,40.0945137300847,0.002524794266541291,0.005313081556995951
A-Injury,Angle,Clear,Daylight,Dry,Stop Sign/Flasher,Champaign,2007,0,1,1121,-88.2578189233119,40.1117007081683,0.0023383028976216662,0.0057385110414945855
A-Injury,Angle,Clear,Daylight,Dry,Traffic Signal,Champaign,2007,0,2,1122,-88.2767810166107,40.1128501932043,0.0021226680434147504,0.005766964259036765
A-Injury,Angle,Clear,Daylight,Dry,Traffic Signal,Champaign,2007,0,1,1123,-88.2769966848162,40.1274110586469,0.002120215488134224,0.0061273895443292896
A-Injury,Angle,Clear,Daylight,Dry,Stop Sign/Flasher,Champaign,2007,0,1,1124,-88.2788289218144,40.1256803317352,0.0020993794890832185,0.006084548839333213
A-Injury,Angle,Clear,Daylight,Dry,No Controls,Champaign,2007,0,1,1125,-88.2773477750964,40.1274223731947,0.0021162229278091334,0.006127669613473133
A-Injury,Angle,Clear,Daylight,Dry,Stop Sign/Flasher,Champaign,2007,0,2,1126,-88.2688997527026,40.1273111870775,0.0022122929158911466,0.006124917422116888
A-Injury,Angle,Clear,Daylight,Dry,Traffic Signal,Champaign,2007,0,2,1127,-88.2333289813959,40.0981008488475,0.002616799842625525,0.005401873552812266
A-Injury,Angle,Clear,Daylight,Dry,Stop Sign/Flasher,Champaign,2007,0,1,1128,-88.2320508410524,40.1103028908707,0.0026313347150303764,0.005703910852360167
A-Injury,Angle,Clear,Daylight,Dry,Traffic Signal,Champaign,2007,0,1,1129,-88.2435337105053,40.1211395876116,0.002500752777617832,0.0059721517429766075
A-Injury,Angle,Clear,Daylight,Dry,Traffic Signal,Champaign,2007,0,3,1130,-88.2437284003033,40.1379920093783,0.0024985387864964745,0.006389299950758506
A-Injury,Angle,Clear,Daylight,Snow or Slush,No Controls,Champaign,2007,0,1,1131,-88.2765588182045,40.1090109028929,0.002125194859424417,0.005671930257708755
A-Injury,Angle,Clear,Daylight,Dry,Traffic Signal,Champaign,2007,0,1,1132,-88.2408586776982,40.1163813132471,0.0025311729585688093,0.005854370117833149
A-Injury,Angle,Clear,Daylight,Dry,Stop Sign/Flasher,Champaign,2007,0,5,1133,-88.2545810202741,40.1314736028775,0.002375123977366926,0.006227949752724853
A-Injury,Angle,Clear,Daylight,Dry,Stop Sign/Flasher,Champaign,2007,0,3,1134,-88.2769929087708,40.1309529075875,0.002120258428910183,0.006215060975667716
A-Injury,Angle,Clear,Daylight,Dry,Stop Sign/Flasher,Champaign,2007,0,3,1135,-88.2321174697654,40.1202609419564,0.0026305770205824375,0.005950402616031199
A-Injury,Angle,Clear,Daylight,Dry,Traffic Signal,Champaign,2007,0,1,1136,-88.2387092443107,40.1102303675156,0.002555616080319018,0.005702115680839927
A-Injury,Angle,Snow,Daylight,Snow or Slush,Stop Sign/Flasher,Champaign,2007,0,4,1138,-88.2955388718708,40.1223995071925,0.0019093557618796745,0.006003338548196413