crash_severity,collision_type,weather,light,road_surface,traffic_control,city,year,fatality,injury,id,x,y,norm_x,norm_y
A-Injury,Angle,Clear,"Darkness, lighted road",Dry,Traffic Signal,Champaign,2007,0,3,1139,-88.243493162767,40.1102207586163,0.0025012138820697904,0.005701877831634855
A-Injury,Angle,Clear,Daylight,Dry,Stop Sign/Flasher,Champaign,2007,0,1,1140,-88.24108840582,40.1272190991056,0.0025285605154556005,0.006122637967391133
A-Injury,Angle,Clear,Daylight,Dry,No Controls,Rantoul,2005,0,1,625,-88.1633697296594,40.2838068156314,0.0034123688133564077,0.009998655682451455
A-Injury,Unknown,Clear,Daylight,Dry,No Controls,Champaign,2007,0,1,1141,-88.2577713355649,40.1054334270971,0.00233884406028371,0.0055833769543758
A-Injury,Unknown,Clear,Daylight,Wet,Stop Sign/Flasher,Champaign,2007,0,1,1142,-88.2708296515318,40.1183930960718,0.002190346317163261,0.005904167803375669
A-Injury,Unknown,Clear,Daylight,Dry,Traffic Signal,Champaign,2007,0,1,1143,-88.2580042653602,40.1465021316114,0.0023361952080890157,0.006599951113344307
A-Injury,Unknown,Clear,Daylight,Dry,Traffic Signal,Champaign,2007,0,1,1144,-88.2451420538219,40.1102095693649,0.0024824628730633785,0.005701600863954263
A-Injury,Unknown,Rain,Daylight,Wet,No Controls,Champaign,2007,0,1,1145,-88.2500885189161,40.1181050454494,0.0024262122121990193,0.005897037682699319
A-Injury,Unknown,Clear,Daylight,Dry,No Controls,Champaign,2007,0,1,1146,-88.268901176099,40.1273122038319,0.00221227672918259,0.006124942589851236
A-Injury,Unknown,Fog/Smoke/Haze,Darkness,Ice,No Controls,Champaign,2007,0,1,1147,-88.2320601031212,40.1079798707699,0.002631229387795453,0.005646409106610884
A-Injury,Unknown,Clear,Daylight,Dry,Traffic Signal,Champaign,2007,0,1,1148,-88.245233254143,40.1183108886021,0.0024814257529714168,0.005902132920845162
A-Injury,Unknown,Clear,Darkness,Dry,Stop Sign/Flasher,Champaign,2007,0,1,1149,-88.2625590073818,40.1163505719297,0.0022843991792276096,0.00585360917761714
A-Injury,Rear end,Clear,Darkness,Dry,No Controls,Mahomet,2007,0,4,1150,-88.3653093422445,40.1930071384624,0.0011159335921904696,0.007751090132373159
A-Injury,Overturned,Clear,Daylight,Dry,Other Warning Sign,Ogden,2007,0,2,1152,-87.9612340099243,40.1198631686291,0.005711034143615815,0.005940556527861564
A-Injury,Turning,Clear,Daylight,Dry,Lane Use Marking,Pesotum,2007,0,1,1153,-88.2808098006753,39.904909588579,0.0020768531510021782,0.0006198078594782698
A-Injury,Overturned,Clear,Daylight,Dry,No Controls,Rantoul,2007,0,1,1154,-88.1557893870442,40.3160583472146,0.0034985716417525064,0.010796978249047616
A-Injury,Fixed object,Severe cross wind,Daylight,Dry,No Controls,Rantoul,2007,0,3,1155,-88.1304927559154,40.3121690920512,0.0037862421683884213,0.010700707467110215
A-Injury,Unknown,Rain,"Darkness, lighted road",Wet,No Controls,Rantoul,2007,0,1,1156,-88.1364874527306,40.3143276256408,0.003718071130866736,0.010754137676180709
A-Injury,Turning,Clear,Daylight,Dry,No Controls,Urbana,2007,0,1,1176,-88.190721,40.139557,0.0031013331539841292,0.006428038183285329
A-Injury,Parked Motor Vehicle,Clear,Daylight,Ice,Lane Use Marking,St. Joseph,2007,0,1,1157,-88.0462569235174,40.120479037248,0.004744162855303958,0.005955801131525077
A-Injury,Rear end,Snow,Daylight,Snow or Slush,Lane Use Marking,St. Joseph,2007,0,1,1158,-88.0252824224563,40.1203054530783,0.0049826825908154985,0.005951504400390962
A-Injury,Angle,Clear,Dusk,Dry,Lane Use Marking,St. Joseph,2007,0,1,1159,-88.0430833677139,40.1194166462046,0.004780252185327905,0.0059295037526762035
A-Injury,Overturned,Clear,Daylight,"Sand, mud, dirt",Traffic Signal,Savoy,2007,0,1,1160,-88.2491691838204,40.0690019176691,0.0024366667905098213,0.004681587343655948
A-Injury,Overturned,Clear,Daylight,Dry,Lane Use Marking,Tolono,2007,0,1,1161,-88.2641584331331,39.9742344132803,0.0022662106842516834,0.0023358061165408514
A-Injury,Pedestrian,Clear,Daylight,Dry,Traffic Signal,Champaign,1999,0,1,433,-88.2578465808394,40.1182575235972,0.0023379883792393604,0.005900811976208161
A-Injury,Overturned,Clear,Daylight,"Sand, mud, dirt",No Controls,Unincorporated,1999,0,1,434,-88.1449940481123,40.3422124788197,0.003621335057163088,0.011444371797357465
A-Injury,Overturned,Clear,Daylight,Dry,Lane Use Marking,Urbana,2007,0,3,1162,-88.1778454691913,40.1233859833921,0.0032477522842468613,0.006027756805962531
A-Injury,Overturned,Clear,Daylight,Dry,No Controls,Urbana,2007,0,1,1163,-88.1626218353641,40.1169126398707,0.003420873785607371,0.005867522052424365
A-Injury,Fixed object,Rain,Daylight,Wet,Stop Sign/Flasher,Urbana,2007,0,1,1164,-88.2077197272199,40.1274801009176,0.002908025484413765,0.006129098548523665
A-Injury,Fixed object,Clear,Daylight,Dry,No Controls,Urbana,2007,0,1,1165,-88.1626260612232,40.115207621305,0.0034208257295993295,0.005825317706439947
A-Injury,Fixed object,Clear,Daylight,Dry,No Controls,Urbana,2007,0,2,1166,-88.2192371820504,40.1054323982584,0.002777050245864046,0.005583351487518627
A-Injury,Fixed object,Clear,"Darkness, lighted road",Dry,Traffic Signal,Urbana,2007,0,1,1167,-88.21954920919,40.1274100527874,0.0027735019073079586,0.006127364646276386
A-Injury,Fixed object,Clear,Daylight,Dry,Lane Use Marking,Urbana,2007,0,1,1168,-88.1975655634283,40.1350483917498,0.0030234975261494304,0.006316436546606609
A-Injury,Parked Motor Vehicle,Clear,Daylight,Dry,No Controls,Urbana,2007,0,2,1169,-88.2072988737839,40.1085675739047,0.002912811383727928,0.005660956529692423
A-Injury,Parked Motor Vehicle,Clear,Daylight,Wet,No Controls,Urbana,2007,0,3,1170,-88.1840097733877,40.0987341180544,0.0031776524901084755,0.005417548873449218
A-Injury,Turning,Clear,Daylight,Dry,No Controls,Urbana,2007,0,2,1171,-88.2243218208538,40.1273608240827,0.0027192282886682796,0.0061261460875303535
A-Injury,Turning,Clear,Daylight,Dry,No Controls,Urbana,2007,0,2,1172,-88.2050001943013,40.1135688260002,0.002938951715772847,0.00578475258566488
A-Injury,Turning,Clear,Daylight,Dry,Stop Sign/Flasher,Urbana,2007,0,1,1173,-88.2207395979397,40.1163971960967,0.002759964936444856,0.005854763266208793
A-Injury,Turning,Clear,Daylight,Dry,Stop Sign/Flasher,Urbana,2007,0,2,1174,-88.1784390573706,40.1129947345958,0.0032410020642956554,0.005770542093917055
A-Injury,Turning,Clear,Daylight,Dry,No Controls,Urbana,2007,0,1,1175,-88.2024525972295,40.1163008733183,0.0029679227114588927,0.005852378987264607
A-Injury,Turning,Clear,Daylight,Dry,No Controls,Urbana,2007,0,1,1177,-88.2074939688431,40.1158760307119,0.002910592784020414,0.005841862852889242
A-Injury,Rear end,Clear,Daylight,Dry,Traffic Signal,Urbana,2007,0,1,1178,-88.2194628955834,40.1164205773023,0.002774483456216211,0.005855342021484874
A-Injury,Rear end,Clear,Daylight,Dry,Traffic Signal,Urbana,2007,0,1,1179,-88.2049482001446,40.1092713009201,0.0029395429876448026,0.005678375893348591
A-Injury,Rear end,Clear,Dawn,Dry,No Controls,Urbana,2007,0,3,1180,-88.167071127578,40.1058619942812,0.003370276920443368,0.005593985283269837
A-Injury,Rear end,Clear,Dusk,Dry,No Controls,Urbana,2007,0,1,1181,-88.2194917101719,40.1238595745715,0.002774155779862654,0.00603947961437802
A-Injury,Sideswipe Same Direction,Fog/Smoke/Haze,Daylight,Dry,Yield,Urbana,2007,0,1,1182,-88.2127671734539,40.1164695305539,0.0028506264770554713,0.005856553761936941
A-Injury,Angle,Clear,"Darkness, lighted road",Dry,Traffic Signal,Urbana,2007,0,2,1183,-88.2049997505706,40.1162761251916,0.0029389567618300525,0.005851766396573252
A-Injury,Angle,Clear,Daylight,Dry,Traffic Signal,Urbana,2007,0,1,1184,-88.1784414856426,40.1140907408361,0.003240974450251681,0.005797671550157024
A-Injury,Angle,Clear,Daylight,Dry,Traffic Signal,Urbana,2007,0,1,1185,-88.2156206853926,40.116440213576,0.0028181766509111483,0.005855828078414512
A-Injury,Unknown,Clear,Daylight,Dry,Traffic Signal,Urbana,2007,0,1,1186,-88.219401969333,40.1128423336743,0.0027751763028821905,0.005766769711991876
A-Injury,Unknown,Clear,Dusk,Dry,Traffic Signal,Urbana,2007,0,1,1188,-88.2195085825499,40.1200907213728,0.0027739639090224766,0.005946189143785988
A-Injury,Unknown,Clear,Daylight,Dry,Traffic Signal,Urbana,2007,0,1,1189,-88.2089190150263,40.1124915473748,0.0028943873144496,0.005758086694311904
A-Injury,Sideswipe Same Direction,Clear,Darkness,Dry,Lane Use Marking,Unincorporated,2003,0,1,94,-88.141706268871,40.3742122832618,0.0036587233236476317,0.012236463358866478
A-Injury,Unknown,Clear,Daylight,Dry,No Controls,Urbana,2007,0,1,1190,-88.2194976560578,40.1206386616805,0.002774088163897498,0.0059597523171087755
A-Injury,Unknown,Clear,Daylight,Dry,Traffic Signal,Urbana,2007,0,1,1191,-88.2192508406763,40.1059790852007,0.0027768949214620497,0.005596883636271809
A-Injury,Unknown,Clear,Daylight,Dry,Traffic Signal,Urbana,2007,0,1,1192,-88.204995205202,40.1162792641262,0.002939008451265354,0.005851844094660904
A-Injury,Unknown,Clear,Daylight,Unknown,No Controls,Urbana,2007,0,1,1193,-88.2217103700922,40.1090800166509,0.002748925421541428,0.005673641031429157
A-Injury,Overturned,Clear,Daylight,Wet,Lane Use Marking,Unincorporated,2008,0,1,1194,-88.2930509487165,39.8818621799639,0.0019376481522926409,4.931506438319521e-05
A-Injury,Head on,Snow,Dusk,Snow or Slush,Lane Use Marking,Unincorporated,2008,0,1,1195,-88.3030891750266,39.9488287697635,0.0018234945389354032,0.0017069399032871872
A-Injury,Angle,Clear,Daylight,Snow or Slush,Stop Sign/Flasher,Champaign,2008,0,2,1196,-88.2500116175084,40.1090093964038,0.002427086726609182,0.0056718929675651595
A-Injury,Parked Motor Vehicle,Snow,Daylight,Snow or Slush,No Controls,Champaign,2008,0,1,1197,-88.3223467120599,40.0969953650989,0.0016044999308441666,0.005374509499690066
A-Injury,Turning,Clear,Daylight,Dry,No Controls,Champaign,2008,0,2,1198,-88.2531983588283,40.1271896729577,0.0023908474523327457,0.006121909581582252
A-Injury,Parked Motor Vehicle,Severe cross wind,Darkness,Dry,No Controls,Unincorporated,2008,0,2,1199,-88.0615710642772,40.1204187611536,0.004570012118989791,0.005954309116602832
A-Injury,Turning,Clear,Daylight,Wet,No Controls,Champaign,2008,0,1,1201,-88.2387313544736,40.1156520935822,0.00255536464596107,0.005836319734303383
A-Injury,Turning,Clear,Daylight,Dry,Traffic Signal,Champaign,2008,0,1,1202,-88.2578400091986,40.116319489117,0.002338063111220825,0.005852839784363645
A-Injury,Angle,Clear,Daylight,Dry,Traffic Signal,Urbana,2008,0,3,1203,-88.2193810318502,40.1164311332551,0.0027754144016500994,0.005855603313117146
A-Injury,Fixed object,Clear,"Darkness, lighted road",Dry,Traffic Signal,Champaign,2008,0,1,1204,-88.2767707467697,40.1128502620329,0.0021227848309250553,0.005766965962751915
A-Injury,Turning,Snow,Daylight,Snow or Slush,Lane Use Marking,Unincorporated,2008,0,1,1205,-88.3150582382125,40.1606312127145,0.0016873836594868215,0.006949688435454859
A-Injury,Angle,Snow,Daylight,Snow or Slush,Lane Use Marking,Urbana,2008,0,1,1206,-88.1726691205008,40.1210087188572,0.0033066171562634136,0.00596891234705417
A-Injury,Pedestrian,Rain,"Darkness, lighted road",Wet,Stop Sign/Flasher,Urbana,2008,0,1,1207,-88.2144568567194,40.1183410234458,0.0028314115834849225,0.005902878849009928
A-Injury,Fixed object,Rain,Daylight,Ice,No Controls,Unincorporated,2008,0,2,1208,-88.2899595997079,40.3183342745879,0.0019728026356225126,0.010853314307921287
A-Injury,Rear end,Clear,"Darkness, lighted road",Dry,Traffic Signal,Urbana,1999,0,2,435,-88.2269356648049,40.1164076697114,0.0026895039407056017,0.005855022519725109
A-Injury,Turning,Clear,Darkness,Dry,Stop Sign/Flasher,Champaign,2008,0,2,1209,-88.2320504653094,40.110299991431,0.0026313389879387317,0.005703839082492838
A-Injury,Pedalcyclist,Clear,Daylight,Dry,Stop Sign/Flasher,Champaign,2008,0,1,1210,-88.2578104589552,40.1153308230046,0.002338399153361654,0.005828367319658501
A-Injury,Rear end,Clear,Daylight,Dry,Traffic Signal,Rantoul,2008,0,3,1211,-88.155799676328,40.3081906655675,0.0034984546331407094,0.01060222942636084
A-Injury,Rear end,Clear,Daylight,Dry,No Controls,Champaign,2010,0,2,1721,-88.2354149370112,40.1163402150074,0.0025930785831685932,0.005853352812589217
A-Injury,Pedestrian,Clear,Daylight,Dry,Traffic Signal,Champaign,2008,0,1,1212,-88.2579034539181,40.1182694417485,0.0023373416247992446,0.005901106986357104
A-Injury,Rear end,Clear,Daylight,Snow or Slush,No Controls,Champaign,2008,0,1,1213,-88.2302995138192,40.1068697460735,0.002651250617069649,0.005618930176049459
A-Injury,Turning,Clear,Daylight,Unknown,Stop Sign/Flasher,Champaign,2000,0,2,293,-88.3145129624667,40.1132597945671,0.0016935844757203957,0.005777103126717701
A-Injury,Angle,Snow,Daylight,Snow or Slush,Traffic Signal,Champaign,2008,0,2,1214,-88.2451490298286,40.1125905467255,0.002482383542676989,0.005760537226483886
A-Injury,Rear end,Snow,Daylight,Snow or Slush,Traffic Signal,Champaign,2008,0,1,1215,-88.257790646342,40.1101590277394,0.002338624460235333,0.005700349806463133
A-Injury,Fixed object,Clear,Darkness,Dry,No Controls,Unincorporated,2008,0,1,1216,-88.1705574110777,40.0110006109141,0.003330631285210211,0.0032458802686251213
A-Injury,Fixed object,Clear,Daylight,Dry,Lane Use Marking,Unincorporated,2008,0,1,1217,-87.987016238915,40.1200126184813,0.005417841451124777,0.00594425586193114
A-Injury,Rear end,Clear,Daylight,Wet,Stop Sign/Flasher,Champaign,2008,0,1,1218,-88.2627089998404,40.1272311890865,0.002282693481368555,0.006122937230840267
A-Injury,Rear end,Fog/Smoke/Haze,Daylight,Wet,Stop Sign/Flasher,Unincorporated,2008,0,1,1219,-88.0665285360445,39.9818195432653,0.004513636291441041,0.0025235609343848345
A-Injury,Pedestrian,Clear,Daylight,Dry,No Controls,Champaign,2008,0,1,1220,-88.2350448087219,40.1102729055467,0.00259728764165409,0.005703168625258408
A-Injury,Sideswipe Opposite Direction,Clear,Daylight,Dry,Lane Use Marking,Unincorporated,2008,0,1,1221,-88.0112427541642,40.1115880298996,0.0051423401654078806,0.0057357219148933955
A-Injury,Rear end,Clear,Daylight,Dry,Lane Use Marking,Unincorporated,2008,0,1,1222,-88.3017242626669,39.924464755615,0.0018390161732324377,0.0011038571548774834
A-Injury,Turning,Clear,Daylight,Dry,Traffic Signal,Champaign,2008,0,2,1223,-88.2581194231064,40.1568090833219,0.0023348856467752914,0.006855079218565786
A-Injury,Fixed object,Clear,Daylight,Dry,No Controls,Unincorporated,2008,0,2,1224,-88.098409946264,40.3234094456989,0.004151084376087443,0.01097894008221353
A-Injury,Fixed object,Snow,Daylight,Ice,No Controls,Unincorporated,2008,0,1,1225,-88.1019764153491,40.0258394252034,0.004110526879133877,0.0036131856252131305
A-Injury,Fixed object,Clear,Darkness,Dry,No Controls,Unincorporated,2008,0,1,1226,-87.9598155074269,40.141918040663,0.0057271651991063315,0.006486481052488589
A-Injury,Angle,Clear,Daylight,Dry,Stop Sign/Flasher,Champaign,2008,0,1,1227,-88.2353909059743,40.1126505256805,0.0025933518614958805,0.005762021886310801
A-Injury,Fixed object,Clear,Daylight,Dry,No Controls,Unincorporated,2008,0,1,1228,-88.3518034821907,40.1566490476403,0.0012695207577923002,0.0068511178533278445
A-Injury,Sideswipe Same Direction,Clear,"Darkness, lighted road",Dry,No Controls,Champaign,2008,0,1,1229,-88.2625585333191,40.1163505230516,0.0022844045702168857,0.005853607967736922
A-Injury,Parked Motor Vehicle,Clear,Daylight,Dry,No Controls,Champaign,2008,0,4,1230,-88.288852099379,40.0935268410522,0.0019853970084163374,0.005288653080371952
A-Injury,Angle,Clear,Daylight,Dry,Stop Sign/Flasher,Thomasboro,2008,0,1,1231,-88.1830090836122,40.2388013413109,0.0031890322249534084,0.008884634610995144
A-Injury,Fixed object,Clear,Daylight,Dry,Lane Use Marking,Unincorporated,2008,0,1,1232,-88.3233451204385,40.1203908241576,0.0015931461397955039,0.00595361759178979
A-Injury,Angle,Rain,Daylight,Wet,Stop Sign/Flasher,Champaign,2008,0,1,1233,-88.2815120657355,40.0870573426647,0.0020688670694296303,0.005128513505481453
A-Injury,Fixed object,Clear,Daylight,Dry,No Controls,Champaign,2008,0,1,1235,-88.2816320233082,40.1110757570861,0.0020675029250129717,0.005723041619502852
A-Injury,Turning,Clear,Daylight,Dry,Lane Use Marking,Unincorporated,2003,0,5,95,-88.1611959509165,39.9526789861119,0.003437088787829541,0.0018022443569461846
A-Injury,Rear end,Rain,Daylight,Wet,Lane Use Marking,Unincorporated,2008,0,1,1236,-87.9451103028431,40.1199894526119,0.005894391179726831,0.005943682436874734
A-Injury,Fixed object,Rain,Daylight,Wet,Lane Use Marking,Urbana,2008,0,1,1237,-88.196988011614,40.1342496577002,0.00303006538230917,0.006296665472638969
A-Injury,Pedalcyclist,Clear,Daylight,Dry,No Controls,Champaign,2008,0,1,1239,-88.2435300201306,40.1199310733712,0.002500794744155877,0.00594223737479605
A-Injury,Turning,Clear,Daylight,Dry,Traffic Signal,Champaign,2008,0,1,1240,-88.2437286798959,40.1359702589919,0.0024985356069999838,0.006339255538035729
A-Injury,Angle,Rain,Daylight,Wet,No Controls,Unincorporated,2008,0,2,1241,-88.1037608406865,39.8946302091581,0.0040902345890680486,0.0003653622514878565
A-Injury,Overturned,Clear,Daylight,Dry,No Controls,Unincorporated,2008,0,2,1242,-87.9951896400807,40.1867790815039,0.005324894425658422,0.007596926960209091
A-Injury,Fixed object,Clear,"Darkness, lighted road",Dry,No Controls,Champaign,2008,0,1,1243,-88.2433690203954,40.1348681628906,0.0025026256155623334,0.006311975339389818
A-Injury,Sideswipe Same Direction,Clear,Daylight,Dry,Lane Use Marking,Unincorporated,2008,0,2,1244,-88.3036288532877,40.0010125876101,0.0018173573766865718,0.002998646602257834
A-Injury,Rear end,Clear,Daylight,Dry,Lane Use Marking,Unincorporated,2008,0,2,1245,-88.1606039685631,39.9017157065198,0.0034438207465039704,0.0005407496567281563
A-Injury,Rear end,Clear,Daylight,Dry,Lane Use Marking,Champaign,2008,0,3,1246,-88.2697656889859,40.1587230341984,0.0022024455830434242,0.0069024552686651214
A-Injury,Sideswipe Opposite Direction,Clear,Daylight,Dry,No Controls,Urbana,2008,0,2,1247,-88.1679417548738,40.1133199771964,0.003360376241913874,0.005778592828097048
A-Injury,Angle,Clear,Daylight,Dry,Stop Sign/Flasher,Urbana,2008,0,1,1250,-88.2049505325442,40.1007802374263,0.0029395164638512284,0.005468196491976149
A-Injury,Sideswipe Same Direction,Clear,Daylight,Wet,No Controls,Urbana,2008,0,1,1251,-88.2074525847692,40.1164051817504,0.00291106339918934,0.005854960935195256
A-Injury,Head on,Clear,Daylight,Snow or Slush,No Controls,Urbana,2008,0,1,1252,-88.2194866730592,40.1241076605652,0.002774213061358195,0.006045620490097959
A-Injury,Angle,Clear,Daylight,Snow or Slush,Stop Sign/Flasher,Urbana,2008,0,1,1253,-88.1945100021361,40.1394200011428,0.003058245035476667,0.00642464704885132
A-Injury,Fixed object,Clear,"Darkness, lighted road",Dry,Stop Sign/Flasher,Urbana,2008,0,2,1254,-88.1955510588758,40.0983807414333,0.0030464062519231965,0.00540880173750613
A-Injury,Rear end,Clear,"Darkness, lighted road",Dry,Traffic Signal,Champaign,2008,0,1,1255,-88.2451489490525,40.1125869277862,0.0024823844612538613,0.005760447646833841
A-Injury,Fixed object,Clear,Daylight,Dry,No Controls,Unincorporated,2008,0,1,1256,-88.1801965159177,40.1143604480735,0.0032210164376241797,0.005804347616793912
A-Injury,Fixed object,Clear,"Darkness, lighted road",Dry,Stop Sign/Flasher,Urbana,2008,0,1,1257,-88.1877807419806,40.1274706357345,0.003134769447084891,0.006128864256727319
A-Injury,Turning,Rain,"Darkness, lighted road",Wet,Traffic Signal,Champaign,1999,0,6,436,-88.2769570957819,40.1274234623449,0.0021206656903089136,0.006127696573221794
A-Injury,Turning,Clear,Daylight,Dry,No Controls,Rantoul,1999,0,2,437,-88.1327221498801,40.3121521288532,0.003760889743686569,0.010700287576856937
A-Injury,Angle,Clear,Daylight,Dry,No Controls,Unincorporated,2008,0,3,1258,-88.1045816203969,40.0549089824834,0.0040809007718360536,0.004332744741893027
A-Injury,Overturned,Clear,Daylight,Dry,No Controls,Unincorporated,2008,0,1,1259,-88.4410690653363,40.1825982313747,0.00025440229465741255,0.007493438324418614
A-Injury,Rear end,Clear,Daylight,Dry,No Controls,Unincorporated,2008,0,2,1260,-88.0812317643962,40.0259000124822,0.004346432784316152,0.0036146853428865853
A-Injury,Overturned,Clear,Daylight,Dry,No Controls,Unincorporated,2008,0,1,1261,-88.071654937919,40.1495348570162,0.00445533940916142,0.00667502020340274
A-Injury,Angle,Clear,Daylight,Dry,Stop Sign/Flasher,Unincorporated,2008,0,4,1262,-88.2378607252645,40.0104687411648,0.0025652653462484806,0.0032327148900364294
A-Injury,Fixed object,Clear,Daylight,Dry,Lane Use Marking,Urbana,2000,0,1,294,-88.2202504060083,40.1350292565106,0.0027655279736656414,0.006315962891790226
A-Injury,Rear end,Clear,Daylight,Wet,No Controls,Champaign,2008,0,1,1263,-88.27726184028,40.1400601144227,0.002117200169156546,0.006440491780913228
A-Injury,Pedestrian,Clear,Daylight,Dry,Stop Sign/Flasher,Champaign,2008,0,1,1264,-88.2468687766537,40.1202113312187,0.002462826769589739,0.00594917460081732
A-Injury,Rear end,Clear,Daylight,Dry,Police/Flagman,Unincorporated,2008,0,1,1265,-88.2869070498407,40.1426430560173,0.0020075158993534256,0.006504427366665079
A-Injury,Rear end,Clear,Daylight,Wet,No Controls,Urbana,2008,0,1,1266,-88.2228113986695,40.0981690916987,0.002736404644799923,0.005403562768965637
A-Injury,Fixed object,Clear,Daylight,Dry,Traffic Signal,Urbana,2008,0,1,1267,-88.1836568058261,40.1159400412944,0.0031816663986725404,0.005843447307642272
A-Injury,Pedalcyclist,Clear,Daylight,Dry,Stop Sign/Flasher,Urbana,2008,0,1,1268,-88.2095897689724,40.0983004677986,0.002886759573825235,0.0054068147232175425
A-Injury,Pedestrian,Clear,Daylight,Dry,Traffic Signal,Urbana,2008,0,1,1269,-88.2239889413726,40.1128111217479,0.002723013757775899,0.005765997122785492
A-Injury,Turning,Clear,Daylight,Dry,Traffic Signal,Urbana,2008,0,2,1270,-88.2050012736326,40.1124497905026,0.002938939441735195,0.005757053085929564
A-Injury,Rear end,Clear,Daylight,Dry,Traffic Signal,Urbana,2008,0,1,1271,-88.1965555794772,40.1323984622316,0.003034982953344278,0.006250842807939954
A-Injury,Turning,Clear,Dusk,Dry,Traffic Signal,Champaign,2008,0,2,1272,-88.2579793650931,40.1321710482866,0.0023364783712071188,0.006245213627701421
A-Injury,Pedalcyclist,Clear,Daylight,Dry,No Controls,Urbana,2008,0,1,1273,-88.2191916577329,40.1027691675909,0.0027775679434310935,0.0055174285053361406
A-Injury,Parked Motor Vehicle,Clear,Daylight,Dry,No Controls,Champaign,2008,0,1,1274,-88.290832420248,40.1003702189692,0.0019628770157583664,0.005458047299954797
A-Injury,Fixed object,Rain,Daylight,Wet,Lane Use Marking,Champaign,2008,0,4,1275,-88.2982501109759,40.1198065527188,0.001878523846861904,0.005939155113522319
A-Injury,Rear end,Clear,Daylight,Dry,Lane Use Marking,Champaign,2008,0,1,1276,-88.2680045133087,40.1368940031897,0.002222473480512449,0.00636212098977306
A-Injury,Rear end,Clear,Daylight,Dry,Lane Use Marking,Champaign,2008,0,1,1277,-88.3009785412851,40.1309905701445,0.0018474964353484083,0.006215993237414418
A-Injury,Sideswipe Opposite Direction,Clear,Darkness,Dry,Lane Use Marking,Unincorporated,2008,0,2,1278,-88.3939768740301,40.2464998552818,0.0007899295514101962,0.009075196024066999
A-Injury,Rear end,Clear,Daylight,Dry,Lane Use Marking,Unincorporated,2008,0,3,1279,-88.0594453065269,40.120589787305,0.004594186003979359,0.005958542529077767
A-Injury,Overturned,Rain,Daylight,Wet,Lane Use Marking,Unincorporated,2008,0,1,1280,-88.3037077626121,40.0703080311917,0.001816460028466909,0.004713917588095352
A-Injury,Parked Motor Vehicle,Clear,Daylight,Dry,No Controls,Rantoul,2008,0,1,1281,-88.140570670247,40.308135523233,0.003671637227184858,0.010600864487461892
A-Injury,Fixed object,Clear,Daylight,Dry,No Controls,Unincorporated,2008,0,1,1282,-88.1428981020315,40.0476488497912,0.003645169927102662,0.004153034586122271
A-Injury,Pedalcyclist,Clear,Daylight,Dry,No Controls,Sidney,2008,0,1,1284,-88.0732927053317,40.0212770604425,0.004436714896999444,0.0035002533529495906
A-Injury,Other non collision,Clear,Daylight,Dry,No Controls,Unincorporated,2008,0,1,1285,-88.1468041518964,39.9674630073438,0.0036007507546055987,0.0021681934202959045
A-Injury,Fixed object,Unknown,Unknown,Unknown,No Controls,Unincorporated,2008,0,1,1286,-88.3106496361604,39.9517770479202,0.0017375178005745126,0.0017799186695521413
A-Injury,Fixed object,Clear,Daylight,Dry,No Controls,Unincorporated,2008,0,1,1287,-88.1627192003914,40.1227684459759,0.003419766561149975,0.00601247089453858
A-Injury,Angle,Clear,Daylight,Dry,Stop Sign/Flasher,Unincorporated,2008,0,2,1288,-88.3335190372968,40.1278799730235,0.001477449468342547,0.006138996587786226
A-Injury,Pedalcyclist,Clear,Daylight,Dry,Lane Use Marking,Unincorporated,2008,0,1,1289,-87.9588764649125,40.123531906119,0.0057378438880302625,0.006031368833055376
A-Injury,Rear end,Clear,Daylight,Dry,Traffic Signal,Champaign,2008,0,2,1290,-88.2769896425109,40.1274100732977,0.0021202955724610164,0.006127365153968257
A-Injury,Other Object,Clear,Daylight,Dry,No Controls,Champaign,2008,0,1,1291,-88.2368211640313,40.1303404851055,0.002577087123065403,0.0061999016742742274
A-Injury,Parked Motor Vehicle,Clear,Daylight,Dry,No Controls,Tolono,2008,0,1,1292,-88.2655760896548,39.9716140691581,0.002250089249104503,0.0022709447055531892
A-Injury,Overturned,Clear,Daylight,Dry,Lane Use Marking,Unincorporated,2008,0,1,1293,-88.2898019177651,40.1453060814773,0.0019745957774560613,0.006570345269343764
A-Injury,Pedalcyclist,Unknown,"Darkness, lighted road",Unknown,Unknown,Champaign,2008,0,1,1294,-88.243718748385,40.1379710246987,0.002498648547057219,0.006388780516720618
A-Injury,Angle,Clear,Darkness,Dry,Traffic Signal,Rantoul,2008,0,2,1295,-88.1589016194943,40.3081704510612,0.003463179674206421,0.010601729056432353
A-Injury,Angle,Clear,Daylight,Dry,Stop Sign/Flasher,Champaign,2008,0,2,1297,-88.2451490288687,40.1125904594303,0.0024823835535928737,0.005760535065664737
A-Injury,Turning,Clear,Daylight,Dry,No Controls,Rantoul,2008,0,1,1298,-88.1562460237649,40.3051668338403,0.0034933788188324906,0.010527380481615868
A-Injury,Fixed object,Clear,"Darkness, lighted road",Dry,No Controls,Champaign,2008,0,1,1299,-88.2579584086592,40.1380311319108,0.0023367166854848494,0.00639026835129712