crash_severity,collision_type,weather,light,road_surface,traffic_control,city,year,fatality,injury,id,x,y,norm_x,norm_y
A-Injury,Overturned,Clear,Daylight,Dry,Lane Use Marking,Unincorporated,2008,0,1,1300,-88.2629918572444,40.1642218122834,0.0022794768578601543,0.007038566591708318
A-Injury,Turning,Clear,Daylight,Dry,No Controls,Urbana,2008,0,1,1301,-88.2194884884146,40.1242445175697,0.002774192417334792,0.006049008113250253
A-Injury,Turning,Clear,Daylight,Dry,No Controls,Urbana,2008,0,2,1302,-88.2073096781141,40.1092498648021,0.0029126885180647748,0.005677845284850413
A-Injury,Overturned,Clear,Daylight,Dry,No Controls,Urbana,2008,0,1,1303,-88.1907913595926,40.1024067194525,0.003100533032380837,0.005508456822011387
A-Injury,Angle,Clear,Daylight,Dry,Stop Sign/Flasher,Urbana,2008,0,1,1304,-88.1955495852224,40.1000403720116,0.0030464230101487104,0.005449882594067884
A-Injury,Pedestrian,Clear,Darkness,Dry,No Controls,Urbana,2008,0,1,1305,-88.2182456893914,40.110603905649,0.002788325392104715,0.005711361874950433
A-Injury,Pedalcyclist,Clear,Daylight,Dry,No Controls,Champaign,2008,0,1,1306,-88.2687327615422,40.1102509224503,0.0022141919211306482,0.00570262447739688
A-Injury,Parked Motor Vehicle,Clear,"Darkness, lighted road",Dry,No Controls,Champaign,2008,0,1,1307,-88.2468434259747,40.1156173101139,0.0024631150547428184,0.005835458738675386
A-Injury,Head on,Clear,Daylight,Dry,Traffic Signal,Savoy,2008,0,1,1308,-88.2514188593605,40.0544904793465,0.0024110837259473774,0.004322385528485877
A-Injury,Angle,Clear,Daylight,Dry,Stop Sign/Flasher,Unincorporated,2008,0,3,1309,-88.2091702595767,40.039850721922,0.002891530188860052,0.003960007428973914
A-Injury,Angle,Clear,Dusk,Dry,Stop Sign/Flasher,Unincorporated,2008,0,3,1310,-88.1550504342136,40.2390404750451,0.0035069749326433765,0.008890553891323196
A-Injury,Angle,Clear,Daylight,Dry,Stop Sign/Flasher,Unincorporated,2008,0,1,1311,-88.0595188314318,40.2979207133809,0.0045933498867901795,0.01034801717081944
A-Injury,Overturned,Clear,Daylight,Dry,No Controls,Unincorporated,2000,0,1,296,-88.3941565822324,40.2744436800426,0.000787885929359019,0.009766889869551829
A-Injury,Turning,Clear,"Darkness, lighted road",Wet,Traffic Signal,Rantoul,2000,0,2,297,-88.155770220666,40.3072851409121,0.003498789599712241,0.01057981496318562
A-Injury,Overturned,Clear,Darkness,"Sand, mud, dirt",Stop Sign/Flasher,Ogden,2008,0,1,1312,-87.9561198413073,40.1139791700884,0.005769191910627015,0.005794909838037093
A-Injury,Overturned,Clear,Daylight,Dry,No Controls,Unincorporated,2008,0,1,1313,-88.3464052123328,40.2447287410011,0.0013309092930893546,0.009031355610018563
A-Injury,Angle,Clear,Daylight,Dry,Stop Sign/Flasher,Unincorporated,2008,0,3,1314,-88.048070402864,40.1862387383237,0.004723540166218518,0.007583551838678953
A-Injury,Fixed object,Clear,Daylight,Dry,No Controls,Unincorporated,2008,0,1,1315,-88.2756292891339,40.3112873284276,0.002135765362504549,0.010678881161053885
A-Injury,Turning,Clear,Daylight,Dry,Traffic Signal,Savoy,2008,0,2,1316,-88.2539781913084,40.0394299767829,0.002381979282531888,0.003949592719258046
A-Injury,Fixed object,Clear,Daylight,Dry,Traffic Signal,Champaign,2008,0,1,1317,-88.2452112352491,40.1163493977333,0.0024816761494282497,0.005853580112718924
A-Injury,Angle,Clear,Daylight,Dry,No Controls,Unincorporated,2008,0,2,1318,-88.3083401919827,40.2453812450497,0.0017637805475567518,0.009047507050933887
A-Injury,Overturned,Clear,Daylight,Dry,Other Warning Sign,Unincorporated,2008,0,1,1319,-88.4373523620534,39.8938893473673,0.0002966682385016669,0.0003470236902694266
A-Injury,Other non collision,Clear,Daylight,Dry,No Controls,Champaign,2008,0,1,1320,-88.2606528785615,40.1387988737586,0.0023060754680100286,0.006409272274904278
A-Injury,Turning,Rain,Daylight,Wet,No Controls,Champaign,2008,0,2,1321,-88.2501589007447,40.1271888053437,0.0024254118377304277,0.006121888105522046
A-Injury,Overturned,Clear,Daylight,Dry,No Controls,Champaign,2008,0,1,1322,-88.2770790681681,40.1597391093176,0.0021192786336531235,0.006927606188859984
A-Injury,Angle,Rain,Daylight,Wet,Traffic Signal,Urbana,2008,0,1,1323,-88.2195498745535,40.1324396336256,0.002773494340867047,0.006251861923973115
A-Injury,Overturned,Clear,Dusk,Dry,Stop Sign/Flasher,Urbana,2008,0,1,1324,-88.2242093823358,40.1221896705215,0.002720506927215963,0.005998144458442121
A-Injury,Fixed object,Rain,Daylight,Wet,No Controls,Champaign,2008,0,1,1325,-88.2531891111174,40.1300689548928,0.002390952616291261,0.006193180483506838
A-Injury,Angle,Clear,Daylight,Dry,Stop Sign/Flasher,Champaign,2008,0,1,1326,-88.2435091115842,40.1163595658114,0.0025010325138622256,0.005853831803283886
A-Injury,Turning,Clear,Daylight,Dry,Stop Sign/Flasher,Rantoul,2008,0,3,1327,-88.1747792070596,40.3071412223173,0.0032826214823522466,0.010576252544399818
A-Injury,Angle,Clear,Daylight,Dry,Traffic Signal,Rantoul,2008,0,4,1328,-88.170585536093,40.2827047276551,0.0033303114506076,0.009971375684923756
A-Injury,Head on,Clear,Daylight,Dry,No Controls,Champaign,2008,0,2,1329,-88.2764590518524,40.0942810769534,0.0021263293914854345,0.00530732269111307
A-Injury,Pedalcyclist,Clear,Daylight,Dry,Stop Sign/Flasher,Champaign,2008,0,1,1330,-88.2387090408223,40.1102298946413,0.0025556183943668542,0.005702103975776487
A-Injury,Angle,Clear,Daylight,Dry,Traffic Signal,Champaign,2008,0,1,1333,-88.2767707457629,40.1128501826988,0.0021227848423742346,0.005766963998993936
A-Injury,Turning,Rain,Darkness,Wet,Lane Use Marking,Mahomet,2008,0,1,1334,-88.364799764548,40.1841467286657,0.0011217284541058421,0.0075317682973234015
A-Injury,Overturned,Rain,Daylight,Wet,No Controls,Unincorporated,2008,0,2,1335,-88.2321705604159,40.0105132707813,0.0026299732795028465,0.0032338171321933387
A-Injury,Rear end,Clear,Daylight,Dry,Lane Use Marking,Unincorporated,2008,0,2,1336,-88.2815910371638,40.1444050740571,0.00206796901497111,0.0065480426213481565
A-Injury,Fixed object,Clear,Daylight,Dry,Lane Use Marking,Unincorporated,2008,0,1,1337,-88.3938056383561,40.2755790244287,0.0007918768247948801,0.00979499306340926
A-Injury,Rear end,Clear,Daylight,Dry,Lane Use Marking,Unincorporated,2008,0,1,1338,-88.182290954358,40.1892901904393,0.0031971987124077826,0.007659084471245138
A-Injury,Fixed object,Clear,Dusk,Dry,No Controls,Unincorporated,2008,0,1,1339,-88.1557188453649,40.3414980654164,0.0034993738340257994,0.01142668791340742
A-Injury,Rear end,Clear,Daylight,Dry,No Controls,Champaign,2008,0,1,1340,-88.2435608734313,40.1235301931185,0.0025004438837897018,0.006031326431132458
A-Injury,Turning,Clear,Darkness,Wet,Stop Sign/Flasher,Champaign,2008,0,1,1341,-88.2591086452196,40.1380802852024,0.0023236363209335753,0.006391485043341791
A-Injury,Turning,Clear,Daylight,Dry,Traffic Signal,Champaign,2008,0,2,1342,-88.2768888232007,40.1196900092729,0.0021214420786465297,0.005936270312141353
A-Injury,Rear end,Clear,Daylight,Dry,No Controls,Champaign,2008,0,1,1343,-88.2725071424705,40.0982419184367,0.0021712700734015144,0.005405365450126551
A-Injury,Turning,Clear,Daylight,Dry,Traffic Signal,Champaign,2008,0,6,1344,-88.2468767239015,40.0835694629413,0.0024627363943557075,0.005042177974854589
A-Injury,Rear end,Clear,Daylight,Dry,Lane Use Marking,Unincorporated,2008,0,2,1345,-88.0789936114377,40.120561179823,0.004371884815338963,0.0059578344077162735
A-Injury,Angle,Clear,Darkness,Dry,Stop Sign/Flasher,Unincorporated,2008,0,1,1347,-88.1605691357877,39.9090609852465,0.0034442168610218284,0.0007225674333609632
A-Injury,Rear end,Clear,Daylight,Snow or Slush,Lane Use Marking,Unincorporated,2008,0,1,1348,-88.18283036653,40.227214509773,0.003191064576095169,0.008597825624321459
A-Injury,Overturned,Snow,Daylight,Ice,Lane Use Marking,Champaign,2008,0,2,1349,-88.2921764078434,40.1386811750139,0.001947593335595827,0.006406358876397493
A-Injury,Rear end,Clear,Daylight,Dry,Lane Use Marking,Unincorporated,2008,0,1,1350,-88.3034929738205,39.9870894363124,0.0018189025831487247,0.0026540066632084348
A-Injury,Overturned,Snow,Dawn,Snow or Slush,Lane Use Marking,Unincorporated,2008,0,2,1351,-88.1406395390972,40.3767363316658,0.0036708540581414074,0.012298941160731498
A-Injury,Rear end,Clear,Darkness,Dry,Lane Use Marking,Unincorporated,2008,0,1,1352,-88.3468156914655,40.1810422847558,0.001326241369219386,0.0074549239582068026
A-Injury,Fixed object,Clear,Darkness,Wet,No Controls,Rantoul,2008,0,1,1353,-88.1458139337242,40.2831444371227,0.0036120114075214936,0.009982259818901239
A-Injury,Fixed object,Clear,"Darkness, lighted road",Dry,No Controls,Rantoul,2008,0,1,1354,-88.1462717481082,40.3047926823597,0.0036068051923429556,0.010518119105314309
A-Injury,Sideswipe Same Direction,Clear,Daylight,Dry,No Controls,Champaign,2008,0,1,1355,-88.2760963068939,40.11644590362,0.00213045448753926,0.005855968924145119
A-Injury,Angle,Clear,Daylight,Dry,Stop Sign/Flasher,Champaign,2008,0,5,1356,-88.2353909059743,40.1126505256805,0.0025933518614958805,0.005762021886310801
A-Injury,Turning,Clear,Daylight,Dry,Traffic Signal,Champaign,2008,0,3,1357,-88.2466687457606,40.0980895304398,0.0024651014990613356,0.005401593388124204
A-Injury,Angle,Clear,Daylight,Dry,Traffic Signal,Champaign,2008,0,2,1358,-88.2579034539181,40.1182694417485,0.0023373416247992446,0.005901106986357104
A-Injury,Overturned,Clear,Darkness,Dry,Lane Use Marking,Unincorporated,2000,0,1,299,-88.1573908360096,40.3511810026863,0.003480360139006851,0.011666369781338415
A-Injury,Fixed object,Clear,Darkness,Dry,No Controls,Rantoul,2008,0,5,1238,-88.1416126237609,40.3046910882602,0.003659788245613,0.010515604345292676
A-Injury,Rear end,Clear,Daylight,Dry,Traffic Signal,Savoy,2008,0,2,1359,-88.2514188593605,40.0544904793465,0.0024110837259473774,0.004322385528485877
A-Injury,Rear end,Clear,Daylight,Dry,No Controls,Champaign,2008,0,1,1360,-88.2764124611044,40.1128462191979,0.0021268592163836606,0.0057668658904063055
A-Injury,Overturned,Snow,Darkness,Ice,Lane Use Marking,Unincorporated,2008,0,5,1361,-88.3040634990882,40.0194102365954,0.0018124146321095503,0.0034540438388011856
A-Injury,Rear end,Clear,Daylight,Dry,Traffic Signal,Champaign,2008,0,1,1362,-88.2580194433672,40.1341892339031,0.0023360226054509044,0.006295169801629939
A-Injury,Sideswipe Same Direction,Snow,Daylight,Snow or Slush,Lane Use Marking,Unincorporated,2008,0,2,1363,-88.4610110800678,40.2123598332346,2.7623880931604024e-05,0.008230127629282132
A-Injury,Overturned,Other,Daylight,Ice,Lane Use Marking,Unincorporated,2008,0,2,1364,-88.3231224594769,40.1735213451592,0.0015956782159347281,0.0072687580458537715
A-Injury,Parked Motor Vehicle,Clear,Daylight,Ice,Lane Use Marking,Unincorporated,2008,0,6,1365,-88.3051506505793,40.1136751633265,0.0018000516640770453,0.005787384754839186
A-Injury,Fixed object,Clear,Darkness,Dry,No Controls,Unincorporated,2008,0,1,1366,-88.0695191923297,40.385535194999,0.004479626874765441,0.012516739535396787
A-Injury,Angle,Rain,Daylight,Wet,Stop Sign/Flasher,Unincorporated,2008,0,1,1367,-88.048070402864,40.1862387383237,0.004723540166218518,0.007583551838678953
A-Injury,Pedestrian,Clear,"Darkness, lighted road",Dry,No Controls,Champaign,2008,0,1,1368,-88.2320504653094,40.110299991431,0.0026313389879387317,0.005703839082492838
A-Injury,Overturned,Clear,Darkness,Dry,Lane Use Marking,St. Joseph,2008,0,1,1369,-88.0358863567161,40.1202225432278,0.004862095808433304,0.005949452131819451
A-Injury,Turning,Clear,Daylight,Dry,No Controls,Champaign,2008,0,1,1370,-88.2769106944275,40.1206501686017,0.0021211933614437694,0.005960037148073782
A-Injury,Turning,Clear,Daylight,Dry,No Controls,Champaign,2008,0,2,1371,-88.2626402339304,40.0981693527801,0.00228347547978739,0.0054035692315167255
A-Injury,Turning,Clear,Daylight,Dry,Traffic Signal,Champaign,2008,0,3,1372,-88.2387294870562,40.1163404613301,0.002555385882027761,0.005853358909818084
A-Injury,Sideswipe Same Direction,Clear,Darkness,Dry,Traffic Signal,Champaign,2008,0,1,1373,-88.314531202973,40.1132463618646,0.0016933770466746557,0.005776770626863847
A-Injury,Turning,Clear,Darkness,Wet,No Controls,Urbana,2008,0,1,1374,-88.1805279536526,40.1032150051975,0.0032172473638981077,0.0055284643292152795
A-Injury,Angle,Clear,Daylight,Dry,Traffic Signal,Urbana,2008,0,2,1375,-88.1906610713237,40.1420085240767,0.0031020146563463273,0.006488720789565052
A-Injury,Pedestrian,Clear,Daylight,Dry,Traffic Signal,Urbana,2008,0,1,1376,-88.2156192888248,40.1164501497193,0.0028181925325276155,0.005856074027894492
A-Injury,Angle,Snow,"Darkness, lighted road",Snow or Slush,Traffic Signal,Champaign,2008,0,1,1377,-88.2426400253038,40.1163698302578,0.0025109156681329538,0.005854085879254676
A-Injury,Pedestrian,Clear,Daylight,Wet,No Controls,Champaign,2008,0,1,1380,-88.2951587696771,40.088680234933,0.0019136782425167626,0.005168684978194216
A-Injury,Angle,Clear,Daylight,Ice,Stop Sign/Flasher,Unincorporated,2008,0,3,1381,-88.369671394252,40.1276191559494,0.0010663288131264079,0.006132540579473244
A-Injury,Angle,Clear,Dusk,Dry,Stop Sign/Flasher,Champaign,2008,0,1,1382,-88.2627396798724,40.131000490131,0.0022823445913951424,0.006216238786965003
A-Injury,Overturned,Clear,Darkness,Dry,No Controls,Unincorporated,2008,0,1,1383,-88.2943752035619,40.0104194283062,0.0019225888708082068,0.003231494248227768
A-Injury,Pedalcyclist,Clear,"Darkness, lighted road",Ice,No Controls,Champaign,2008,0,2,1384,-88.2579443945964,40.1239905992661,0.0023368760518767337,0.006042722870290174
A-Injury,Head on,Other,Darkness,Ice,No Controls,St. Joseph,2008,0,2,1385,-88.0219668642716,40.1132295030017,0.005020386756410799,0.005776353319218624
A-Injury,Rear end,Rain,Daylight,Ice,No Controls,Unincorporated,2008,0,1,1386,-88.2496092726062,40.0823580134332,0.0024316621488984004,0.005012190949955896
A-Injury,Fixed object,Clear,Darkness,Wet,Stop Sign/Flasher,Unincorporated,2008,0,1,1387,-88.4126884984797,40.2220204310854,0.0005771430016035427,0.008469256529291298
A-Injury,Pedalcyclist,Clear,Daylight,Dry,No Controls,Champaign,2008,0,1,1388,-88.2451556029241,40.102278905116,0.0024823087941527396,0.005505293032133678
A-Injury,Sideswipe Same Direction,Rain,Daylight,Ice,No Controls,Unincorporated,2008,0,1,1389,-88.0714589527998,40.1133775942192,0.004457568130534143,0.00578001902298662
A-Injury,Fixed object,Clear,Daylight,Ice,No Controls,Unincorporated,2008,0,1,1390,-88.0646395042668,40.3272024052584,0.004535118154522271,0.011072827257857331
A-Injury,Head on,Sleet/Hail,"Darkness, lighted road",Ice,No Controls,Unincorporated,2008,0,3,1391,-88.2190487414194,40.0835199980508,0.002779193172140883,0.0050409535697983525
A-Injury,Fixed object,Rain,Daylight,Ice,Stop Sign/Flasher,Unincorporated,2008,0,1,1392,-88.3335178256903,40.1133209818819,0.001477463246599375,0.005778617697089881
A-Injury,Rear end,Rain,Darkness,Wet,Stop Sign/Flasher,Urbana,2008,0,1,1393,-88.2156416291386,40.1174194850806,0.0028179384809187353,0.005880067998274867
A-Injury,Rear end,Clear,Daylight,Ice,Lane Use Marking,Mahomet,2009,0,2,1395,-88.3850286797502,40.1928726594877,0.0008916874395586998,0.00774776137262234
A-Injury,Rear end,Clear,Darkness,Dry,Lane Use Marking,Mahomet,2009,0,1,1396,-88.3385458717341,40.1785787960172,0.0014202848560853764,0.007393945190500675
A-Injury,Fixed object,Clear,Daylight,Ice,Lane Use Marking,Mahomet,2009,0,1,1397,-88.368078884438,40.1880637706973,0.001084438660818401,0.007628726887958437
A-Injury,Rear end,Clear,Darkness,Dry,Lane Use Marking,Unincorporated,2009,0,2,1398,-87.9665529769675,40.1197705876945,0.005650547431267102,0.0059382648708237685
A-Injury,Overturned,Clear,Darkness,Dry,Lane Use Marking,Unincorporated,2009,0,1,1399,-88.3346527737752,40.1772913753962,0.0014645567409216692,0.007362077651689628
A-Injury,Fixed object,Clear,Darkness,Dry,Lane Use Marking,Unincorporated,2009,0,1,1400,-88.1827993417988,40.1557585674446,0.003191417385950269,0.006829075785852677
A-Injury,Angle,Clear,Daylight,Snow or Slush,Stop Sign/Flasher,Champaign,2009,0,2,1401,-88.2877117147578,40.0838460086933,0.001998365337790962,0.005049023315329333
A-Injury,Angle,Clear,Daylight,Dry,Stop Sign/Flasher,Champaign,2009,0,2,1402,-88.2436116373199,40.1297208565718,0.002499866602392355,0.006184564001392485
A-Injury,Parked Motor Vehicle,Clear,Daylight,Dry,Lane Use Marking,Champaign,2009,0,2,1403,-88.3038308241167,40.0779843510126,0.0018150605864757855,0.004903929629093366
A-Injury,Pedestrian,Clear,Darkness,Dry,No Controls,Champaign,2009,0,1,1404,-88.2961372098039,40.1093545339774,0.0019025515282469695,0.00568043616226204
A-Injury,Rear end,Clear,Darkness,Dry,No Controls,Champaign,1999,0,1,440,-88.2579416402569,40.1329311285209,0.0023369073739246296,0.006264027903293281
A-Injury,Angle,Clear,Daylight,Wet,Traffic Signal,Champaign,2009,0,1,1405,-88.2426398979592,40.1163701417278,0.002510917116281906,0.005854093589075413
A-Injury,Overturned,Clear,Daylight,Dry,Lane Use Marking,Unincorporated,2009,0,1,1406,-87.9579612457414,40.0240331014137,0.0057482516604960366,0.0035684736697459045
A-Injury,Angle,Clear,Daylight,Dry,Traffic Signal,Champaign,2009,0,1,1408,-88.2468109054203,40.1126098810458,0.0024634848749359797,0.00576101580915724
A-Injury,Rear end,Clear,Dusk,Wet,No Controls,Urbana,2009,0,1,1409,-88.2129680277059,40.116487929368,0.002848342384436348,0.005857009188013557
A-Injury,Angle,Clear,Darkness,Wet,Stop Sign/Flasher,Urbana,2009,0,1,1410,-88.2049100974708,40.0983315422663,0.0029399762870901715,0.005407583909907031
A-Injury,Rear end,Clear,Daylight,Dry,Traffic Signal,Champaign,2009,0,4,1411,-88.2445883723397,40.0980934446604,0.002488759278413112,0.0054016902768758875
A-Injury,Fixed object,Clear,Darkness,Dry,No Controls,Unincorporated,2009,0,1,1412,-88.2892969982078,40.2513445146658,0.0019803376675211043,0.009195115938683959
A-Injury,Fixed object,Clear,Daylight,Dry,No Controls,Unincorporated,2009,0,1,1413,-88.2380253054777,40.0252539766977,0.0025633937580371254,0.003598694010993914
A-Injury,Fixed object,Clear,Daylight,Ice,No Controls,Unincorporated,2009,0,2,1414,-88.3466788796399,40.3033737811627,0.0013277971783593255,0.010482997026153124
A-Injury,Angle,Clear,Daylight,Wet,Stop Sign/Flasher,Unincorporated,2009,0,2,1415,-88.3331986600013,40.113321132108,0.0014810927639595766,0.005778621415638423
A-Injury,Angle,Sleet/Hail,Daylight,Ice,Stop Sign/Flasher,Unincorporated,2009,0,3,1416,-88.1174483193597,40.312180144872,0.0039345820763604395,0.010700981057722447
A-Injury,Rear end,Clear,Daylight,Dry,Traffic Signal,Champaign,2009,0,1,1417,-88.2769896444952,40.12741026875,0.002120295549895725,0.006127369992001356
A-Injury,Turning,Clear,Daylight,Wet,Traffic Signal,Champaign,2009,0,3,1418,-88.243718745723,40.1379711452064,0.0024986485773292573,0.006388783499649226
A-Injury,Rear end,Clear,Darkness,Dry,Lane Use Marking,Pesotum,2009,0,1,1419,-88.2788098815092,39.9047577144863,0.002099596013354514,0.0006160485181529796
A-Injury,Overturned,Clear,Daylight,Dry,Lane Use Marking,Champaign,2009,0,1,1420,-88.2603305023552,40.1353550775228,0.002309741495022427,0.006324027943400031
A-Injury,Fixed object,Clear,Darkness,Wet,Lane Use Marking,Unincorporated,2009,0,1,1421,-88.3029879507436,39.9394199697757,0.0018246456504273135,0.0014740437589451476
A-Injury,Rear end,Clear,Daylight,Wet,No Controls,Champaign,2009,0,3,1422,-88.2484911880009,40.1126102818677,0.0024443768849275248,0.005761025730706858
A-Injury,Rear end,Clear,Daylight,Dry,Stop Sign/Flasher,Unincorporated,2009,0,2,1423,-88.4076591938385,40.1567104094454,0.0006343357047496522,0.006852636742860691
A-Injury,Rear end,Clear,Daylight,Dry,Police/Flagman,Unincorporated,2009,0,2,1424,-87.9403512578475,40.1123246803121,0.0059485105196974575,0.005753956231811744
A-Injury,Rear end,Clear,Darkness,Dry,Lane Use Marking,Unincorporated,2009,0,2,1425,-88.1836224951564,40.2924433504031,0.003182056575861466,0.010212435936193863
A-Injury,Other non collision,Clear,Daylight,Dry,Lane Use Marking,Unincorporated,2009,0,6,1426,-88.2560935923346,40.1707639418186,0.0023579231730779704,0.0072005040063105015
A-Injury,Pedestrian,Clear,Darkness,Dry,No Controls,Champaign,2009,0,1,1427,-88.2541137366633,40.1126498233272,0.0023804378755584903,0.005762004500950806
A-Injury,Rear end,Rain,Daylight,Wet,Traffic Signal,Champaign,2009,0,2,1429,-88.2766696935174,40.1090111767968,0.0021239339974744543,0.005671937037655445
A-Injury,Angle,Clear,Daylight,Dry,No Controls,Champaign,2009,0,4,1430,-88.2765011823183,40.097713210991,0.0021258502884281476,0.0053922783480787745
A-Injury,Overturned,Clear,Daylight,Dry,Lane Use Marking,Unincorporated,2009,0,1,1431,-88.1780898037431,40.3252162499309,0.003244973738406653,0.01102366393007494
A-Injury,Parked Motor Vehicle,Clear,Daylight,Dry,Other Warning Sign,Champaign,2009,0,2,1432,-88.2378760289686,40.1349234820398,0.0025650913141966867,0.0063133446549852945
A-Injury,Angle,Clear,Daylight,Dry,Traffic Signal,Champaign,2009,0,2,1433,-88.2768102093063,40.116460509293,0.0021223360672683487,0.005856330458552486
A-Injury,Angle,Clear,Daylight,Dry,Stop Sign/Flasher,Champaign,2009,0,1,1434,-88.2412117116476,40.1211185789644,0.0025271582950499513,0.005971631715668385
A-Injury,Other non collision,Clear,Dawn,Wet,Lane Use Marking,Unincorporated,2009,0,2,1435,-88.1518851976398,40.120311117126,0.0035429696572957733,0.005951644602634824
A-Injury,Rear end,Clear,Darkness,Dry,Lane Use Marking,Unincorporated,2009,0,2,1436,-88.3049373424404,40.0947297843619,0.001802477380937902,0.005318429551234797
A-Injury,Head on,Rain,Daylight,Wet,No Controls,Champaign,2009,0,2,1437,-88.3004144243597,40.1276528049345,0.0018539115114187665,0.006133373493224361
A-Injury,Fixed object,Clear,Daylight,Dry,No Controls,Unincorporated,2009,0,1,1438,-88.1820964114315,40.1747004904734,0.003199411033322483,0.007297945444634849
A-Injury,Fixed object,Clear,Daylight,Dry,No Controls,Unincorporated,2009,0,2,1439,-88.2423920395628,39.9958368941542,0.0025137357348978874,0.002870532597099122
A-Injury,Pedalcyclist,Clear,Daylight,Dry,Stop Sign/Flasher,Champaign,2009,0,1,1440,-88.2539690304555,40.1101398853912,0.0023820834587507745,0.00569987597567755
A-Injury,Turning,Clear,Daylight,Dry,Stop Sign/Flasher,Champaign,2009,0,1,1441,-88.2954789462724,40.1175591072916,0.0019100372292404847,0.005883524068618302
A-Injury,Angle,Clear,Daylight,Dry,Traffic Signal,Champaign,2003,0,1,98,-88.2467999536647,40.1126179344272,0.0024636094171046397,0.005761215154608243
A-Injury,Overturned,Clear,Daylight,Dry,Lane Use Marking,Mahomet,2009,0,1,1442,-88.3619058955841,40.1859502695142,0.0011546372159334723,0.007576411366612081
A-Injury,Fixed object,Clear,Daylight,Dry,No Controls,Unincorporated,2009,0,1,1443,-87.9631821233158,40.2987729719281,0.0056888804108745725,0.010369113137349062
A-Injury,Turning,Rain,Daylight,Wet,No Controls,Champaign,2009,0,1,1444,-88.2673987399395,40.1272944975156,0.002229362269112521,0.006124504305181355
A-Injury,Rear end,Rain,Daylight,Wet,Traffic Signal,Champaign,2009,0,2,1445,-88.2766696935174,40.1090111767968,0.0021239339974744543,0.005671937037655445
A-Injury,Fixed object,Clear,Daylight,Dry,Lane Use Marking,Ogden,2009,0,1,1446,-87.9587565510839,40.1093256027009,0.005739207534993854,0.005679720026011162
A-Injury,Angle,Clear,Daylight,Dry,Stop Sign/Flasher,Unincorporated,2009,0,3,1447,-88.1820898266952,40.189289964095,0.0031994859142245617,0.007659078868541887
A-Injury,Parked Motor Vehicle,Clear,"Darkness, lighted road",Dry,Lane Use Marking,Champaign,2009,0,1,1448,-88.2670975940637,40.1367798096659,0.002232786867124928,0.006359294356043335
A-Injury,Angle,Clear,Daylight,Dry,Yield,Urbana,2009,0,2,1449,-88.1944787823772,40.1093703818887,0.00305860006316542,0.005680828445809609
A-Injury,Angle,Clear,Darkness,Dry,Stop Sign/Flasher,Unincorporated,2009,0,2,1450,-87.9492514353823,40.3132609444267,0.005847298672730453,0.010727734102682749
A-Injury,Parked Motor Vehicle,Clear,"Darkness, lighted road",Dry,No Controls,Urbana,2009,0,1,1451,-88.1760068305107,40.100483752218,0.003268661082530995,0.005460857589888995
A-Injury,Parked Motor Vehicle,Clear,"Darkness, lighted road",Dry,No Controls,Urbana,2009,0,1,1452,-88.2018724216402,40.1221484838102,0.002974520404901277,0.005997124963259699
A-Injury,Fixed object,Clear,Dusk,Wet,No Controls,Urbana,2009,0,2,1454,-88.1890051530383,40.1274709621705,0.0031208455782506727,0.006128872337001773
A-Injury,Angle,Clear,Daylight,Dry,Stop Sign/Flasher,Champaign,2000,0,3,300,-88.2389683114994,40.1380046789629,0.002552669996540898,0.006389613561145314
A-Injury,Angle,Clear,"Darkness, lighted road",Dry,Traffic Signal,Champaign,1999,0,1,441,-88.2579296297565,40.1321592484929,0.0023370439560235364,0.006244921547259575
A-Injury,Fixed object,Clear,"Darkness, lighted road",Ice,No Controls,Rantoul,1999,0,2,442,-88.1644135647348,40.3083808612771,0.0034004984348726263,0.010606937343150819
A-Injury,Pedestrian,Clear,Darkness,Dry,No Controls,Champaign,2000,0,1,301,-88.2542068124424,40.1126444455948,0.002379379427963,0.005761871385873129
A-Injury,Angle,Clear,Darkness,Dry,Traffic Signal,Champaign,2008,0,1,1332,-88.3142898565332,40.0986887272057,0.0016961216120315056,0.005416425313200789
A-Injury,Turning,Clear,Daylight,Dry,No Controls,Urbana,2009,0,1,1455,-88.2063293339601,40.1135088613223,0.002923836884723963,0.005783268279239343
A-Injury,Fixed object,Clear,Daylight,Dry,No Controls,Urbana,2009,0,1,1456,-88.2140642608729,40.0982476562213,0.0028358761405771443,0.005405507477580807
A-Injury,Sideswipe Opposite Direction,Clear,Daylight,Dry,No Controls,Urbana,2009,0,1,1457,-88.2003776002341,40.1255030172253,0.0029915193506869597,0.006080159771041329
A-Injury,Turning,Clear,Daylight,Dry,Traffic Signal,Urbana,2009,0,1,1458,-88.2049692426273,40.1163173379906,0.002939303694829514,0.00585278653750495
A-Injury,Turning,Rain,Daylight,Wet,Traffic Signal,Urbana,2009,0,1,1459,-88.2049686952829,40.1163195845287,0.0029393099191702475,0.005852842146090827
A-Injury,Turning,Clear,Daylight,Dry,Traffic Signal,Urbana,2009,0,1,1460,-88.2195408352587,40.1273696092058,0.0027735971347403084,0.0061263635457928555
A-Injury,Turning,Clear,Daylight,Dry,Other,Unincorporated,2009,0,2,1461,-88.1584631712597,40.1202739547377,0.003468165659648868,0.0059507247215701345