crash_severity,collision_type,weather,light,road_surface,traffic_control,city,year,fatality,injury,id,x,y,norm_x,norm_y
A-Injury,Sideswipe Same Direction,Rain,Daylight,Wet,No Controls,Champaign,2009,0,4,1462,-88.2769652063397,40.125124074953,0.0021205734579313336,0.006070779808212804
A-Injury,Turning,Rain,Daylight,Wet,Traffic Signal,Champaign,2009,0,1,1463,-88.2768094513089,40.1164604935505,0.0021223446871319824,0.0058563300688781695
A-Injury,Angle,Clear,Daylight,Dry,Stop Sign/Flasher,Unincorporated,2009,0,4,1464,-88.2378607324278,40.0104694930694,0.002565265264788122,0.0032327335019404625
A-Injury,Fixed object,Clear,Darkness,Dry,No Controls,Unincorporated,2009,0,2,1465,-88.2775627155291,40.0249710890115,0.002113778648681414,0.0035916916885423257
A-Injury,Angle,Clear,Daylight,Dry,Traffic Signal,Champaign,2009,0,1,1466,-88.2468767239029,40.0835694618433,0.0024627363943397085,0.005042177947675739
A-Injury,Fixed object,Clear,"Darkness, lighted road",Wet,No Controls,Urbana,2009,0,1,1467,-88.1925653171254,40.1056694585873,0.0030803597810457662,0.005589219444819103
A-Injury,Rear end,Rain,"Darkness, lighted road",Wet,Lane Use Marking,Champaign,2009,0,4,1468,-88.2580309073629,40.135371267311,0.0023358922381438566,0.006324428689430762
A-Injury,Angle,Rain,"Darkness, lighted road",Wet,Traffic Signal,Champaign,2009,0,3,1469,-88.2466687457606,40.0980895304398,0.0024651014990613356,0.005401593388124204
A-Injury,Turning,Clear,Darkness,Dry,Lane Use Marking,Unincorporated,2009,0,1,1470,-88.4075043599489,40.1220886212648,0.0006360964588332427,0.005995643184921125
A-Injury,Rear end,Clear,Darkness,Dry,Lane Use Marking,Unincorporated,2009,0,1,1471,-88.1217744549423,40.1204876270967,0.0038853857349579364,0.00595601375615783
A-Injury,Parked Motor Vehicle,Clear,Daylight,Dry,No Controls,Urbana,2009,0,1,1472,-88.2012364765563,40.0983510352717,0.0029817523029459446,0.005408066420514587
A-Injury,Angle,Clear,Daylight,Dry,Other Regualtory Sig,Unincorporated,2009,0,2,1473,-88.3331986600013,40.113321132108,0.0014810927639595766,0.005778621415638423
A-Injury,Pedalcyclist,Clear,Daylight,Wet,Stop Sign/Flasher,Urbana,2009,0,1,1474,-88.2192505162804,40.106470328467,0.002776898610456782,0.00560904338701608
A-Injury,Rear end,Clear,Daylight,Dry,No Controls,Champaign,2009,0,2,1476,-88.276440537447,40.0927558548177,0.002126539935281715,0.005269568848420108
A-Injury,Angle,Clear,"Darkness, lighted road",Dry,Traffic Signal,Champaign,2009,0,1,1477,-88.2387090408223,40.1102298946413,0.0025556183943668542,0.005702103975776487
A-Injury,Fixed object,Clear,Daylight,Dry,No Controls,Unincorporated,2009,0,1,1478,-88.3840681690842,40.142231314055,0.0009026102619583371,0.006494235512697855
A-Injury,Fixed object,Clear,Daylight,Dry,No Controls,Unincorporated,2009,0,1,1479,-88.3390915369309,40.215050924959,0.0014140796110576881,0.008296740256556199
A-Injury,Angle,Clear,Daylight,Dry,Stop Sign/Flasher,Unincorporated,2009,0,3,1480,-88.1048111154339,40.1205905684552,0.004078290979337628,0.0059585618648984534
A-Injury,Rear end,Rain,Daylight,Wet,Traffic Signal,Champaign,2009,0,1,1481,-88.2304518874188,40.110319932892,0.002649517841135321,0.005704332693727534
A-Injury,Pedalcyclist,Rain,Daylight,Wet,Traffic Signal,Champaign,2009,0,1,1482,-88.2689082271456,40.0982200985688,0.002212196545450738,0.00540482534266229
A-Injury,Turning,Clear,Daylight,Dry,Traffic Signal,Champaign,2009,0,1,1483,-88.257799358496,40.1126598131864,0.0023385253865714807,0.005762251780060984
A-Injury,Other non collision,Clear,Daylight,Dry,Stop Sign/Flasher,Urbana,2009,0,1,1484,-88.2159894340316,40.1106398740126,0.0028139832816581937,0.005712252200306597
A-Injury,Pedestrian,Clear,Daylight,Dry,No Controls,Fisher,2009,0,1,1485,-88.3496486201198,40.3157155872327,0.0012940256139373826,0.010788493906908107
A-Injury,Rear end,Rain,Daylight,Wet,Traffic Signal,Champaign,2009,0,4,1486,-88.257790646342,40.1101590277394,0.002338624460235333,0.005700349806463133
A-Injury,Pedalcyclist,Clear,Daylight,Dry,No Controls,Champaign,2009,0,1,1487,-88.2384601964276,40.1272310959015,0.002558448225647966,0.006122934924230765
A-Injury,Fixed object,Clear,Darkness,Dry,Other Warning Sign,Unincorporated,2009,0,2,1488,-88.3470669778066,40.3621872687671,0.0013233837683904123,0.011938808023956337
A-Injury,Turning,Rain,Daylight,Wet,Stop Sign/Flasher,Unincorporated,2009,0,2,1489,-88.192339100694,40.1274606544892,0.0030829322895993094,0.006128617190837001
A-Injury,Rear end,Clear,Daylight,Dry,No Controls,Unincorporated,2009,0,1,1490,-88.2415886303107,40.1781899574735,0.0025228720171751235,0.0073843202651418015
A-Injury,Angle,Clear,Daylight,Dry,Stop Sign/Flasher,Unincorporated,2009,0,1,1491,-88.2378607324278,40.0104694930694,0.002565265264788122,0.0032327335019404625
A-Injury,Angle,Clear,"Darkness, lighted road",Dry,Traffic Signal,Savoy,2009,0,1,1492,-88.2539799991713,40.0394300005311,0.0023819587237124064,0.003949593307097535
A-Injury,Angle,Clear,Daylight,Dry,Stop Sign/Flasher,Champaign,2009,0,1,1493,-88.2423704972236,40.1297304147468,0.002513980712026678,0.006184800595018423
A-Injury,Sideswipe Same Direction,Clear,Daylight,Dry,Lane Use Marking,Champaign,2009,0,1,1494,-88.2452133243588,40.1217031395364,0.0024816523923008923,0.005986101350853524
A-Injury,Rear end,Clear,Daylight,Dry,Lane Use Marking,Unincorporated,2009,0,1,1496,-88.2596041266621,40.0032030140071,0.002318001760079352,0.003052866254390696
A-Injury,Head on,Rain,Daylight,Wet,No Controls,Unincorporated,2009,0,1,1497,-88.2842653636592,40.1408672369714,0.0020375568661197595,0.006460470495504616
A-Injury,Pedestrian,Clear,Daylight,Dry,Stop Sign/Flasher,Champaign,2009,0,1,1498,-88.276599634314,40.1045673248563,0.002124730703084693,0.005561938314724662
A-Injury,Turning,Clear,Daylight,Dry,No Controls,Champaign,2009,0,8,1499,-88.2531983588283,40.1271896729577,0.0023908474523327457,0.006121909581582252
A-Injury,Rear end,Clear,Daylight,Dry,Stop Sign/Flasher,Champaign,2009,0,2,1500,-88.2627089998404,40.1272311890865,0.002282693481368555,0.006122937230840267
A-Injury,Turning,Clear,Daylight,Dry,Traffic Signal,Urbana,1999,0,2,443,-88.1987421000729,40.1285049229397,0.003010118079912604,0.006154465980915931
A-Injury,Pedalcyclist,Clear,Daylight,Dry,No Controls,Champaign,2006,0,1,977,-88.2322316285441,40.1102982396598,0.0026292788194179567,0.005703795720878284
A-Injury,Fixed object,Rain,Daylight,Wet,Lane Use Marking,Champaign,1999,0,1,444,-88.2509170369976,40.134708626308,0.0024167903950558416,0.006308026328355749
A-Injury,Angle,Clear,Daylight,Dry,Stop Sign/Flasher,Urbana,2000,0,5,298,-88.162212379578,40.0859675712632,0.0034255300720917384,0.0051015383802844785
A-Injury,Rear end,Rain,Daylight,Wet,No Controls,Urbana,2009,0,1,1501,-88.2193608010496,40.1145087753203,0.002775644464105195,0.005808019162998161
A-Injury,Rear end,Clear,Daylight,Dry,No Controls,Unincorporated,2009,0,1,1502,-88.2165372440557,40.0835317897119,0.0028077536458886113,0.005041245448933795
A-Injury,Angle,Clear,Daylight,Dry,Stop Sign/Flasher,Urbana,2009,0,2,1503,-88.207708318539,40.1257508665441,0.0029081552226869496,0.006086294788344491
A-Injury,Rear end,Clear,Daylight,Dry,No Controls,Urbana,2009,0,2,1504,-88.1622970842456,40.0913984493648,0.0034245668198621053,0.00523596897418544
A-Injury,Pedalcyclist,Clear,Daylight,Dry,Stop Sign/Flasher,Urbana,2009,0,1,1505,-88.2073099058583,40.1092498606577,0.00291268592818266,0.0056778451822639305
A-Injury,Head on,Rain,Daylight,Wet,No Controls,Urbana,2009,0,3,1506,-88.2194848551495,40.1239708381432,0.002774233734428676,0.006042233722966689
A-Injury,Turning,Clear,Daylight,Dry,Traffic Signal,Champaign,2009,0,1,1507,-88.2445883723397,40.0980934446604,0.002488759278413112,0.0054016902768758875
A-Injury,Turning,Clear,Dusk,Dry,Traffic Signal,Champaign,2009,0,3,1508,-88.2769884407887,40.1274102602036,0.0021203092383146284,0.006127369780452186
A-Injury,Rear end,Rain,"Darkness, lighted road",Wet,No Controls,Champaign,2009,0,2,1509,-88.276458934653,40.094978349042,0.0021263307242642775,0.005324582275885097
A-Injury,Fixed object,Clear,Daylight,Dry,No Controls,Unincorporated,2009,0,1,1510,-88.1062664126215,40.0257511587966,0.0040617414986485086,0.0036110007657363646
A-Injury,Angle,Clear,Daylight,Dry,Traffic Signal,Urbana,2009,0,2,1511,-88.1621601216246,40.083989534671,0.003426124343830878,0.005052576015659044
A-Injury,Fixed object,Clear,Daylight,Dry,No Controls,Champaign,2009,0,1,1512,-88.249332553923,40.0863597972364,0.0024348089635441808,0.005111247154728369
A-Injury,Angle,Rain,"Darkness, lighted road",Wet,Traffic Signal,Champaign,2009,0,1,1513,-88.2452112454034,40.11635067202,0.0024816760339547135,0.005853611655153518
A-Injury,Sideswipe Same Direction,Clear,Daylight,Dry,Traffic Signal,Unincorporated,2009,0,1,1514,-88.2760758556775,40.0837003373512,0.002130687056538756,0.005045417510767713
A-Injury,Angle,Clear,Daylight,Dry,No Controls,Unincorporated,2009,0,1,1515,-88.4072910272364,40.0841605637415,0.0006385224551424966,0.005056809500390533
A-Injury,Angle,Clear,Daylight,Dry,No Controls,Unincorporated,2009,0,2,1516,-88.3873397711576,39.9233707323181,0.0008654059604604207,0.0010767767824602982
A-Injury,Other Object,Clear,Darkness,Dry,Stop Sign/Flasher,Unincorporated,2009,0,1,1517,-88.3496323771018,40.0113596024182,0.0012942103277641817,0.003254766389837702
A-Injury,Angle,Clear,Daylight,Dry,No Controls,Unincorporated,2009,0,1,1518,-88.4034402184996,40.296440056663,0.0006823134315634023,0.010311366456473407
A-Injury,Angle,Clear,Daylight,Dry,No Controls,Unincorporated,2009,0,3,1519,-88.3083402033621,40.2453824473826,0.0017637804181513102,0.009047536812295356
A-Injury,Turning,Clear,Daylight,Dry,Lane Use Marking,Unincorporated,2009,0,3,1520,-88.426598348295,40.1105887001374,0.00041896170855221037,0.00571098549273066
A-Injury,Angle,Clear,Daylight,Dry,Stop Sign/Flasher,Champaign,2009,0,1,1521,-88.248518411173,40.1153315990796,0.002444067305987389,0.005828386529852857
A-Injury,Pedalcyclist,Clear,Daylight,Dry,No Controls,Urbana,2009,0,1,1522,-88.2036431502207,40.1188225854273,0.002954383872859242,0.0059147989587900185
A-Injury,Rear end,Clear,Daylight,Dry,Lane Use Marking,Unincorporated,2009,0,1,1523,-88.1616475443797,40.0401687785057,0.003431953316282922,0.0039678802875874105
A-Injury,Overturned,Clear,Daylight,Dry,Lane Use Marking,Unincorporated,2009,0,1,1524,-87.9937110381332,40.1921103544779,0.005341708925532166,0.007728892027134573
A-Injury,Turning,Clear,Daylight,Dry,Traffic Signal,Urbana,2009,0,3,1526,-88.1963893173081,40.1323690307135,0.003036873668574375,0.006250114289202527
A-Injury,Rear end,Rain,Daylight,Wet,No Controls,Unincorporated,2009,0,1,1527,-88.2773910392569,40.1857602388392,0.0021157309325007083,0.007571707534925613
A-Injury,Fixed object,Clear,Daylight,Dry,No Controls,Champaign,2009,0,1,1528,-88.2425502982375,40.1163664916369,0.002511936034532079,0.005854003238329587
A-Injury,Other non collision,Clear,Daylight,Dry,No Controls,Urbana,2009,0,1,1529,-88.1956297097827,40.1066688203929,0.003045511842399131,0.00561395666015241
A-Injury,Overturned,Other,Darkness,Wet,Lane Use Marking,Unincorporated,2006,0,1,834,-88.3033854530664,39.9478684901256,0.0018201252974223581,0.0016831700893420167
A-Injury,Turning,Clear,Daylight,Wet,Traffic Signal,Champaign,2009,0,3,1530,-88.2435083971861,40.1163595734927,0.002501040637919379,0.005853831993419224
A-Injury,Turning,Rain,"Darkness, lighted road",Dry,No Controls,Champaign,2009,0,1,1531,-88.2579012999034,40.1212855668128,0.0023373661200192805,0.005975765167978486
A-Injury,Sideswipe Same Direction,Rain,Daylight,Wet,No Controls,Urbana,2009,0,1,1532,-88.2252645340212,40.1105614893607,0.0027085078574791183,0.005710311944033029
A-Injury,Angle,Clear,Darkness,Dry,Traffic Signal,Champaign,2009,0,2,1533,-88.2768095617902,40.1164604963495,0.0021223434307507585,0.005856330138161812
A-Injury,Rear end,Clear,Daylight,Dry,No Controls,Champaign,2009,0,1,1534,-88.2653410410642,40.1365797240159,0.0022527621960078924,0.006354341633434323
A-Injury,Turning,Clear,Daylight,Dry,Traffic Signal,Champaign,2009,0,1,1535,-88.2689081084708,40.0982200976792,0.0022121978950076612,0.005404825320642023
A-Injury,Angle,Clear,Daylight,Dry,Stop Sign/Flasher,Urbana,2009,0,1,1536,-88.2049685063977,40.1056301226627,0.0029393120671520633,0.005588245762183189
A-Injury,Turning,Clear,Daylight,Dry,Traffic Signal,Unincorporated,2009,0,1,1537,-88.3145312017204,40.1132470157495,0.001693377060919104,0.005776786812485083
A-Injury,Turning,Clear,Daylight,Dry,Stop Sign/Flasher,Thomasboro,2009,0,1,1538,-88.1830078990477,40.2388013480075,0.0031890456956916594,0.008884634776756226
A-Injury,Overturned,Clear,Dusk,Dry,No Controls,Unincorporated,2009,0,1,1539,-88.0963185381616,40.0840225555409,0.004174867640632248,0.005053393381666658
A-Injury,Overturned,Clear,Darkness,Dry,Lane Use Marking,Unincorporated,2009,0,1,1540,-87.9933176460297,40.120041461334,0.005346182537572176,0.005944969809426502
A-Injury,Pedalcyclist,Clear,Daylight,Dry,Lane Use Marking,Unincorporated,2009,0,1,1541,-88.1703056683161,40.1124224849797,0.00333349407640304,0.005756377191978091
A-Injury,Angle,Clear,Daylight,Dry,Other Warning Sign,Unincorporated,2009,0,1,1542,-88.2384394288533,40.0833190815993,0.0025586843922349306,0.005035980282349446
A-Injury,Pedalcyclist,Clear,Daylight,Wet,No Controls,Champaign,2009,0,1,1544,-88.2387113515052,40.1103655802046,0.002555592117533236,0.005705462602230078
A-Injury,Overturned,Clear,Darkness,Dry,No Controls,Unincorporated,2009,0,1,1545,-87.9535757063218,40.2988659786832,0.0057981235358456045,0.010371415334726929
A-Injury,Angle,Rain,Daylight,Wet,No Controls,Unincorporated,2009,0,2,1546,-88.0790792080835,40.3563912575567,0.004370911419630612,0.011795339285624637
A-Injury,Rear end,Clear,Daylight,Dry,No Controls,Champaign,2009,0,2,1547,-88.2388210689595,40.1286588844238,0.0025543444226248883,0.006158276991466805
A-Injury,Pedalcyclist,Clear,Daylight,Dry,No Controls,Champaign,2009,0,1,1548,-88.2290687235089,40.1163957470726,0.002665247030067898,0.005854727398497106
A-Injury,Fixed object,Clear,Daylight,Dry,No Controls,Rantoul,2009,0,1,1549,-88.1637694888389,40.2981571103865,0.003407822795623486,0.01035386870886997
A-Injury,Angle,Clear,Darkness,Dry,Stop Sign/Flasher,Unincorporated,2009,0,3,1550,-88.2173114755257,39.9084399695433,0.002798949170162965,0.0007071954238552167
A-Injury,Angle,Clear,Daylight,Dry,Stop Sign/Flasher,Unincorporated,2009,0,3,1551,-88.0404794566715,40.297940883793,0.0048098635773376275,0.010348516449283631
A-Injury,Angle,Clear,Daylight,Dry,No Controls,Unincorporated,2009,0,3,1552,-88.1427902170715,40.040348602257,0.0036463967830860484,0.003972331467163148
A-Injury,Turning,Clear,Daylight,Dry,Stop Sign/Flasher,Champaign,2009,0,2,1553,-88.3080626952285,40.1277293772276,0.0017669362103409489,0.006135268888157866
A-Injury,Fixed object,Clear,Darkness,Wet,No Controls,Unincorporated,2009,0,1,1554,-88.2134464106127,40.3885034626663,0.0028429022662627523,0.012590213102268787
A-Injury,Pedalcyclist,Clear,Daylight,Dry,No Controls,Urbana,2009,0,1,1555,-88.2214698894352,40.1059893569774,0.0027516601413107235,0.005597137893689605
A-Injury,Turning,Rain,Daylight,Wet,Traffic Signal,Urbana,2009,0,1,1556,-88.2049686952829,40.1163195845287,0.0029393099191702475,0.005852842146090827
A-Injury,Angle,Clear,Daylight,Dry,No Controls,Unincorporated,2009,0,4,1557,-88.0790792080835,40.3563912575567,0.004370911419630612,0.011795339285624637
A-Injury,Fixed object,Rain,Daylight,Wet,Lane Use Marking,Champaign,2009,0,1,1558,-88.2606790467045,40.1354073588864,0.002305777886745628,0.006325322064650111
A-Injury,Turning,Rain,Daylight,Wet,Lane Use Marking,Champaign,2009,0,1,1559,-88.2467213289483,40.1058805272024,0.002464503528793296,0.0055944440289012855
A-Injury,Turning,Clear,Daylight,Dry,Stop Sign/Flasher,Champaign,2009,0,1,1560,-88.2468413012359,40.1153400322893,0.0024631392170404065,0.005828595277198553
A-Injury,Angle,Rain,Darkness,Wet,Traffic Signal,Champaign,2009,0,5,1561,-88.2816993592703,40.1184699093583,0.002066737187805502,0.005906069163621863
A-Injury,Fixed object,Rain,Daylight,Wet,No Controls,Urbana,2009,0,2,1562,-88.204870120569,40.0951195415257,0.0029404309000517323,0.00532807721520844
A-Injury,Angle,Rain,Darkness,Wet,Stop Sign/Flasher,Champaign,2009,0,1,1563,-88.2817404383998,40.0983391186349,0.0020662700404310763,0.005407771447854094
A-Injury,Turning,Clear,Daylight,Dry,Traffic Signal,Champaign,2009,0,1,1564,-88.2579793640202,40.1321710482859,0.002336478383408081,0.006245213627684008
A-Injury,Rear end,Clear,"Darkness, lighted road",Dry,Traffic Signal,Champaign,2009,0,4,1565,-88.2787260717356,40.1128491885283,0.0021005490889472998,0.0057669393902790855
A-Injury,Parked Motor Vehicle,Clear,"Darkness, lighted road",Dry,No Controls,Champaign,2009,0,1,1566,-88.2605987334634,40.119212347291,0.0023066912001526688,0.005924446739100323
A-Injury,Pedestrian,Rain,Daylight,Wet,No Controls,Urbana,2009,0,1,1567,-88.2045987190108,40.11248019111,0.0029435172489326593,0.0057578055925466
A-Injury,Rear end,Clear,Daylight,Dry,Traffic Signal,Champaign,2009,0,1,1569,-88.2435611177968,40.1272001712059,0.0025004411048919796,0.006122169444851918
A-Injury,Pedestrian,Clear,Daylight,Dry,Other Warning Sign,Champaign,2009,0,1,1570,-88.2386912386381,40.1079468779865,0.002555820838861496,0.005645592435828675
A-Injury,Rear end,Clear,Daylight,Dry,Traffic Signal,Urbana,2009,0,1,1571,-88.2194809957241,40.120069843808,0.002774277623392907,0.0059456723611621045
A-Injury,Angle,Rain,"Darkness, lighted road",Wet,Traffic Signal,Champaign,2009,0,1,1572,-88.2387090289841,40.1102291496086,0.0025556185289895288,0.005702085533972691
A-Injury,Sideswipe Same Direction,Clear,Daylight,Dry,Lane Use Marking,Unincorporated,2009,0,1,1573,-88.1777858300355,40.2654725154564,0.003248430494213551,0.009544826519805602
A-Injury,Fixed object,Clear,Daylight,Wet,No Controls,Unincorporated,2009,0,2,1574,-87.9504723049619,40.3311055094164,0.005833415077198203,0.011169440844132244
A-Injury,Rear end,Clear,Daylight,Dry,No Controls,Champaign,2009,0,2,1575,-88.2937905419077,40.1275789839681,0.0019292375792908367,0.006131546201915343
A-Injury,Turning,Clear,Daylight,Dry,Other Regualtory Sig,Urbana,2009,0,1,1576,-88.2022086305572,40.1273705025191,0.0029706970738135087,0.00612638565798817
A-Injury,Rear end,Clear,"Darkness, lighted road",Dry,No Controls,Urbana,2009,0,2,1577,-88.1784485457116,40.114069264869,0.003240894163917913,0.005797139955273616
A-Injury,Fixed object,Clear,Darkness,Dry,Lane Use Marking,Unincorporated,2003,0,1,97,-88.3034671755194,39.9712225364832,0.001819195958611435,0.0022612530923307567
A-Injury,Turning,Rain,Darkness,Wet,No Controls,Champaign,2009,0,1,1578,-88.2772209716285,40.1386851279154,0.00211766492299839,0.006406456722618031
A-Injury,Pedalcyclist,Clear,Daylight,Dry,Traffic Signal,Champaign,2009,0,1,1579,-88.2335627605609,40.1163558711113,0.0026141413314913803,0.00585374034832593
A-Injury,Angle,Clear,Daylight,Dry,No Controls,Champaign,2009,0,1,1580,-88.2370583667849,40.1102600803275,0.002574389679255637,0.005702851162446339
A-Injury,Angle,Clear,Daylight,Dry,Stop Sign/Flasher,Unincorporated,2009,0,1,1581,-88.3331986600013,40.113321132108,0.0014810927639595766,0.005778621415638423
A-Injury,Turning,Rain,Dusk,Wet,Traffic Signal,Urbana,2009,0,1,1582,-88.1621603328049,40.0839895476106,0.0034261219423114887,0.00505257633595316
A-Injury,Pedalcyclist,Rain,Daylight,Wet,Stop Sign/Flasher,Champaign,2009,0,1,1583,-88.2353925012987,40.1126505144021,0.0025933337196409564,0.005762021607136369
A-Injury,Angle,Clear,Daylight,Dry,Stop Sign/Flasher,Champaign,2009,0,2,1584,-88.2500711878885,40.1163091752351,0.0024264092987523003,0.005852584484715496
A-Injury,Rear end,Fog/Smoke/Haze,Daylight,Wet,No Controls,Champaign,2009,0,3,1585,-88.3044954268058,40.0985875637939,0.001807502797274395,0.005413921213997178
A-Injury,Rear end,Clear,Darkness,Dry,Traffic Signal,Champaign,2009,0,1,1586,-88.2334887778673,40.1040699289545,0.002614982654603675,0.005549626267716543
A-Injury,Other non collision,Rain,Dawn,Wet,No Controls,Unincorporated,2009,0,1,1587,-88.3148209421938,40.1420894421985,0.0016900821638971258,0.006490723756850797
A-Injury,Rear end,Clear,Darkness,Dry,Lane Use Marking,Unincorporated,2009,0,1,1588,-88.4207351562756,40.1202735891778,0.00048563728789722404,0.005950715672861366
A-Injury,Turning,Rain,Darkness,Wet,Traffic Signal,Champaign,2009,0,1,1589,-88.2445882869078,40.0980934445949,0.0024887602499354274,0.005401690275254619
A-Injury,Parked Motor Vehicle,Clear,Darkness,Dry,No Controls,Champaign,2009,0,2,1590,-88.2878870866918,40.0949933510805,0.0019963710273093933,0.005324953621532501
A-Injury,Rear end,Clear,Daylight,Dry,Lane Use Marking,Unincorporated,2009,0,1,1592,-88.2975933875485,40.113055744739,0.0018859920339596898,0.005772052278758393
A-Injury,Angle,Rain,Daylight,Wet,Stop Sign/Flasher,Unincorporated,2009,0,4,1593,-88.1557405012096,40.3852887377146,0.0034991275661247763,0.01251063897513877
A-Injury,Fixed object,Clear,Daylight,Dry,No Controls,Unincorporated,2009,0,1,1594,-88.2585128455868,40.1891251537974,0.002330411689292542,0.00765499931717404
A-Injury,Pedestrian,Clear,"Darkness, lighted road",Dry,No Controls,Urbana,2009,0,2,1595,-88.2287612428903,40.1173598488223,0.0026687436660837076,0.005878591821223705
A-Injury,Turning,Clear,Daylight,Wet,Stop Sign/Flasher,Champaign,1999,0,1,445,-88.2682107086129,40.1127651181772,0.0022201286500309696,0.005764858395821757
A-Injury,Rear end,Rain,Daylight,Wet,No Controls,Champaign,1999,0,7,446,-88.2389254670918,40.1343236259909,0.002553157218465255,0.006298496410668244
A-Injury,Rear end,Clear,Daylight,Dry,No Controls,Rantoul,1999,0,1,447,-88.1834536462494,40.3168453938703,0.0031839767071923856,0.01081646002480733
A-Injury,Angle,Clear,Darkness,Dry,Stop Sign/Flasher,Unincorporated,2009,0,2,1596,-88.1616482687062,40.04016877052,0.003431945079321094,0.003967880089917166
A-Injury,Turning,Clear,Daylight,Dry,No Controls,Urbana,2009,0,2,1597,-88.1659803096173,40.1133229381398,0.0033826815831678714,0.005778666120366367
A-Injury,Pedalcyclist,Rain,Daylight,Wet,Stop Sign/Flasher,Urbana,2009,0,1,1598,-88.2048612957363,40.0946794861427,0.0029405312550855184,0.005317184518782814
A-Injury,Fixed object,Clear,Daylight,Dry,Lane Use Marking,Urbana,2009,0,2,1599,-88.203940754159,40.135113805646,0.0029509995533731474,0.006318055737601377
A-Injury,Angle,Clear,Darkness,Dry,No Controls,Champaign,2009,0,3,1600,-88.2772209657949,40.1386848278735,0.002117664989337435,0.006406449295677005
A-Injury,Rear end,Clear,Daylight,Dry,Lane Use Marking,Unincorporated,2009,0,2,1601,-88.207311200477,40.1352296325078,0.002912671205920202,0.006320922801367186
A-Injury,Fixed object,Rain,Darkness,Wet,No Controls,Philo,2009,0,1,1602,-88.1613814160698,39.9965808789296,0.0034349796983601535,0.0028889484615944668
A-Injury,Fixed object,Snow,Daylight,Snow or Slush,Lane Use Marking,Unincorporated,2009,0,1,1603,-88.0596145235149,40.1205785964385,0.004592261686871459,0.005958265521418604
A-Injury,Rear end,Clear,Daylight,Wet,No Controls,Champaign,2009,0,1,1604,-88.2770693731702,40.1330468948834,0.002119388884110479,0.006266893469519074
A-Injury,Angle,Clear,Daylight,Dry,Stop Sign/Flasher,Champaign,2009,0,3,1605,-88.2500491249575,40.1126086477286,0.002426660195994157,0.005760985280841102
A-Injury,Rear end,Clear,"Darkness, lighted road",Dry,No Controls,Champaign,2009,0,2,1606,-88.2534774786327,40.0981198827392,0.0023876733323988106,0.0054023446989726375
A-Injury,Turning,Clear,"Darkness, lighted road",Dry,Traffic Signal,Mahomet,2009,0,1,1607,-88.3652600147976,40.1842791332785,0.0011164945385297555,0.007535045710367995
A-Injury,Rear end,Clear,Daylight,Dry,Traffic Signal,Champaign,2009,0,1,1608,-88.2580194433672,40.1341892339031,0.0023360226054509044,0.006295169801629939
A-Injury,Overturned,Snow,Darkness,Snow or Slush,Lane Use Marking,Unincorporated,2009,0,1,1609,-88.3034889617065,39.9573821580027,0.0018189482084708735,0.0019186620298657774
A-Injury,Turning,Clear,Daylight,Snow or Slush,Traffic Signal,Urbana,2009,0,1,1610,-88.1904503710332,40.0838087934435,0.0031044107170401214,0.0050481021257834
A-Injury,Overturned,Snow,Darkness,Snow or Slush,Lane Use Marking,Unincorporated,2009,0,2,1611,-88.3038293414476,39.9903026454263,0.0018150774472269384,0.00273354326878629
A-Injury,Rear end,Snow,Daylight,Snow or Slush,No Controls,Champaign,2010,0,1,1626,-88.286886,40.127529,0.0020077552758432124,0.006130308948124871
A-Injury,Head on,Clear,Darkness,Wet,Lane Use Marking,Unincorporated,2009,0,3,1612,-88.1821706990094,40.1952119314026,0.0031985662430992746,0.00780566539973052
A-Injury,Parked Motor Vehicle,Snow,Daylight,Ice,Lane Use Marking,Unincorporated,2009,0,1,1613,-88.1786167452625,40.3245494233321,0.003238981416993603,0.011007157962894693
A-Injury,Turning,Clear,Daylight,Wet,Traffic Signal,Champaign,2009,0,1,1614,-88.2579776953768,40.1321703293564,0.0023364973590386732,0.006245195832013084
A-Injury,Rear end,Clear,Darkness,Dry,No Controls,Champaign,2009,0,2,1615,-88.2386321630873,40.1026992480365,0.0025564926395736853,0.005515697785727403
A-Injury,Parked Motor Vehicle,Clear,Darkness,Dry,No Controls,Urbana,2009,0,2,1616,-88.1759524618658,40.1040317253637,0.003269279356823338,0.005548680613753237
A-Injury,Pedestrian,Clear,Daylight,Wet,No Controls,Unincorporated,2010,0,2,1617,-88.2734519647289,40.143943179759,0.002160525657859832,0.006536609345982529
A-Injury,Angle,Fog/Smoke/Haze,Daylight,Wet,Traffic Signal,Champaign,2010,0,1,1618,-88.2451466544176,40.1125905232306,0.0024824105555914743,0.0057605366449143686
A-Injury,Angle,Clear,Darkness,Dry,Stop Sign/Flasher,Unincorporated,2010,0,1,1619,-88.2378604571786,40.0104694955878,0.00256526839489204,0.0032327335642783985
A-Injury,Overturned,Clear,Darkness,Ice,No Controls,Unincorporated,2010,0,1,1620,-88.2380966847627,40.0324748731034,0.0025625820406033205,0.003777432950472085
A-Injury,Sideswipe Same Direction,Snow,Dusk,Ice,Lane Use Marking,Mahomet,2010,0,1,1621,-88.3941831765861,40.1966699989632,0.0007875835012730372,0.0078417569643821