crash_severity,collision_type,weather,light,road_surface,traffic_control,city,year,fatality,injury,id,x,y,norm_x,norm_y
A-Injury,Sideswipe Opposite Direction,Clear,Daylight,Wet,Lane Use Marking,Urbana,2010,0,2,1622,-88.2050757952223,40.1152268924036,0.0029380919903554312,0.005825794724185813
A-Injury,Angle,Clear,Daylight,Wet,Stop Sign/Flasher,Champaign,2010,0,1,1624,-88.2414510859312,40.0945098561767,0.0025244361568380162,0.005312985666102549
A-Injury,Turning,Clear,Daylight,Dry,No Controls,Champaign,2010,0,2,1625,-88.2670409701433,40.127295610927,0.002233430788164013,0.0061245318654677425
A-Injury,Angle,Clear,Daylight,Ice,Stop Sign/Flasher,Unincorporated,2010,0,2,1627,-88.4452591373895,40.1076409232397,0.00020675325285216006,0.00563801913413609
A-Injury,Fixed object,Clear,Darkness,Dry,No Controls,Unincorporated,2010,0,2,1628,-88.3141787257155,40.1420910696334,0.0016973853795541663,0.006490764040767455
A-Injury,Pedestrian,Clear,"Darkness, lighted road",Wet,No Controls,Champaign,2010,0,1,1629,-88.2337636039307,40.1214450558028,0.0026118573626234876,0.005979713000952328
A-Injury,Parked Motor Vehicle,Rain,Darkness,Wet,Traffic Signal,Champaign,2010,0,1,1630,-88.2436806954761,40.1325986891195,0.0024990812805816627,0.006255799026612426
A-Injury,Pedalcyclist,Clear,Daylight,Dry,Stop Sign/Flasher,Champaign,2010,0,1,1631,-88.2452205430016,40.1202116119752,0.0024815703026833755,0.0059491815503865545
A-Injury,Angle,Clear,"Darkness, lighted road",Dry,Stop Sign/Flasher,Champaign,2010,0,2,1632,-88.2320504653493,40.1102999645289,0.0026313389874849467,0.005703838416584816
A-Injury,Rear end,Clear,Daylight,Dry,No Controls,Champaign,2010,0,3,1633,-88.2768979203512,40.1201005937755,0.0021213386268443967,0.005946433515494086
A-Injury,Angle,Clear,"Darkness, lighted road",Dry,Traffic Signal,Champaign,2010,0,4,1634,-88.2426392802495,40.1163716516023,0.002510924140809018,0.005854130963017911
A-Injury,Overturned,Clear,Daylight,Snow or Slush,No Controls,Unincorporated,2010,0,2,1635,-88.0593179270831,40.2656857551184,0.004595634549103526,0.009550104843838843
A-Injury,Rear end,Clear,Darkness,Dry,No Controls,Tolono,2010,0,1,1636,-88.2614313488925,39.9914902550683,0.0022972227884200526,0.0027629401851799185
A-Injury,Angle,Clear,Daylight,Dry,Lane Use Marking,Unincorporated,2010,0,2,1637,-88.1616482687062,40.04016877052,0.003431945079321094,0.003967880089917166
A-Injury,Rear end,Clear,Daylight,Dry,Traffic Signal,Champaign,2010,0,1,1638,-88.2579584086592,40.1380311319108,0.0023367166854848494,0.00639026835129712
A-Injury,Overturned,Clear,Darkness,Dry,No Controls,Bondville,2010,0,1,1640,-88.3695917615654,40.115903170059,0.0010672343873419162,0.005842534633488997
A-Injury,Rear end,Clear,Darkness,Dry,No Controls,Unincorporated,2010,0,3,1641,-88.3571104344051,40.3546510310295,0.001209170676764736,0.011752263436526671
A-Injury,Angle,Rain,Daylight,Wet,No Controls,Unincorporated,2010,0,2,1642,-88.2163373693904,40.128761739353,0.002810026598754742,0.006160822960821984
A-Injury,Other non collision,Rain,Darkness,Wet,No Controls,Mahomet,2010,0,2,1643,-88.3653275868787,40.188892297392,0.0011157261162027237,0.007649235419644858
A-Injury,Fixed object,Clear,Darkness,Dry,Lane Use Marking,Champaign,2010,0,1,1644,-88.289187124851,40.1508334076533,0.0019815871353357955,0.006707163243642314
A-Injury,Rear end,Clear,Daylight,Wet,No Controls,Champaign,2010,0,1,1645,-88.2447106161215,40.1331473571087,0.0024873691354764466,0.006269380212244417
A-Injury,Pedestrian,Clear,Daylight,Dry,No Controls,Champaign,2010,0,1,1646,-88.2354879465929,40.1079628421227,0.0025922483261786606,0.00564598759629274
A-Injury,Turning,Clear,Daylight,Dry,Stop Sign/Flasher,Unincorporated,2010,0,2,1647,-88.2745328196792,40.0836960520147,0.0021482342934017193,0.005045311435779432
A-Injury,Rear end,Clear,Daylight,Dry,No Controls,Champaign,2010,0,1,1648,-88.2576898000077,40.1034102930011,0.0023397712737359636,0.00553329829067203
A-Injury,Angle,Clear,Daylight,Dry,Stop Sign/Flasher,Champaign,2010,0,2,1649,-88.2575309666605,40.0864603619617,0.002341577509214662,0.005113736434637579
A-Injury,Other Object,Clear,Daylight,Dry,No Controls,Champaign,2010,0,1,1650,-88.3267946422315,40.0987380342442,0.0015539185546762663,0.005417645810944487
A-Injury,Angle,Rain,"Darkness, lighted road",Wet,Traffic Signal,Champaign,2000,0,1,302,-88.2451371508181,40.112631524087,0.0024825186294871347,0.005761551539628085
A-Injury,Turning,Clear,Daylight,Dry,No Controls,Unincorporated,2010,0,4,1651,-88.0095686596203,39.9085290562175,0.005161377785738839,0.000709400587421304
A-Injury,Fixed object,Rain,Daylight,Wet,Stop Sign/Flasher,Unincorporated,2010,0,2,1652,-88.0476517509858,40.0909511549283,0.004728301029657742,0.005224897089377317
A-Injury,Head on,Clear,Darkness,Dry,Lane Use Marking,Unincorporated,2010,0,3,1653,-88.3032202036894,39.961319740867,0.0018220044952911665,0.002016129067990794
A-Injury,Fixed object,Clear,"Darkness, lighted road",Dry,No Controls,Urbana,2010,0,2,1654,-88.1910125413646,40.1030535589468,0.0030980177774241175,0.005524468048142729
A-Injury,Angle,Clear,Daylight,Dry,Stop Sign/Flasher,Unincorporated,2010,0,2,1655,-88.0476517509858,40.0909511549283,0.004728301029657742,0.005224897089377317
A-Injury,Turning,Clear,Daylight,Dry,No Controls,Unincorporated,2010,0,1,1656,-88.2734613505642,40.1447692341203,0.0021604189231658154,0.006557056679969069
A-Injury,Turning,Clear,Daylight,Dry,No Controls,Unincorporated,2010,0,2,1657,-88.2378607314823,40.0104694030275,0.002565265275540302,0.0032327312731321545
A-Injury,Angle,Rain,Daylight,Wet,Stop Sign/Flasher,Unincorporated,2010,0,1,1658,-88.0476512482665,40.0909510293348,0.004728306746526752,0.005224893980559964
A-Injury,Rear end,Clear,Daylight,Dry,No Controls,Champaign,2010,0,1,1659,-88.2690910100241,40.136862845006,0.0022101179585175806,0.006361349730860296
A-Injury,Fixed object,Clear,Darkness,Dry,Lane Use Marking,Unincorporated,2010,0,1,1660,-88.2527385147706,40.311435876729,0.0023960767487388878,0.010682558179025217
A-Injury,Angle,Clear,Daylight,Dry,Stop Sign/Flasher,Thomasboro,2010,0,2,1661,-88.1838599945056,40.2387994858603,0.0031793557591989112,0.008884588683003162
A-Injury,Rear end,Clear,Daylight,Dry,Other,Urbana,2010,0,1,1662,-88.1905580638193,40.0898675218397,0.0031031860464373383,0.005198073905916825
A-Injury,Pedestrian,Rain,Daylight,Wet,No Controls,Champaign,2010,0,1,1663,-88.2539429206728,40.1126495235437,0.00238238037634822,0.005761997080406035
A-Injury,Angle,Clear,Dusk,Dry,Stop Sign/Flasher,Champaign,2010,0,1,1781,-88.2353901340516,40.1126505332631,0.0025933606397165253,0.00576202207400298
A-Injury,Sideswipe Same Direction,Clear,Daylight,Dry,Lane Use Marking,Unincorporated,2010,0,2,1664,-88.1457605880678,40.1203469689964,0.0036126180485003406,0.00595253204443341
A-Injury,Angle,Clear,Daylight,Dry,Traffic Signal,Urbana,2010,0,1,1665,-88.190699828222,40.0984105956338,0.0031015739171314674,0.005409540718906256
A-Injury,Angle,Clear,Daylight,Dry,Stop Sign/Flasher,Unincorporated,2010,0,2,1666,-88.4265984040021,40.1105873429099,0.00041896107505709924,0.0057109518972613795
A-Injury,Pedalcyclist,Clear,Dusk,Dry,No Controls,Champaign,2010,0,1,1667,-88.2299337896495,40.125154549452,0.002655409592388088,0.00607153414386951
A-Injury,Fixed object,Clear,Daylight,Dry,Lane Use Marking,Champaign,2010,0,1,1668,-88.2604829463913,40.1353779438408,0.0023080079180917592,0.0063245939536568105
A-Injury,Rear end,Clear,Daylight,Dry,Traffic Signal,Champaign,2010,0,1,1669,-88.2801600979956,40.1274592306257,0.002084241498923806,0.006128581945926023
A-Injury,Fixed object,Clear,"Darkness, lighted road",Wet,Traffic Signal,Rantoul,2010,0,1,1670,-88.1557996762123,40.3081907097621,0.0034984546344564915,0.010602230520310328
A-Injury,Overturned,Clear,Daylight,Dry,Lane Use Marking,Unincorporated,2010,0,5,1671,-88.3037020095833,40.0697662079929,0.001816525451282174,0.0047005058316461155
A-Injury,Angle,Clear,Daylight,Dry,Traffic Signal,Champaign,2010,0,3,1673,-88.2579039770263,40.1182694456578,0.0023373356760699377,0.005901107083124045
A-Injury,Turning,Clear,"Darkness, lighted road",Dry,Traffic Signal,Champaign,2003,0,2,25,-88.2436555703959,40.1336166413166,0.002499367000249865,0.006280996410140297
A-Injury,Turning,Clear,Daylight,Dry,Lane Use Marking,Unincorporated,2010,0,1,1674,-88.3147312645699,40.1603995030077,0.001691101968042774,0.006943952922170557
A-Injury,Other Object,Clear,Daylight,Dry,Lane Use Marking,Unincorporated,2010,0,2,1675,-88.3024722898142,39.9265340008974,0.0018305096902027803,0.0011550772093577054
A-Injury,Other non collision,Clear,Darkness,Wet,No Controls,Champaign,2010,0,1,1676,-88.2423616658368,40.1119845563406,0.002514081141593008,0.005745537138870799
A-Injury,Angle,Clear,Daylight,Dry,Stop Sign/Flasher,Thomasboro,2010,0,1,1677,-88.1824610674717,40.2533901115949,0.0031952642046561464,0.00924575062517778
A-Injury,Fixed object,Clear,Daylight,Dry,Traffic Signal,Champaign,2010,0,2,1678,-88.2582052646786,40.0836061198006,0.002333909465790697,0.005043085342553544
A-Injury,Overturned,Rain,Daylight,Wet,Lane Use Marking,Champaign,2010,0,3,1679,-88.2821194793268,40.1468747405076,0.0020619596284030166,0.006609174306034656
A-Injury,Fixed object,Clear,Daylight,Dry,No Controls,Unincorporated,2010,0,1,1680,-88.1439803421724,40.0549097100719,0.0036328628104081518,0.004332762751900304
A-Injury,Overturned,Clear,Daylight,Dry,Lane Use Marking,Unincorporated,2010,0,1,1681,-87.9453130465929,40.1117223312414,0.005892085599945123,0.005739046277694843
A-Injury,Angle,Clear,Daylight,Dry,Traffic Signal,Urbana,2010,0,2,1682,-88.1994298728964,40.1273891910681,0.003002296802473175,0.006126848255876386
A-Injury,Fixed object,Clear,Daylight,Dry,No Controls,Unincorporated,2010,0,1,1683,-88.3652600177603,40.1906371669864,0.0011164945048381704,0.007692426198643402
A-Injury,Rear end,Clear,Daylight,Dry,No Controls,Urbana,2010,0,1,1684,-88.2100403803609,40.1165077039458,0.002881635270325126,0.005857498668386379
A-Injury,Turning,Clear,Daylight,Dry,Traffic Signal,Urbana,2010,0,1,1685,-88.2050012736326,40.1124497905026,0.002938939441735195,0.005757053085929564
A-Injury,Rear end,Fog/Smoke/Haze,Daylight,Dry,Lane Use Marking,Unincorporated,2010,0,8,1686,-87.9587210372465,40.3132280271757,0.005739611394474296,0.010726919301554939
A-Injury,Angle,Clear,Dusk,Dry,No Controls,Unincorporated,2010,0,3,1688,-88.0662164301673,39.9233985937396,0.0045171855253925116,0.001077466436576847
A-Injury,Rear end,Clear,Daylight,Dry,Lane Use Marking,Unincorporated,2010,0,3,1689,-88.09715364394,40.1206301839172,0.004165370908919323,0.0059595424669272165
A-Injury,Angle,Clear,Daylight,Dry,Stop Sign/Flasher,Champaign,2010,0,3,1690,-88.2672494423595,40.1127493520732,0.002231060064887931,0.005764468137251325
A-Injury,Fixed object,Clear,Daylight,Dry,Lane Use Marking,Urbana,2010,0,3,1691,-88.2308654436112,40.1349921364717,0.0026448149252784547,0.00631504405900091
A-Injury,Turning,Clear,Daylight,Dry,Traffic Signal,Urbana,2010,0,1,1692,-88.2195511187013,40.1341497411231,0.0027734801925540144,0.0062941922363503435
A-Injury,Fixed object,Rain,Daylight,Wet,Lane Use Marking,Champaign,2010,0,1,1693,-88.2394295393062,40.1347786316239,0.0025474249642911733,0.0063097591708201305
A-Injury,Fixed object,Clear,Daylight,Wet,Lane Use Marking,Champaign,2010,0,1,1695,-88.2832682983505,40.1457772067206,0.0020488953839240633,0.006582007038412008
A-Injury,Fixed object,Clear,Daylight,Dry,Lane Use Marking,Unincorporated,2010,0,1,1696,-88.1333198246479,40.3707608263186,0.0037540930514971776,0.012151029401775771
A-Injury,Rear end,Clear,Daylight,Dry,Traffic Signal,Urbana,2010,0,1,1697,-88.2193810329228,40.1164311332562,0.0027754143894526922,0.005855603313144407
A-Injury,Turning,Clear,Darkness,Dry,Traffic Signal,Champaign,2010,0,2,1698,-88.2579034475667,40.1182706594738,0.002337341697026665,0.005901137128726718
A-Injury,Turning,Clear,Darkness,Dry,Traffic Signal,Champaign,2010,0,3,1699,-88.2468761563827,40.0835694625178,0.0024627428481174833,0.005042177964371746
A-Injury,Angle,Clear,Daylight,Dry,Traffic Signal,Champaign,2000,0,2,303,-88.2578465808394,40.1182575235972,0.0023379883792393604,0.005900811976208161
A-Injury,Rear end,Clear,Daylight,Dry,Lane Use Marking,Unincorporated,2000,0,1,305,-87.9938465319199,40.1199614265931,0.0053401681049866315,0.005942988708479253
A-Injury,Angle,Clear,Daylight,Dry,Stop Sign/Flasher,Unincorporated,2010,0,2,1700,-88.0665285289108,39.9818195424254,0.004513636372564777,0.0025235609135946767
A-Injury,Angle,Clear,Daylight,Dry,Lane Use Marking,Champaign,2010,0,1,1701,-88.2726288860386,40.1128033431295,0.002169885618840275,0.00576580457854639
A-Injury,Rear end,Clear,Daylight,Dry,Traffic Signal,Champaign,2010,0,1,1702,-88.2385206856358,40.0980391908685,0.0025577603489780327,0.005400347332083117
A-Injury,Turning,Clear,Daylight,Dry,No Controls,Champaign,2010,0,1,1703,-88.2506108230905,40.1420402862221,0.0024202726261668855,0.00648950699834924
A-Injury,Angle,Rain,"Darkness, lighted road",Wet,No Controls,Champaign,2010,0,3,1704,-88.2304285568393,40.116361229086,0.002649783153937483,0.005853872974341024
A-Injury,Rear end,Clear,Daylight,Dry,Lane Use Marking,Unincorporated,2010,0,1,1705,-88.3048212262454,40.1160911194946,0.0018037978416268056,0.005847186948230411
A-Injury,Turning,Clear,Dusk,Dry,Stop Sign/Flasher,Urbana,2010,0,1,1706,-88.2276484772938,40.1273355010035,0.0026813979149257145,0.006125519265032677
A-Injury,Pedestrian,Clear,Daylight,Dry,No Controls,Champaign,2010,0,1,1707,-88.2511423237451,40.1288032649433,0.002414228458766158,0.006161850844280496
A-Injury,Rear end,Rain,Daylight,Wet,Lane Use Marking,Unincorporated,2010,0,1,1708,-88.303611437567,39.9705425761115,0.0018175554263605228,0.002244422024704784
A-Injury,Rear end,Clear,Daylight,Dry,No Controls,Champaign,2010,0,1,1709,-88.2387277614997,40.1163404709011,0.002555405504867851,0.005853359146729255
A-Injury,Angle,Clear,Darkness,Dry,Stop Sign/Flasher,Philo,2010,0,1,1710,-88.1614152990513,40.0110627745879,0.003434594384794807,0.0032474190068238298
A-Injury,Fixed object,Clear,Daylight,Dry,Lane Use Marking,Unincorporated,2010,0,1,1711,-88.270946743474,40.3113130688214,0.0021890147603837733,0.010679518313344984
A-Injury,Fixed object,Clear,Daylight,Dry,Lane Use Marking,Unincorporated,2010,0,1,1712,-87.9924879654565,40.1125339920266,0.005355617574443846,0.0057591373273112485
A-Injury,Turning,Clear,Daylight,Dry,No Controls,Rantoul,2010,0,1,1713,-88.1722505626181,40.308289992295,0.0033113769507961245,0.010604688062094941
A-Injury,Parked Motor Vehicle,Clear,Daylight,Dry,Lane Use Marking,Champaign,2010,0,1,1714,-88.2524169464905,40.1126358479748,0.0023997335881027837,0.005761658568877155
A-Injury,Sideswipe Opposite Direction,Clear,Daylight,Dry,Stop Sign/Flasher,Champaign,2010,0,1,1715,-88.2868632449939,40.1275188563577,0.0020080140432875812,0.006130057862419554
A-Injury,Angle,Clear,Daylight,Dry,Stop Sign/Flasher,Urbana,2010,0,1,1716,-88.2131390628322,40.109169949398,0.00284639739165824,0.005675867137848387
A-Injury,Turning,Clear,Daylight,Dry,Traffic Signal,Champaign,2010,0,2,1717,-88.2828293462171,40.1128913552239,0.0020538870996486755,0.005767983143025199
A-Injury,Turning,Clear,Daylight,Dry,No Controls,Champaign,2010,0,2,1718,-88.2488594932418,40.098105752555,0.0024401885579494274,0.005401994934345609
A-Injury,Fixed object,Rain,Darkness,Wet,Lane Use Marking,Unincorporated,2010,0,2,1719,-88.1425416567529,40.3722067287265,0.0036492233838846784,0.012186819842249766
A-Injury,Pedestrian,Clear,"Darkness, lighted road",Dry,No Controls,Urbana,2010,0,1,1720,-88.2222074647494,40.1164201568227,0.002743272515385734,0.005855331613348017
A-Injury,Rear end,Clear,Daylight,Dry,Lane Use Marking,Unincorporated,2010,0,2,1722,-88.1443795516422,40.1203550083532,0.003628323043913866,0.00595273104273331
A-Injury,Rear end,Clear,Daylight,Dry,Lane Use Marking,Urbana,2010,0,3,1723,-88.1546756353331,40.1133458293378,0.0035112371045818895,0.00577923274647815
A-Injury,Angle,Clear,Daylight,Dry,Stop Sign/Flasher,Champaign,2010,0,1,1724,-88.2353909905643,40.1126586026873,0.0025933508995476494,0.005762221816561547
A-Injury,Rear end,Clear,Daylight,Dry,Lane Use Marking,Urbana,2010,0,3,1725,-88.1630975677909,40.1202483820557,0.003415463808403036,0.00595009172065124
A-Injury,Overturned,Clear,Daylight,Dry,Lane Use Marking,Unincorporated,2010,0,1,1726,-88.2521676216181,40.174647516557,0.0024025688833237712,0.007296634180616541
A-Injury,Angle,Clear,Daylight,Dry,Stop Sign/Flasher,Champaign,2010,0,1,1727,-88.2558288111419,40.1101403890726,0.0023609342358854573,0.005699888443309545
A-Injury,Angle,Clear,Daylight,Dry,Stop Sign/Flasher,Unincorporated,2010,0,2,1728,-88.097818456942,40.3123799983885,0.004157810728062708,0.010705928034327973
A-Injury,Turning,Clear,Daylight,Dry,No Controls,Unincorporated,2010,0,3,1729,-88.2414402383051,40.1780163453503,0.002524559514857398,0.007380022842074418
A-Injury,Angle,Clear,Daylight,Dry,Traffic Signal,Champaign,2010,0,3,1730,-88.2579034068723,40.1182673622994,0.0023373421597989662,0.00590105551372731
A-Injury,Sideswipe Same Direction,Clear,Daylight,Dry,Lane Use Marking,Mahomet,2010,0,7,1731,-88.3524997496463,40.182931064505,0.0012616028803243212,0.007501676947075794
A-Injury,Overturned,Clear,Daylight,Dry,Lane Use Marking,Unincorporated,2010,0,3,1732,-88.3845508010721,40.2830161292789,0.0008971218236986483,0.009979083813231112
A-Injury,Pedalcyclist,Clear,Daylight,Dry,No Controls,Urbana,2010,0,1,1733,-88.1906703141254,40.0949729123587,0.003101909548214821,0.005324447701594982
A-Injury,Angle,Clear,Daylight,Dry,Stop Sign/Flasher,Champaign,2010,0,4,1734,-88.2320814992505,40.1126803203407,0.00263098607334967,0.005762759393909181
A-Injury,Pedalcyclist,Clear,Daylight,Dry,Stop Sign/Flasher,Champaign,2010,0,1,1735,-88.2451672678201,40.1144299014552,0.00248217614222939,0.005806066797224112
A-Injury,Fixed object,Clear,Daylight,Dry,No Controls,Champaign,2010,0,2,1737,-88.3254131758301,40.0908597427998,0.0015696284397276217,0.0052226343638118
A-Injury,Turning,Rain,Daylight,Wet,Stop Sign/Flasher,Urbana,2010,0,1,1738,-88.2224096457622,40.1164185438028,0.0027409733349877357,0.00585529168624623
A-Injury,Pedestrian,Clear,"Darkness, lighted road",Dry,No Controls,Champaign,2010,0,1,1739,-88.2764162169815,40.1128462301025,0.002126816504959416,0.005766866160328004
A-Injury,Angle,Clear,Daylight,Dry,Traffic Signal,Urbana,2010,0,2,1740,-88.1994299669474,40.1273891911769,0.003002295732935435,0.006126848258569648
A-Injury,Pedestrian,Clear,Daylight,Dry,No Controls,Champaign,2010,0,1,1741,-88.2859157243488,40.0983813394834,0.002018789144588072,0.005408816541047775
A-Injury,Rear end,Clear,Daylight,Dry,Lane Use Marking,Unincorporated,2010,0,2,1742,-88.0612127943869,40.1205848042224,0.004574086325056809,0.005958419182771613
A-Injury,Rear end,Clear,Daylight,Dry,No Controls,Champaign,2010,0,1,1743,-88.236503455223,40.1126428576862,0.00258070007293743,0.00576183208035144
A-Injury,Turning,Clear,Daylight,Dry,Traffic Signal,Urbana,2010,0,1,1744,-88.2049685300961,40.1163195835221,0.002939311797656551,0.0058528421211743314
A-Injury,Rear end,Clear,Daylight,Dry,No Controls,Champaign,2010,0,3,1745,-88.2770744478311,40.1554200074108,0.002119331175621018,0.0068206954050811265
A-Injury,Rear end,Clear,Darkness,Dry,No Controls,Champaign,2010,0,2,1746,-88.2665213140936,40.0981996892497,0.0022393402600113426,0.005404320150529972
A-Injury,Overturned,Clear,Darkness,Dry,Lane Use Marking,Mahomet,2010,0,1,1747,-88.3629779784741,40.1860010385956,0.0011424456063869359,0.007577668054321949
A-Injury,Other non collision,Clear,Darkness,Dry,No Controls,Champaign,2010,0,1,1748,-88.2739668144699,40.1118751951921,0.002154670842830263,0.005742830120987515
A-Injury,Fixed object,Clear,Daylight,Dry,Lane Use Marking,Unincorporated,2010,0,1,1750,-88.3073468606093,40.1189667967367,0.0017750766034565788,0.005918368623143886
A-Injury,Rear end,Clear,Daylight,Dry,No Controls,Urbana,2010,0,1,1751,-88.2287586669874,40.1103520141878,0.0026687729589701488,0.0057051268024456364
A-Injury,Angle,Clear,Daylight,Dry,Traffic Signal,Champaign,2010,0,1,1752,-88.2445883723397,40.0980934446604,0.002488759278413112,0.0054016902768758875
A-Injury,Angle,Clear,Daylight,Wet,Lane Use Marking,Champaign,2010,0,1,1753,-88.2809214460413,40.143467794061,0.002075583532092392,0.006524842117825682
A-Injury,Pedestrian,Clear,Daylight,Dry,Traffic Signal,Champaign,2010,0,1,1754,-88.2445883723397,40.0980934446604,0.002488759278413112,0.0054016902768758875
A-Injury,Other non collision,Clear,Daylight,Dry,Stop Sign/Flasher,Champaign,2010,0,1,1755,-88.2652381377581,40.1272700113664,0.0022539324011671366,0.006123898199222464
A-Injury,Sideswipe Same Direction,Clear,Daylight,Dry,Lane Use Marking,Urbana,2010,0,1,1756,-88.1949325583991,40.1337352937578,0.003053439771799746,0.006283933415508521
A-Injury,Pedalcyclist,Clear,Daylight,Dry,Lane Use Marking,Champaign,2010,0,1,1757,-88.233343396156,40.1102842271743,0.002616635919547833,0.005703448869648583
A-Injury,Turning,Clear,Daylight,Dry,Traffic Signal,Savoy,2010,0,2,1758,-88.2483711021516,40.0741488759426,0.0024457424880916295,0.00480899006648366
A-Injury,Turning,Clear,Daylight,Dry,No Controls,Champaign,2010,0,1,1759,-88.2284383860912,40.1273404960089,0.0026724151583449765,0.006125642906464061
A-Injury,Fixed object,Clear,Darkness,Dry,No Controls,Unincorporated,2010,0,1,1760,-87.9884985913533,40.3405955422466,0.0054009843010791765,0.01140434774604286
A-Injury,Sideswipe Opposite Direction,Clear,Daylight,Dry,No Controls,Urbana,2010,0,1,1761,-88.1731731583684,40.112706260766,0.0033008852926773614,0.005763401497582531
A-Injury,Fixed object,Clear,Daylight,Dry,No Controls,Champaign,2010,0,2,1762,-88.2468767239029,40.0835694618433,0.0024627363943397085,0.005042177947675739
A-Injury,Fixed object,Clear,Darkness,Dry,No Controls,Champaign,2010,0,1,1763,-88.232258548618,40.1272994789221,0.0026289726872773386,0.006124627609999002
A-Injury,Rear end,Clear,Daylight,Dry,No Controls,Champaign,2010,0,1,1764,-88.2652396312148,40.1272699285188,0.0022539154177407144,0.006123896148494804
A-Injury,Fixed object,Clear,Daylight,Dry,Stop Sign/Flasher,Urbana,2010,0,1,1765,-88.2089224010542,40.1107593759899,0.00289434880891011,0.0057152102342525836
A-Injury,Rear end,Clear,Daylight,Dry,No Controls,Champaign,2010,0,1,1766,-88.2452293614869,40.1181764289361,0.0024814700198314377,0.005898804639042847
A-Injury,Angle,Clear,Darkness,Dry,Lane Use Marking,Unincorporated,2010,0,2,1767,-88.2999859561036,40.1600308076699,0.001858784005635586,0.006934826601840334
A-Injury,Fixed object,Clear,Daylight,Dry,No Controls,Champaign,2010,0,2,1768,-88.2952012269132,40.0985978334196,0.001913195423464384,0.005414175418171303
A-Injury,Pedestrian,Rain,Darkness,Wet,Traffic Signal,Champaign,2009,0,1,1591,-88.2335626825195,40.1163554469249,0.0026141422189696084,0.005853729848434558
A-Injury,Overturned,Clear,Darkness,Dry,No Controls,Urbana,2010,0,1,1770,-88.1944113938459,40.0858609133501,0.003059366398184158,0.005098898275621265
A-Injury,Fixed object,Clear,Darkness,Dry,Lane Use Marking,Unincorporated,2010,0,1,1771,-88.3848355040633,40.3266590916108,0.0008938842123740844,0.011059378608310329
A-Injury,Fixed object,Clear,Daylight,Dry,No Controls,Broadlands,2010,0,1,1772,-87.9945685680859,39.908900008685,0.005331957188558087,0.0007185827785112035
A-Injury,Rear end,Clear,Daylight,Dry,No Controls,Urbana,2010,0,1,1773,-88.2005594901837,40.1163192223279,0.0029894509180438474,0.005852833180529851
A-Injury,Sideswipe Same Direction,Clear,Daylight,Dry,Lane Use Marking,Unincorporated,2010,0,1,1774,-87.9892800974233,40.1198552638274,0.005392097099396829,0.005940360860205601
A-Injury,Rear end,Clear,Daylight,Dry,Lane Use Marking,Champaign,2010,0,1,1775,-88.2434705461323,40.1102212697797,0.0025014710759696528,0.00570189048446891
A-Injury,Rear end,Clear,Daylight,Dry,No Controls,Champaign,2010,0,1,1776,-88.2764589211934,40.0950606421885,0.002126330877325355,0.005326619279174574
A-Injury,Turning,Clear,Daylight,Dry,No Controls,Champaign,2010,0,1,1777,-88.2769940475864,40.1276889803488,0.002120245478423485,0.006134268943709195
A-Injury,Turning,Clear,"Darkness, lighted road",Dry,Stop Sign/Flasher,Champaign,2010,0,5,1778,-88.276560455285,40.1023700001551,0.0021251762427238973,0.005507547908781247
A-Injury,Angle,Clear,Daylight,Dry,Stop Sign/Flasher,Champaign,2010,0,1,1779,-88.2625000686593,40.1126795743781,0.0022850694239432553,0.005762740929087522
A-Injury,Sideswipe Opposite Direction,Rain,Daylight,Ice,Lane Use Marking,Champaign,2010,0,2,1780,-88.2709244708879,40.1570713992281,0.0021892680418005156,0.006861572327488536
A-Injury,Angle,Clear,Daylight,Dry,No Controls,Unincorporated,2010,0,3,1782,-88.0473710763459,39.9232504896342,0.00473149283101126,0.0010738004137946194
A-Injury,Pedalcyclist,Rain,"Darkness, lighted road",Dry,Traffic Signal,Rantoul,2010,0,1,1783,-88.1365217326012,40.3121193053789,0.0037176813039219753,0.010699475096985099
A-Injury,Turning,Clear,Daylight,Dry,No Controls,Champaign,2010,0,2,1785,-88.2382839315598,40.1272310971374,0.0025604526904751714,0.006122934954822932
A-Injury,Rear end,Sleet/Hail,Daylight,Ice,No Controls,Champaign,2010,0,1,1786,-88.2772871723743,40.1405667416867,0.0021169120953466454,0.006453032331945875
A-Injury,Angle,Clear,Daylight,Dry,Traffic Signal,Champaign,2010,0,1,1787,-88.2466687457606,40.0980895304398,0.0024651014990613356,0.005401593388124204
A-Injury,Rear end,Clear,Daylight,Dry,No Controls,Champaign,2010,0,1,1788,-88.2388293565977,40.1295095611103,0.002554250176508235,0.006179333802178438
A-Injury,Overturned,Clear,Daylight,Dry,Lane Use Marking,Unincorporated,2010,0,2,1789,-88.1977966112646,40.2375000929589,0.003020870075387055,0.008852424794184981
A-Injury,Sideswipe Same Direction,Clear,Daylight,Dry,Lane Use Marking,Unincorporated,2010,0,5,1790,-88.0031077723086,40.120125214688,0.00523485029067557,0.005947042957250748
A-Injury,Sideswipe Same Direction,Clear,Daylight,Ice,Lane Use Marking,Unincorporated,2010,0,1,1791,-88.187559704383,40.2622647028088,0.0031372830625059933,0.009465423493025704