crash_severity,collision_type,weather,light,road_surface,traffic_control,city,year,fatality,injury,id,x,y,norm_x,norm_y
A-Injury,Fixed object,Clear,Daylight,Dry,No Controls,Champaign,1999,0,2,448,-88.3049669289858,40.1122849616436,0.0018021409259745566,0.005752973075111293
A-Injury,Pedestrian,Clear,Daylight,Snow or Slush,Traffic Signal,Champaign,2010,0,1,1792,-88.2860601406215,40.112910943994,0.0020171468585061018,0.005768468024097691
A-Injury,Pedestrian,Snow,Darkness,Snow or Slush,No Controls,Unincorporated,2010,0,1,1793,-88.1715224575134,40.1077304067223,0.003319656882532828,0.005640234119905388
A-Injury,Turning,Rain,Darkness,Wet,No Controls,Champaign,2010,0,1,1794,-88.2769890662438,40.1274102649,0.002120302125707523,0.006127369896702315
A-Injury,Overturned,Clear,Daylight,Dry,No Controls,Unincorporated,2000,0,2,306,-88.2691703609613,39.8973916547181,0.0022092155883254075,0.0004337163481386048
A-Injury,Rear end,Clear,Daylight,Dry,No Controls,Unincorporated,2000,0,2,307,-88.3134498678013,40.1596197535617,0.0017056738721582725,0.006924651774334223
A-Injury,Fixed object,Clear,Darkness,Ice,Lane Use Marking,Urbana,2010,0,9,1795,-88.2185697112979,40.1351183668235,0.002784640650369261,0.006318168640485305
A-Injury,Pedestrian,Clear,Darkness,Dry,No Controls,Champaign,2010,0,1,1796,-88.26845498276,40.1273118204988,0.0022173507911064324,0.006124933101202141
A-Injury,Sideswipe Opposite Direction,Clear,Darkness,Dry,Lane Use Marking,Unincorporated,2010,0,3,1797,-88.3035157327827,40.0277943427626,0.0018186437707159845,0.0036615757241241042
A-Injury,Fixed object,Clear,"Darkness, lighted road",Dry,No Controls,Unincorporated,2010,0,1,1798,-88.3795998353655,40.196669875181,0.0009534236650356234,0.007841753900399737
A-Injury,Turning,Clear,Daylight,Dry,Traffic Signal,Champaign,2011,0,2,1799,-88.243560181578,40.1272001713038,0.0025004517514698944,0.006122169447275202
A-Injury,Fixed object,Snow,Daylight,Ice,Lane Use Marking,Unincorporated,2011,0,3,1800,-88.2707258061173,39.8986645953287,0.0021915272358763475,0.000465225463070254
A-Injury,Fixed object,Clear,Daylight,Dry,Lane Use Marking,Unincorporated,2011,0,1,1801,-87.9921765878156,40.1125315676622,0.0053591585269716245,0.0057590773169888775
A-Injury,Angle,Clear,Daylight,Dry,Stop Sign/Flasher,Unincorporated,2011,0,2,1802,-88.1245892131547,40.1133486448991,0.0038533766119567803,0.005779302440102274
A-Injury,Turning,Clear,Daylight,Dry,Traffic Signal,Champaign,2011,0,1,1803,-88.2468109034362,40.1126097539457,0.002463484897499009,0.00576101266304684
A-Injury,Rear end,Snow,Daylight,Snow or Slush,Lane Use Marking,Champaign,2011,0,1,1804,-88.304853081483,40.1188902381461,0.0018034355873435244,0.005916473567388635
A-Injury,Fixed object,Clear,Darkness,Ice,Lane Use Marking,Unincorporated,2011,0,3,1805,-88.1819845513831,40.166146845031,0.003200683093577096,0.007086216951502281
A-Injury,Angle,Clear,"Darkness, lighted road",Snow or Slush,Traffic Signal,Champaign,2011,0,4,1806,-88.2579054701893,40.1182694584342,0.0023373186959833913,0.005901107399378357
A-Injury,Turning,Clear,Darkness,Dry,Traffic Signal,Champaign,2011,0,2,1807,-88.2436199797834,40.1336105605322,0.0024997717328084606,0.006280845892407569
A-Injury,Angle,Clear,Daylight,Wet,Lane Use Marking,Champaign,2011,0,1,1808,-88.2869514909994,40.14901180362,0.002007010519350044,0.006662073056113176
A-Injury,Fixed object,Other,Daylight,Ice,Lane Use Marking,Unincorporated,2011,0,1,1809,-88.4626929317984,40.212579620865,8.498046720698716e-06,0.008235568035259565
A-Injury,Sideswipe Same Direction,Clear,"Darkness, lighted road",Dry,Lane Use Marking,Champaign,2011,0,1,1810,-88.2627113439375,40.1357482322688,0.0022826668245523505,0.006333759707768691
A-Injury,Rear end,Clear,"Darkness, lighted road",Dry,Lane Use Marking,Urbana,2011,0,2,1811,-88.2041264923993,40.1349972843112,0.0029488873583884195,0.006315171483536628
A-Injury,Train,Rain,Darkness,Wet,RR Crossing Gate,Champaign,2011,0,2,1812,-88.2360386104303,40.1272692806289,0.0025859862371558923,0.006123880111268013
A-Injury,Overturned,Sleet/Hail,Darkness,Ice,Lane Use Marking,Unincorporated,2011,0,2,1813,-88.3038055828128,40.049886704009,0.001815347627827242,0.0042084282196993405
A-Injury,Overturned,Clear,Daylight,Dry,Lane Use Marking,Unincorporated,2011,0,1,1815,-88.3035446858195,40.0553870660356,0.0018183145199433183,0.004344578750068958
A-Injury,Overturned,Rain,Daylight,Ice,Lane Use Marking,Unincorporated,2011,0,2,1816,-88.3039192408031,40.0606415638655,0.0018140551215737877,0.004474643400887802
A-Injury,Overturned,Clear,Darkness,Ice,Lane Use Marking,Unincorporated,2011,0,3,1817,-88.3848925104344,40.3529373002495,0.0008932359421474809,0.0117098434369923
A-Injury,Turning,Snow,Daylight,Ice,Lane Use Marking,Champaign,2011,0,2,1818,-88.2727495963825,40.1572387478047,0.0021685129139918987,0.006865714708908157
A-Injury,Pedalcyclist,Clear,Daylight,Dry,Traffic Signal,Urbana,2011,0,1,1819,-88.2194809671345,40.1200694053865,0.0027742779485106757,0.005945661508909337
A-Injury,Overturned,Clear,Darkness,Dry,Lane Use Marking,Unincorporated,2011,0,1,1820,-88.1838011551163,40.2816365561753,0.003180024874308341,0.009944935222860123
A-Injury,Pedestrian,Clear,Darkness,Dry,Other,Champaign,2011,0,1,1821,-88.2435091115853,40.1163595649879,0.002501032513849782,0.005853831782899836
A-Injury,Angle,Clear,Daylight,Dry,Traffic Signal,Urbana,2011,0,2,1822,-88.1904503710332,40.0838087934435,0.0031044107170401214,0.0050481021257834
A-Injury,Turning,Clear,Daylight,Dry,Traffic Signal,Champaign,2011,0,1,1823,-88.2468489588096,40.1163408818701,0.002463052135948664,0.005853369319450103
A-Injury,Angle,Clear,"Darkness, lighted road",Dry,Stop Sign/Flasher,Champaign,2011,0,2,1824,-88.2468413169619,40.1153414482278,0.0024631390382060313,0.005828630325942011
A-Injury,Fixed object,Clear,Daylight,"Sand, mud, dirt",No Controls,Mahomet,2011,0,5,1825,-88.4208233782582,40.1749860708122,0.0004846340371454327,0.007305014418350271
A-Injury,Sideswipe Same Direction,Clear,Daylight,Dry,No Controls,Urbana,2011,0,1,1826,-88.2194814125894,40.125104836724,0.0027742728828461837,0.006070303604088569
A-Injury,Head on,Clear,Daylight,Dry,No Controls,Rantoul,2011,0,2,1827,-88.1687722128656,40.2871537966663,0.0033509323643225552,0.01008150354607116
A-Injury,Pedestrian,Rain,"Darkness, lighted road",Wet,Traffic Signal,Urbana,2011,0,1,1828,-88.1906998147208,40.0984098714558,0.0031015740706655604,0.0054095227933190935
A-Injury,Rear end,Clear,Daylight,Dry,No Controls,Urbana,2011,0,3,1829,-88.2049970570614,40.1035539273001,0.0029389873921223907,0.005536853672280294
A-Injury,Turning,Rain,Daylight,Wet,Stop Sign/Flasher,Urbana,2011,0,1,1830,-88.1784406523811,40.112990613851,0.0032409839260104088,0.005770440093069111
A-Injury,Overturned,Clear,Daylight,Ice,No Controls,Unincorporated,2011,0,5,1831,-88.3039478916707,40.0253799337323,0.0018137293070362437,0.0036018118270544426
A-Injury,Fixed object,Clear,Daylight,Dry,Lane Use Marking,Unincorporated,2011,0,2,1833,-88.143373262508,40.3711879291767,0.003639766454054461,0.012161601484189818
A-Injury,Overturned,Clear,Darkness,Dry,No Controls,Unincorporated,2011,0,2,1834,-88.312363343962,39.9481535846636,0.0017180297026030428,0.001690227038024032
A-Injury,Rear end,Clear,"Darkness, lighted road",Dry,Traffic Signal,Champaign,2011,0,1,1835,-88.2387294870596,40.1163404588595,0.0025553858819891374,0.005853358848663299
A-Injury,Overturned,Clear,Darkness,Dry,Lane Use Marking,Unincorporated,2011,0,1,1836,-88.2582302865624,40.010778736286,0.0023336249196606743,0.003240388203167303
A-Injury,Turning,Clear,Daylight,Dry,Traffic Signal,Urbana,2011,0,1,1837,-88.208930575988,40.1124394417019,0.002894255844455571,0.00575679692193578
A-Injury,Rear end,Clear,Daylight,Dry,No Controls,Unincorporated,2011,0,2,1838,-88.3109710945505,40.1132209639359,0.0017338622108678094,0.005776141951615668
A-Injury,Angle,Clear,Daylight,Dry,Traffic Signal,Champaign,1999,0,1,449,-88.2467409787724,40.0848197129335,0.002464280073139559,0.00507312542862397
A-Injury,Overturned,Clear,Daylight,Dry,Lane Use Marking,Unincorporated,1999,0,4,450,-88.1835857714899,40.2769346753097,0.003182474193386402,0.009828549506703522
A-Injury,Fixed object,Clear,Daylight,Dry,No Controls,Rantoul,2011,0,1,1839,-88.1549968616189,40.3119994747397,0.003507584154339921,0.010696508927667027
A-Injury,Sideswipe Same Direction,Clear,Darkness,Dry,Lane Use Marking,Unincorporated,2011,0,1,1840,-88.1837863691548,40.2803269452229,0.003180193018647759,0.009912518406497059
A-Injury,Overturned,Clear,Darkness,Dry,No Controls,Unincorporated,2000,0,1,308,-88.2929675414464,39.8809479974438,0.001938596650659552,2.6686292974143923e-05
A-Injury,Fixed object,Clear,Darkness,Dry,No Controls,Unincorporated,2000,0,2,309,-87.9598971774902,40.1432924868889,0.0057262364560652914,0.006520502737191544
A-Injury,Rear end,Rain,Daylight,Wet,Stop Sign/Flasher,Champaign,2011,0,2,1841,-88.2952095271554,40.0933010120688,0.0019131010340166863,0.005283063132707695
A-Injury,Rear end,Clear,Daylight,Dry,Police/Flagman,Champaign,2011,0,2,1842,-88.2626814759978,40.112679825728,0.002283006479500863,0.005762747150754821
A-Injury,Overturned,Severe cross wind,"Darkness, lighted road",Wet,Lane Use Marking,Champaign,2011,0,2,1843,-88.2782265971872,40.1414111551128,0.002106229058965817,0.006473934108094222
A-Injury,Fixed object,Rain,Darkness,Wet,Stop Sign/Flasher,Unincorporated,2011,0,1,1844,-88.209270603277,40.0545489182813,0.0028903890912583205,0.0043238320681734214
A-Injury,Fixed object,Severe cross wind,Darkness,Wet,Lane Use Marking,Champaign,2011,0,1,1845,-88.269602963025,40.1373798214968,0.002204296084900078,0.006374146456434118
A-Injury,Angle,Rain,Daylight,Wet,No Controls,Unincorporated,2011,0,1,1846,-88.4252803067834,39.9231701090237,0.0004339503326831539,0.0010718107515327812
A-Injury,Turning,Clear,Daylight,Dry,Stop Sign/Flasher,Tolono,2011,0,2,1847,-88.2636655823843,39.9813244743015,0.002271815329144437,0.002511306486102154
A-Injury,Overturned,Clear,"Darkness, lighted road",Dry,Lane Use Marking,Champaign,2011,0,2,1848,-88.3025464365707,40.1207589897691,0.001829666501385304,0.005962730799798071
A-Injury,Turning,Clear,Daylight,Dry,No Controls,Urbana,2011,0,1,1849,-88.1978096430996,40.1109094656139,0.0030207218787824818,0.0057189254046016965
A-Injury,Overturned,Clear,"Darkness, lighted road",Dry,Lane Use Marking,Champaign,2011,0,1,1850,-88.3041512806812,40.0814431169925,0.0018114163894203418,0.0049895445068614585
A-Injury,Pedalcyclist,Clear,Daylight,Dry,No Controls,Champaign,2011,0,1,1851,-88.2575734336513,40.1090310042719,0.002341094579232898,0.005672427827395774
A-Injury,Rear end,Clear,Daylight,Dry,No Controls,Urbana,2011,0,1,1852,-88.1991518972816,40.1278681849447,0.003005457910807973,0.006138704797323693
A-Injury,Angle,Rain,Daylight,Wet,Stop Sign/Flasher,Unincorporated,2011,0,2,1853,-87.9585197567854,40.0762200477636,0.0057419003338967396,0.004860257808598097
A-Injury,Angle,Clear,Daylight,Dry,Traffic Signal,Urbana,2011,0,1,1854,-88.1621603328049,40.0839895476106,0.0034261219423114887,0.00505257633595316
A-Injury,Rear end,Clear,Daylight,Dry,Lane Use Marking,Unincorporated,2011,0,1,1855,-88.093789758407,40.1207994243444,0.004203624647841935,0.005963731677348552
A-Injury,Angle,Clear,Daylight,Dry,Stop Sign/Flasher,Savoy,2011,0,2,1856,-88.254410224709,40.069030559561,0.002377066245881196,0.004682296316766147
A-Injury,Fixed object,Rain,Daylight,Wet,Lane Use Marking,Champaign,2011,0,2,1857,-88.2832774090151,40.1457978139629,0.0020487917784412627,0.006582517129739598
A-Injury,Rear end,Clear,Daylight,Dry,No Controls,Champaign,2011,0,2,1858,-88.2952431097003,40.1093487092503,0.0019127191369835057,0.005680291982718829
A-Injury,Rear end,Clear,Daylight,Dry,,Urbana,2011,0,1,1859,-88.2049100886999,40.0983310739398,0.002939976386831853,0.005407572317415175
A-Injury,Turning,Clear,Daylight,Dry,No Controls,Champaign,2011,0,1,1860,-88.2577507153234,40.10903019856,0.0023390785514181807,0.005672407883599013
A-Injury,Pedalcyclist,Clear,Daylight,Dry,No Controls,Urbana,2011,0,1,1862,-88.2271221332278,40.1127484006515,0.0026873834421640205,0.005764444586697927
A-Injury,Turning,Clear,Daylight,Dry,Stop Sign/Flasher,Rantoul,2011,0,1,1863,-88.1556717398397,40.2965507432887,0.0034999095129141116,0.010314106283910303
A-Injury,Rear end,Clear,Daylight,Dry,Lane Use Marking,Champaign,2011,0,1,1864,-88.2625000686593,40.1126795743781,0.0022850694239432553,0.005762740929087522
A-Injury,Turning,Clear,Daylight,Dry,No Controls,Unincorporated,2011,0,3,1865,-88.3497702739653,40.0257813038778,0.0012926421796916412,0.00361174694731009
A-Injury,Overturned,Clear,Daylight,Dry,Lane Use Marking,Unincorporated,2011,0,1,1866,-88.1530956711333,40.3568377946347,0.0035292042849194576,0.01180639242352813
A-Injury,Rear end,Clear,Daylight,Dry,No Controls,Champaign,2011,0,1,1867,-88.2773855970352,40.1433194523018,0.0021157928208514628,0.006521170212395941
A-Injury,Rear end,Clear,Daylight,Wet,No Controls,Urbana,2011,0,1,1868,-88.2195500824643,40.128313437851,0.002773491976528118,0.006149726148108898
A-Injury,Fixed object,Clear,"Darkness, lighted road",Dry,No Controls,Rantoul,2011,0,1,1869,-88.1508668639506,40.3144935428928,0.0035545500368005588,0.010758244628004558
A-Injury,Overturned,Clear,Daylight,Dry,No Controls,Unincorporated,2011,0,1,1870,-88.2893857566613,40.2600012765187,0.0019793283160809087,0.009409396873621538
A-Injury,Overturned,Clear,"Darkness, lighted road",Dry,No Controls,Champaign,2011,0,1,1871,-88.2575401488194,40.088051688117,0.0023414730907063445,0.005153126550958508
A-Injury,Pedestrian,Clear,Daylight,Dry,No Controls,Urbana,2011,0,1,1872,-88.2035990490459,40.105640562549,0.0029548853866028547,0.005588504180819874
A-Injury,Angle,Clear,Daylight,Dry,No Controls,Champaign,2011,0,2,1873,-88.2451490298286,40.1125905467255,0.002482383542676989,0.005760537226483886
A-Injury,Sideswipe Same Direction,Clear,Dusk,Dry,No Controls,Urbana,2011,0,1,1874,-88.2051469343974,40.1163196836606,0.0029372830034250052,0.005852844599903884
A-Injury,Turning,Clear,Daylight,Dry,Traffic Signal,Champaign,2011,0,1,1875,-88.2468690972316,40.1271882870534,0.0024628231240129074,0.006121875276275747
A-Injury,Turning,Clear,Daylight,Dry,No Controls,Champaign,2011,0,1,1876,-88.273779630788,40.1329098656701,0.0021567994752191475,0.006263501583680186
A-Injury,Fixed object,Clear,Darkness,Dry,No Controls,Unincorporated,2011,0,1,1877,-88.1574683238661,40.0401880050186,0.003479478955564911,0.003968356201702785
A-Injury,Turning,Clear,Darkness,Wet,Traffic Signal,Urbana,2011,0,4,1878,-88.2194809957241,40.120069843808,0.002774277623392907,0.0059456723611621045
A-Injury,Pedestrian,Rain,Darkness,Wet,No Controls,Urbana,2011,0,1,1879,-88.1956617695502,40.1056896247093,0.003045147262224197,0.005589718617090378
A-Injury,Overturned,Clear,Daylight,Dry,No Controls,Urbana,2011,0,1,1880,-88.2143395816595,40.0990723127172,0.002832745222658802,0.005425920210187613
A-Injury,Angle,Clear,Daylight,Dry,Traffic Signal,Champaign,2011,0,1,1882,-88.2768102093063,40.116460509293,0.0021223360672683487,0.005856330458552486
A-Injury,Turning,Clear,Daylight,Dry,Stop Sign/Flasher,Unincorporated,2011,0,1,1883,-88.3651000678396,40.1567695542042,0.001118313437868777,0.006854100753818581
A-Injury,Fixed object,Clear,Darkness,Dry,Stop Sign/Flasher,Unincorporated,2011,0,1,1884,-88.4075084855352,40.1276993176667,0.000636049543116369,0.006134524823469161
A-Injury,Overturned,Clear,Daylight,Dry,No Controls,Champaign,2011,0,1,1885,-88.2389833366425,40.1493904818274,0.0025524991322544164,0.0066714464825400515
A-Injury,Angle,Fog/Smoke/Haze,Daylight,Dry,Stop Sign/Flasher,Thomasboro,2000,0,2,311,-88.1830986618121,40.2388001328631,0.003188013551446789,0.008884604698271596
A-Injury,Overturned,Clear,Darkness,Ice,Lane Use Marking,Unincorporated,2000,0,1,313,-88.2008513181667,40.2296707306116,0.0029861322820906697,0.008658624489607658
A-Injury,Angle,Clear,Daylight,Dry,Stop Sign/Flasher,Champaign,2011,0,1,1886,-88.2387208269905,40.114370984676,0.002555484363349196,0.005804608429448073
A-Injury,Other non collision,Clear,Darkness,Dry,No Controls,Unincorporated,2011,0,1,1887,-87.9490236092105,40.3049778420437,0.005849889487075965,0.010522702365299364
A-Injury,Other non collision,Clear,Darkness,Dry,No Controls,Unincorporated,2011,0,1,1888,-87.9492553825893,40.3132221025427,0.005847253785523445,0.010726772649039982
A-Injury,Fixed object,Clear,Daylight,Dry,Lane Use Marking,Unincorporated,2011,0,1,1889,-88.2676489323956,39.8951852083956,0.0022265171078243522,0.00037910015458860244
A-Injury,Angle,Clear,Daylight,Dry,Lane Use Marking,Urbana,2011,0,1,1890,-88.202372809193,40.1018788238164,0.0029688300522966,0.0054953898146966424
A-Injury,Pedestrian,Clear,Daylight,Dry,No Controls,Champaign,2011,0,1,1891,-88.235392504874,40.1126505144051,0.002593333678983095,0.005762021607210591
A-Injury,Fixed object,Clear,Daylight,Dry,No Controls,Urbana,2011,0,1,1892,-88.1995869822177,40.1163252733284,0.0030005101724288152,0.005852982961021201
A-Injury,Overturned,Clear,Daylight,Other,No Controls,Unincorporated,2011,0,1,1893,-88.4628216032229,40.0550591897905,7.0348093330000075e-06,0.004336462825253408
A-Injury,Turning,Clear,Daylight,Dry,Traffic Signal,Urbana,2011,0,1,1894,-88.1947784459393,40.1354537600312,0.003055192321862442,0.006326470632770493
A-Injury,Turning,Clear,"Darkness, lighted road",Dry,No Controls,Champaign,2011,0,1,1895,-88.2457011514076,40.0913200979752,0.0024761048763758966,0.005234029541253904
A-Injury,Animal,Clear,"Darkness, lighted road",Dry,No Controls,Rantoul,2011,0,1,1896,-88.1508683996704,40.313179822083,0.003554532572762661,0.010725726080289618
A-Injury,Overturned,Clear,Daylight,Dry,No Controls,Savoy,2011,0,1,1897,-88.2540837891483,40.0370027196773,0.002380778435428636,0.0038895107936188274
A-Injury,Turning,Clear,"Darkness, lighted road",Dry,Traffic Signal,Champaign,2011,0,1,1898,-88.2579780378281,40.1321704764421,0.0023364934647198752,0.006245199472827266
A-Injury,Pedestrian,Clear,Daylight,Dry,No Controls,Champaign,2011,0,1,1899,-88.235601661912,40.1163411416249,0.002590955167988299,0.005853375749163907
A-Injury,Angle,Clear,Daylight,Dry,Stop Sign/Flasher,Unincorporated,2011,0,1,1900,-88.2366706143637,39.9082890122379,0.002578799157444262,0.0007034587757774925
A-Injury,Fixed object,Clear,Darkness,Dry,No Controls,Savoy,2011,0,2,1901,-88.2516654661085,40.0528817491575,0.0024082793409401413,0.004282564609900083
A-Injury,Rear end,Clear,Daylight,Dry,Other Warning Sign,Rantoul,2011,0,1,1902,-88.1841636599126,40.3087772593667,0.0031759025093527596,0.010616749390044346
A-Injury,Angle,Clear,Daylight,Dry,Traffic Signal,Urbana,2011,0,2,1903,-88.1627391639582,40.1105099937499,0.0034195395376484835,0.005709037272531787
A-Injury,Turning,Clear,Daylight,Dry,Stop Sign/Flasher,Champaign,2011,0,1,1904,-88.2354012173163,40.110270834298,0.0025932346020407764,0.005703117355613271
A-Injury,Turning,Clear,Daylight,Dry,Lane Use Marking,Champaign,2011,0,1,1905,-88.2451400174758,40.1116444775969,0.002482486030168721,0.0057371191654539844
A-Injury,Angle,Rain,Daylight,Wet,No Controls,Unincorporated,2011,0,1,1906,-88.4073602055892,40.0986798655086,0.0006377357664691625,0.0054162059595011785
A-Injury,Pedalcyclist,Clear,Daylight,Dry,Traffic Signal,Champaign,2011,0,1,1907,-88.2451793507843,40.0944799328583,0.002482038736079999,0.005312244973826113
A-Injury,Fixed object,Clear,Daylight,Dry,No Controls,Unincorporated,2011,0,1,1908,-88.3682137861133,39.9820006363213,0.001082904573699104,0.0025280435330758623
A-Injury,Fixed object,Clear,Daylight,Dry,No Controls,Unincorporated,2011,0,1,1910,-88.2576314731505,40.1689178681472,0.002340434560386361,0.007154808121521983
A-Injury,Fixed object,Clear,"Darkness, lighted road",Dry,No Controls,Champaign,2011,0,1,1911,-88.250338910576,40.1271889424437,0.0024233647855870307,0.00612189149916013
A-Injury,Angle,Clear,"Darkness, lighted road",Dry,Stop Sign/Flasher,Unincorporated,2011,0,3,1912,-88.0476090804478,40.1279404399366,0.004728786274356061,0.006140493326046225
A-Injury,Angle,Clear,"Darkness, lighted road",Dry,Traffic Signal,Champaign,2011,0,4,1913,-88.2437187518033,40.1379711452111,0.0024986485081847616,0.006388783499765483
A-Injury,Overturned,Clear,Darkness,Dry,No Controls,Unincorporated,2011,0,1,1914,-88.2133721767672,40.3592937478574,0.0028437464454470584,0.011867184664514523
A-Injury,Fixed object,Clear,"Darkness, lighted road",Dry,No Controls,Rantoul,2011,0,1,1915,-88.1547245063842,40.3036562716184,0.0035106813483259136,0.010489989515953306
A-Injury,Turning,Clear,Daylight,Dry,Traffic Signal,Unincorporated,2011,0,1,1916,-88.2954491044235,40.1130410999435,0.0019103765874872415,0.0057716897759513604
A-Injury,Rear end,Clear,Daylight,Dry,Lane Use Marking,Unincorporated,2011,0,5,1917,-88.2652185178988,39.8815188001346,0.0022541555160644957,4.081537915307094e-05
A-Injury,Rear end,Clear,Daylight,Dry,Stop Sign/Flasher,Champaign,2011,0,1,1918,-88.2879403173165,40.0983987050087,0.0019957656944584326,0.005409246390113642
A-Injury,Angle,Clear,Daylight,Dry,Stop Sign/Flasher,Champaign,2011,0,1,1919,-88.2418398818923,40.1163400621716,0.0025200148116274906,0.005853349029442849
A-Injury,Angle,Clear,Darkness,Dry,Stop Sign/Flasher,Champaign,2011,0,1,1920,-88.2933487088704,40.0984588949569,0.0019342620563398986,0.0054107362726578834
A-Injury,Angle,Clear,Daylight,Dry,Traffic Signal,Urbana,2011,0,2,1921,-88.2195498745535,40.1324396336256,0.002773494340867047,0.006251861923973115
A-Injury,Turning,Clear,Daylight,Dry,Stop Sign/Flasher,Champaign,2011,0,2,1922,-88.2764615541006,40.095060637991,0.002126300936192078,0.005326619175273735
A-Injury,Fixed object,Clear,Daylight,Dry,Lane Use Marking,Champaign,2011,0,1,1923,-88.2843437466609,40.1480874663755,0.002036665503184455,0.006639192924683609
A-Injury,Angle,Clear,Darkness,Dry,Traffic Signal,Champaign,2011,0,4,1924,-88.2579083280302,40.1426302138974,0.0023372861969288027,0.006504109485509782
A-Injury,Overturned,Rain,Darkness,Wet,No Controls,Unincorporated,2011,0,1,1925,-87.9946293094219,39.9711483312374,0.0053312664447184525,0.0022594162889490238
A-Injury,Pedestrian,Clear,"Darkness, lighted road",Dry,No Controls,Champaign,2011,0,1,1926,-88.2452174378777,40.1212965769275,0.002481605613813208,0.005976037701485957
A-Injury,Turning,Clear,Daylight,Dry,Lane Use Marking,Unincorporated,2011,0,2,1927,-88.1832000272932,40.2388009542279,0.003186860834265501,0.008884625029524817
A-Injury,Overturned,Clear,Daylight,Dry,Lane Use Marking,Unincorporated,2011,0,2,1928,-87.9507010925785,40.313255031162,0.005830813329407449,0.01072758773156729
A-Injury,Angle,Rain,Daylight,Wet,Stop Sign/Flasher,Champaign,2011,0,2,1929,-88.2764590244653,40.0942800554814,0.0021263297029285714,0.005307297406603765
A-Injury,Pedestrian,Clear,Darkness,Dry,Stop Sign/Flasher,Champaign,2011,0,1,1931,-88.2320800272746,40.1126803308579,0.002631002812498768,0.00576275965424151
A-Injury,Head on,Clear,Dawn,Dry,Lane Use Marking,Fisher,1999,0,2,451,-88.3524912972527,40.3108137996809,0.0012616990000212944,0.010667159898035735
A-Injury,Angle,Snow,Daylight,Snow or Slush,No Controls,Unincorporated,1999,0,3,452,-88.1822034339574,40.190597333153,0.0031981939848455708,0.007691440191264694
A-Injury,Fixed object,Clear,"Darkness, lighted road",Dry,No Controls,Urbana,2011,0,2,1932,-88.2091778497865,40.0982999394455,0.0028914438738230548,0.005406801644886663
A-Injury,Angle,Clear,Daylight,Dry,Traffic Signal,Champaign,2011,0,1,1933,-88.2451490298286,40.1125905467255,0.002482383542676989,0.005760537226483886
A-Injury,Fixed object,Clear,Darkness,Dry,Other Warning Sign,Rantoul,2011,0,1,1934,-88.1841564075038,40.3080590614863,0.003175984982953538,0.010598971828884873
A-Injury,Rear end,Clear,Daylight,Dry,No Controls,Champaign,2011,0,4,1935,-88.277000943488,40.1288095883062,0.002120167058983498,0.00616200736656174
A-Injury,Parked Motor Vehicle,Clear,Daylight,Dry,No Controls,Rantoul,2011,0,1,1936,-88.1514604297023,40.3069931659359,0.0035478000718935634,0.01057258770293038
A-Injury,Turning,Clear,Daylight,Dry,Stop Sign/Flasher,Champaign,2011,0,2,1937,-88.2766517708249,40.1065597266257,0.0021241378123763666,0.005611256260761877
A-Injury,Turning,Clear,Daylight,Dry,Traffic Signal,Urbana,2011,0,1,1938,-88.2193810241534,40.1164301749306,0.0027754144891772438,0.005855579591698782
A-Injury,Fixed object,Clear,Darkness,Dry,Other Warning Sign,Unincorporated,2011,0,1,1939,-87.9604306231625,40.2140384659349,0.005720170170135842,0.00827167884560861
A-Injury,Fixed object,Clear,Dawn,Dry,No Controls,Unincorporated,2011,0,1,1940,-88.1821234106795,40.1767892344921,0.0031991040008228057,0.007349648151579759
A-Injury,Angle,Rain,Daylight,Wet,Stop Sign/Flasher,Champaign,2011,0,2,1941,-88.2388898763208,40.1330299996215,0.0025535619528263844,0.006266475260888918
A-Injury,Rear end,Clear,Daylight,Dry,No Controls,Urbana,2011,0,1,1942,-88.2194830602607,40.1238356537441,0.002774254145708129,0.006038887501836881
A-Injury,Overturned,Clear,Daylight,Dry,Lane Use Marking,Unincorporated,2011,0,2,1943,-88.4468259913256,40.3109658869414,0.0001889351610017561,0.010670924515906297
A-Injury,Overturned,Clear,Daylight,Dry,Traffic Signal,Champaign,2011,0,1,1944,-88.2801600979956,40.1274592306257,0.002084241498923806,0.006128581945926023
A-Injury,Pedestrian,Clear,"Darkness, lighted road",Dry,Traffic Signal,Champaign,2011,0,2,1945,-88.2335492036491,40.1126691988351,0.0026142954992118173,0.005762484103141274
A-Injury,Angle,Clear,Daylight,Dry,Traffic Signal,Urbana,2011,0,2,1946,-88.2190799804952,40.0981590787105,0.0027788379247824517,0.005403314917342921
A-Injury,Other Object,Rain,Dusk,Wet,Other Regualtory Sig,Unincorporated,2011,0,1,1947,-88.4260801587664,40.0551196351528,0.0004248545032817636,0.00433795903006609
A-Injury,Fixed object,Clear,Daylight,Dry,No Controls,Champaign,2011,0,1,1948,-88.2266747083716,40.1273592554735,0.002692471508766842,0.006126107259727115