crash_severity,collision_type,weather,light,road_surface,traffic_control,city,year,fatality,injury,id,x,y,norm_x,norm_y
A-Injury,Rear end,Clear,Daylight,Dry,No Controls,Urbana,2011,0,2,1949,-88.2191305958169,40.1006490504101,0.002778262332871477,0.005464949218115441
A-Injury,Angle,Clear,Daylight,Dry,Stop Sign/Flasher,Unincorporated,2011,0,5,1950,-88.4257682902613,40.0255895313129,0.00042840103786356793,0.003606999998601127
A-Injury,Pedestrian,Clear,Darkness,Dry,School Zone,Urbana,2011,0,1,1951,-88.2049991586243,40.1036900070834,0.0029389634933786103,0.005540222056866559
A-Injury,Angle,Clear,Darkness,Dry,Traffic Signal,Urbana,2011,0,2,1952,-88.2075099826705,40.1164091877407,0.002910410676523976,0.005855060095523461
A-Injury,Other non collision,Rain,Darkness,Wet,No Controls,Urbana,2011,0,1,1953,-88.2190647803561,40.0970660105832,0.0027790107791042123,0.0053762581882507675
A-Injury,Pedestrian,Rain,Darkness,Wet,No Controls,Urbana,2011,0,2,1954,-88.2074239992347,40.1129908430836,0.0029113884707658764,0.00577044576726665
A-Injury,Turning,Clear,Daylight,Dry,Traffic Signal,Champaign,2011,0,3,1955,-88.2414400012199,40.0980500005064,0.0025245622109644358,0.00540061490318589
A-Injury,Angle,Clear,Daylight,Dry,Stop Sign/Flasher,Champaign,2011,0,1,1956,-88.2601892329109,40.1163307430529,0.0023113479957154303,0.005853118353180467
A-Injury,Rear end,Clear,Daylight,Dry,School Zone,St. Joseph,2011,0,2,1957,-88.0381646965542,40.1131497026353,0.0048361867766043365,0.005774378019746239
A-Injury,Turning,Clear,Daylight,Dry,Stop Sign/Flasher,Champaign,2011,0,1,1958,-88.2483942472765,40.0835644441796,0.0024454792842588764,0.005042053745383211
A-Injury,Rear end,Clear,"Darkness, lighted road",Dry,Traffic Signal,Rantoul,2011,0,2,1960,-88.1705793129606,40.2827213746296,0.003330382219389671,0.00997178774769279
A-Injury,Fixed object,Clear,Daylight,Dry,No Controls,Champaign,2011,0,2,1961,-88.2952208425573,40.0949128026606,0.0019129723565019271,0.00532295980548256
A-Injury,Angle,Clear,Daylight,Dry,Stop Sign/Flasher,Champaign,2011,0,1,1962,-88.2353893106432,40.1126505416257,0.00259337000342692,0.005762022281002466
A-Injury,Pedestrian,Rain,Darkness,Wet,Traffic Signal,Champaign,2011,0,1,1963,-88.2579100794734,40.1182694965733,0.002337266279707918,0.005901108343435953
A-Injury,Sideswipe Same Direction,Clear,Daylight,Dry,No Controls,Champaign,2003,0,1,7,-88.2857629717804,40.1444550759306,0.002020526230114282,0.0065492803183513915
A-Injury,Overturned,Clear,Darkness,Dry,No Controls,Unincorporated,2011,0,1,1964,-88.4262702663562,40.1240108855613,0.0004226926205315529,0.00604322501721012
A-Injury,Angle,Clear,Daylight,Dry,No Controls,Unincorporated,2011,0,3,1965,-88.4073603546486,40.0986798645898,0.0006377340713819093,0.005416205936758041
A-Injury,Turning,Clear,Daylight,Dry,Traffic Signal,Urbana,2011,0,2,1966,-88.2050012736326,40.1124497905026,0.002938939441735195,0.005757053085929564
A-Injury,Turning,Clear,"Darkness, lighted road",Dry,Traffic Signal,Urbana,2011,0,2,1967,-88.1627399769457,40.110509999614,0.0034195302924433213,0.00570903741768598
A-Injury,Pedestrian,Rain,"Darkness, lighted road",Wet,Traffic Signal,Champaign,2011,0,1,1968,-88.2468109054203,40.1126098810458,0.0024634848749359797,0.00576101580915724
A-Injury,Pedestrian,Clear,Daylight,Snow or Slush,No Controls,Champaign,2011,0,1,1969,-88.2484902741488,40.1126102822963,0.0024443872771537033,0.005761025741315985
A-Injury,Pedestrian,Rain,"Darkness, lighted road",Wet,No Controls,Champaign,2011,0,1,1970,-88.2335713617701,40.1101435427583,0.002614043519479637,0.005699966506531402
A-Injury,Overturned,Clear,Daylight,Dry,No Controls,Urbana,2011,0,1,1971,-88.2285241143888,40.1103672426015,0.002671440265506706,0.005705503751561373
A-Injury,Pedalcyclist,Clear,"Darkness, lighted road",Dry,Stop Sign/Flasher,Champaign,2011,0,1,1972,-88.2321094862598,40.1231018202746,0.002630667808136235,0.006020722912743897
A-Injury,Pedalcyclist,Clear,Daylight,Dry,Traffic Signal,Champaign,2011,0,1,1973,-88.2576295460503,40.098149983044,0.002340456475159387,0.005403089772195759
A-Injury,Pedalcyclist,Clear,Daylight,Dry,No Controls,Urbana,2011,0,1,1974,-88.2223906657727,40.1128536578231,0.002741189173355488,0.00576705001878946
A-Injury,Pedestrian,Clear,Daylight,Dry,No Controls,Urbana,2011,0,1,1975,-88.2194715180836,40.1211951643367,0.0027743854020856914,0.005973527434351358
A-Injury,Pedalcyclist,Rain,Darkness,Wet,Traffic Signal,Champaign,2011,0,1,1976,-88.2828294336201,40.1128906489453,0.0020538861057113607,0.00576796566050218
A-Injury,Pedestrian,Rain,Darkness,Wet,Stop Sign/Flasher,Champaign,2011,0,1,1977,-88.2335494232931,40.1144290680257,0.002614293001444308,0.005806046167333145
A-Injury,Head on,Clear,Daylight,Wet,No Controls,Unincorporated,1999,0,2,453,-88.384895562152,40.3615678798402,0.0008932012383482173,0.011923476282064686
A-Injury,Angle,Clear,"Darkness, lighted road",Dry,No Controls,Mahomet,2000,0,1,269,-88.4174498174559,40.1934773225523,0.0005229978021738845,0.007762728605059407
A-Injury,Fixed object,Clear,Daylight,Dry,Lane Use Marking,Unincorporated,2000,0,1,270,-88.3038232987124,40.006891460507,0.0018151461645516576,0.00314416641695684
A-Injury,Angle,Clear,Daylight,Dry,Lane Use Marking,Unincorporated,2012,0,2,1979,-88.143630815767,40.1133599974112,0.003636837586519758,0.005779583448977049
A-Injury,Turning,Clear,Daylight,Dry,Lane Use Marking,Champaign,2012,0,2,1980,-88.2467811753482,40.1091492146132,0.002463822962069181,0.005675353889459535
A-Injury,Turning,Clear,Daylight,Dry,Traffic Signal,Urbana,2012,0,2,1981,-88.1906582410882,40.1420099996467,0.0031020468414753753,0.00648875731436786
A-Injury,Overturned,Rain,Darkness,Wet,Lane Use Marking,Champaign,2012,0,1,1982,-88.2832537735333,40.1440554343328,0.0020490605585590915,0.006539387984858544
A-Injury,Turning,Clear,Daylight,Dry,No Controls,Rantoul,2012,0,1,1983,-88.1553011140636,40.3081988072782,0.0035041242287651105,0.010602430958228146
A-Injury,Sideswipe Same Direction,Clear,Daylight,Dry,Lane Use Marking,Unincorporated,2012,0,3,1984,-88.2701452598804,39.8985202345575,0.0021981291442829004,0.00046165209908663154
A-Injury,Angle,Clear,Daylight,Dry,Stop Sign/Flasher,Champaign,2012,0,1,1985,-88.2450802143635,40.1041599990846,0.002483166104630984,0.005551855774778834
A-Injury,Turning,Clear,Daylight,Dry,Stop Sign/Flasher,Champaign,2012,0,1,1986,-88.2764196427324,40.0908499587167,0.0021267775476942474,0.0052223921782799275
A-Injury,Overturned,Clear,Daylight,Dry,No Controls,Unincorporated,2012,0,1,1987,-87.967689762793,40.2399180670344,0.005637620027004171,0.0089122769368634
A-Injury,Turning,Clear,Daylight,Dry,Traffic Signal,Urbana,2012,0,2,1988,-88.1627800007608,40.1133299996037,0.003419075145988837,0.005778840912870958
A-Injury,Overturned,Clear,Daylight,Dry,Lane Use Marking,Champaign,2012,0,1,1989,-88.3037984828071,40.1181507589237,0.0018154283683167326,0.005898169228903169
A-Injury,Rear end,Clear,Daylight,Dry,Other Regualtory Sig,Champaign,2012,0,1,1990,-88.2320504605668,40.1103000553879,0.0026313390418710924,0.00570384066561888
A-Injury,Fixed object,Clear,Darkness,Dry,Stop Sign/Flasher,Unincorporated,2012,0,1,1991,-88.0597810908904,40.3126200001304,0.004590367500867526,0.010711868800461433
A-Injury,Head on,Clear,Darkness,Dry,No Controls,Unincorporated,2012,0,2,1992,-88.1811796707044,40.1146298993584,0.003209836108756939,0.005811017347835348
A-Injury,Rear end,Clear,Daylight,Dry,No Controls,Urbana,2012,0,2,1993,-88.2049694804052,40.1163199968904,0.002939300990845237,0.005852852353285002
A-Injury,Fixed object,Clear,Daylight,Dry,No Controls,Champaign,2012,0,1,1994,-88.2906682869002,40.1275531023725,0.001964743522265034,0.0061309055544542575
A-Injury,Fixed object,Clear,Daylight,Dry,Lane Use Marking,Unincorporated,2012,0,1,1995,-87.9532249636927,40.2257894811603,0.005802112142720242,0.0085625518731624
A-Injury,Angle,Other,Daylight,Wet,Stop Sign/Flasher,Unincorporated,2012,0,2,1996,-87.9944900008128,39.8940600002205,0.005332850647007627,0.00035124786248933853
A-Injury,Overturned,Clear,Daylight,Dry,Lane Use Marking,Champaign,2012,0,1,1997,-88.2863067803686,40.146920535361,0.0020143420982367405,0.0066103078666163665
A-Injury,Turning,Clear,Daylight,Dry,Stop Sign/Flasher,Urbana,2012,0,1,1998,-88.1784400956663,40.1129899987512,0.003240990256910262,0.005770424867496197
A-Injury,Turning,Clear,"Darkness, lighted road",Dry,Traffic Signal,Urbana,2012,0,2,1999,-88.1621595086459,40.0839904182434,0.00342613131455766,0.005052597886737878
A-Injury,Turning,Clear,Daylight,Dry,No Controls,Champaign,2012,0,1,2000,-88.2387076550635,40.1100916187205,0.002555634153064676,0.005698681230171232
A-Injury,Angle,Clear,Daylight,Dry,Stop Sign/Flasher,Urbana,2012,0,1,2001,-88.2037890735595,40.1125401589712,0.00295272444858614,0.005759289977768464
A-Injury,Pedestrian,Clear,Daylight,Dry,Traffic Signal,Urbana,2012,0,1,2002,-88.2126408536794,40.1164908841194,0.002852062971736064,0.005857082327012138
A-Injury,Fixed object,Clear,Darkness,Dry,No Controls,Unincorporated,2012,0,1,2003,-88.0212800007719,40.3565226323137,0.005028197693119418,0.011798591206635612
A-Injury,Angle,Clear,Daylight,Dry,No Controls,Unincorporated,2012,0,2,2004,-88.4073606103771,40.0986799986626,0.0006377311632653985,0.005416209255463721
A-Injury,Pedestrian,Rain,"Darkness, lighted road",Wet,Lane Use Marking,Urbana,2012,0,1,2005,-88.2239400191976,40.1113730104384,0.002723570095407341,0.005730399535468046
A-Injury,Turning,Clear,Daylight,Dry,Traffic Signal,Champaign,2012,0,2,2006,-88.2579839474157,40.1321717386412,0.0023364262615350575,0.006245230716057426
A-Injury,Other non collision,Clear,Daylight,Dry,Lane Use Marking,Unincorporated,2012,0,2,2007,-88.2079130103375,39.9085451266053,0.0029058274899081025,0.0007097983779323273
A-Injury,Angle,Clear,Daylight,Dry,Stop Sign/Flasher,Champaign,2012,0,1,2009,-88.2517300010663,40.1163099992704,0.0024075454564476783,0.005852604882071556
A-Injury,Overturned,Clear,Daylight,Dry,Lane Use Marking,Unincorporated,2012,0,3,2010,-88.1428534314638,40.3722377734608,0.0036456779159201014,0.012187588292948037
A-Injury,Angle,Clear,Daylight,Dry,Stop Sign/Flasher,Unincorporated,2012,0,2,2011,-88.4445300009079,39.9476326580667,0.00021504491329430025,0.0016773325354243183
A-Injury,Turning,Snow,Daylight,Dry,Traffic Signal,Champaign,2002,0,1,148,-88.2335985311879,40.1126947271907,0.002613734551827598,0.005763116006848268
A-Injury,Pedalcyclist,Clear,Daylight,Dry,Traffic Signal,Champaign,2012,0,1,2012,-88.2951600011631,40.0839462307578,0.0019136642381925044,0.005051504113351515
A-Injury,Overturned,Clear,Daylight,Dry,Lane Use Marking,Champaign,2012,0,1,2013,-88.2699571209184,40.1568014809666,0.0022002686400126015,0.006854891037369417
A-Injury,Head on,Clear,Darkness,Dry,Lane Use Marking,Champaign,2012,0,3,2014,-88.2578100532029,40.1153317360376,0.002338403767532531,0.005828389919975789
A-Injury,Overturned,Rain,Daylight,Wet,No Controls,Urbana,2012,0,1,2015,-88.2192000075633,40.103702446906,0.002777472990071698,0.005540529979951659
A-Injury,Angle,Clear,Daylight,Dry,Lane Use Marking,Champaign,2012,0,1,2016,-88.2576208682178,40.112657734991,0.002340555158522866,0.005762200338464114
A-Injury,Sideswipe Opposite Direction,Clear,Daylight,Dry,No Controls,Champaign,2012,0,1,2017,-88.2578000011323,40.1126599999984,0.002338518078581721,0.005762256404220825
A-Injury,Rear end,Clear,Daylight,Dry,No Controls,Champaign,2012,0,2,2018,-88.3141900010019,40.0920273318897,0.0016972571582284345,0.005251535711227698
A-Injury,Fixed object,Rain,Daylight,Wet,Lane Use Marking,Unincorporated,2012,0,2,2019,-88.1545383351906,40.1202964876891,0.003512798466808448,0.005951282479999448
A-Injury,Pedestrian,Clear,Darkness,Dry,No Controls,Urbana,2012,0,1,2020,-88.1735300120003,40.1058093910238,0.003296827192146197,0.005592683194178292
A-Injury,Fixed object,Clear,Daylight,Dry,No Controls,Champaign,2012,0,1,2021,-88.2337800018331,40.1250037204515,0.002611670887468161,0.006067800671724699
A-Injury,Pedestrian,Clear,Daylight,Dry,Lane Use Marking,Mahomet,2012,0,1,2022,-88.3888229634812,40.1876164441801,0.0008485392593308796,0.007617654209056545
A-Injury,Angle,Clear,Daylight,Dry,Stop Sign/Flasher,Unincorporated,1999,0,1,454,-88.4074537924274,40.1187800419501,0.000636671507165409,0.005913745879564232
A-Injury,Sideswipe Same Direction,Rain,Daylight,Wet,No Controls,Urbana,1999,0,3,455,-88.214385074872,40.1164760073885,0.002832227878814452,0.0058567140831051745
A-Injury,Pedestrian,Clear,Daylight,Dry,No Controls,Champaign,2000,0,1,312,-88.2587800995176,40.1126599665834,0.0023273725067773855,0.005762255577098941
A-Injury,Turning,Clear,Daylight,Dry,Traffic Signal,Champaign,2012,0,1,2023,-88.2579800011622,40.1271699999251,0.002336471137898902,0.006121422614759146
A-Injury,Sideswipe Same Direction,Clear,Dusk,Dry,Lane Use Marking,Rantoul,2012,0,5,2024,-88.1837520199418,40.3016621634602,0.0031805836341467835,0.010440629331652657
A-Injury,Rear end,Clear,Daylight,Dry,Lane Use Marking,Unincorporated,2012,0,2,2025,-88.1621448535266,40.1202530192042,0.0034262979709739167,0.005950206504046334
A-Injury,Angle,Clear,"Darkness, lighted road",Dry,No Controls,Urbana,2012,0,1,2026,-88.205011532388,40.1135477747965,0.002938822780289163,0.00578423150495524
A-Injury,Angle,Clear,Daylight,Dry,Stop Sign/Flasher,Champaign,2012,0,3,2027,-88.2648596516783,40.1089891965707,0.00225823650353354,0.005671392960842522
A-Injury,Fixed object,Clear,Darkness,Dry,No Controls,Unincorporated,2012,0,1,2028,-88.1539051606602,40.1421907192301,0.003519998858421191,0.006493230668486873
A-Injury,Overturned,Clear,Daylight,Dry,Lane Use Marking,Mahomet,2012,0,1,2029,-88.4037944787388,40.2015388199807,0.0006782848228107323,0.007962274952216497
A-Injury,Angle,Clear,Daylight,Dry,Stop Sign/Flasher,Unincorporated,2012,0,4,2030,-88.1830081534633,40.2388000082052,0.0031890428025051223,0.008884601612613162
A-Injury,Rear end,Clear,"Darkness, lighted road",Dry,Lane Use Marking,Champaign,2012,0,1,2031,-88.2579499659459,40.1258582567721,0.0023368126950985978,0.006088953020007679
A-Injury,Rear end,Clear,Darkness,Dry,Traffic Signal,Urbana,2012,0,2,2032,-88.199430294633,40.1273894968111,0.0030022920065306026,0.006126855823936725
A-Injury,Rear end,Clear,Daylight,Dry,No Controls,Champaign,2012,0,4,2033,-88.2765100005749,40.0982599997562,0.0021257500081770693,0.005405813017255443
A-Injury,Rear end,Clear,Daylight,Dry,Traffic Signal,Champaign,2012,0,1,2034,-88.2578915171406,40.1408925210741,0.002337477368529366,0.006461096353216449
A-Injury,Overturned,Clear,Darkness,Dry,No Controls,Unincorporated,2012,0,2,2035,-88.0480297539371,40.1964644338255,0.004724002421376071,0.007836668607945078
A-Injury,Angle,Clear,Daylight,Dry,Traffic Signal,Urbana,2012,0,2,2036,-88.1994300018366,40.1273899999242,0.0030022953361792935,0.006126868277501603
A-Injury,Rear end,Clear,Daylight,Dry,No Controls,Urbana,2012,0,1,2037,-88.2191999674834,40.1037005464245,0.0027774734458559064,0.005540482937309201
A-Injury,Turning,Clear,"Darkness, lighted road",Dry,Traffic Signal,Urbana,2012,0,1,2038,-88.2075100011978,40.1164099992145,0.002910410465833517,0.005855080181944547
A-Injury,Rear end,Clear,Darkness,Dry,Lane Use Marking,Unincorporated,2012,0,6,2039,-88.2490000541365,40.1773651102928,0.0024385901148050093,0.007363902812511713
A-Injury,Angle,Clear,Daylight,Dry,Traffic Signal,Urbana,2012,0,2,2040,-88.2195400003047,40.1273700001115,0.0027736066297459447,0.00612637322188649
A-Injury,Fixed object,Clear,Darkness,Dry,No Controls,Unincorporated,2012,0,1,2041,-88.2631337936979,40.1856870377175,0.002277862772011331,0.0075698955866402
A-Injury,Angle,Rain,"Darkness, lighted road",Wet,Stop Sign/Flasher,Urbana,2012,0,1,2042,-88.1956599757287,40.1056899341474,0.00304516766136636,0.0055897262766155574
A-Injury,Other non collision,Clear,"Darkness, lighted road",Dry,No Controls,Champaign,2012,0,1,2043,-88.2580982922909,40.1182718433477,0.002335125944101502,0.005901166433172206
A-Injury,Other non collision,Clear,Darkness,Dry,Lane Use Marking,Unincorporated,2012,0,1,2044,-88.4410600650811,40.1987498092638,0.0002545046445765456,0.00789323853489062
A-Injury,Fixed object,Clear,Daylight,Dry,Lane Use Marking,Unincorporated,2012,0,2,2045,-88.0104246279335,40.120023956696,0.005151643807558536,0.005944536516902222
A-Injury,Fixed object,Clear,Daylight,Wet,Lane Use Marking,Champaign,2012,0,2,2046,-88.2395657677232,40.1347779107898,0.0025458757896100366,0.006309741328004551
A-Injury,Rear end,Snow,"Darkness, lighted road",Wet,No Controls,Champaign,2012,0,1,2047,-88.2468773999177,40.0835698614887,0.0024627287067733126,0.005042187840103378
A-Injury,Rear end,Clear,Daylight,Dry,No Controls,Champaign,2012,0,1,2048,-88.2769994049111,40.1289422781071,0.002120184555512099,0.006165291838870974
A-Injury,Rear end,Rain,Daylight,Wet,No Controls,Champaign,2012,0,1,2049,-88.2333886603647,40.1163545043745,0.002616121179909717,0.005853706517472652
A-Injury,Pedestrian,Clear,Daylight,Wet,Traffic Signal,Champaign,2012,0,1,2050,-88.2681887109867,40.1273085314534,0.002220378804633734,0.0061248516874201405
A-Injury,Angle,Snow,Darkness,Snow or Slush,Traffic Signal,Champaign,2012,0,1,2051,-88.3142900016643,40.0986899998656,0.0016961199616163643,0.005416456815367314
A-Injury,Angle,Snow,Daylight,Dry,Traffic Signal,Champaign,2012,0,3,2052,-88.2387112334807,40.1126199997319,0.0025555934596949853,0.005761266277121408
A-Injury,Pedestrian,Clear,Daylight,Dry,Traffic Signal,Urbana,2012,0,1,2053,-88.190699842529,40.0984099066275,0.003101573754433765,0.005409523663924675
A-Injury,Rear end,Snow,Daylight,Snow or Slush,Traffic Signal,Champaign,2012,0,1,2054,-88.2768100003812,40.116460647819,0.0021223384431417838,0.00585633388748825
A-Injury,Angle,Snow,Daylight,Snow or Slush,Stop Sign/Flasher,Champaign,2012,0,1,2055,-88.2577300005858,40.1062908751061,0.002339314117152,0.005604601375718462
A-Injury,Angle,Clear,Daylight,Snow or Slush,Stop Sign/Flasher,Champaign,2012,0,1,2057,-88.2467892680788,40.1101799356939,0.0024637309324206246,0.0057008673413236335
A-Injury,Sideswipe Same Direction,Snow,Daylight,Ice,Lane Use Marking,St. Joseph,2012,0,2,2058,-88.0216554954393,40.1202702860659,0.00502392760876816,0.005950633910891093
A-Injury,Overturned,Snow,Daylight,Snow or Slush,Lane Use Marking,Rantoul,2012,0,1,2059,-88.1841538058904,40.307949822433,0.003176014568217043,0.010596267833225821
A-Injury,Pedestrian,Clear,"Darkness, lighted road",Dry,Traffic Signal,Champaign,2012,0,1,2060,-88.2387099288848,40.1102299060727,0.0025556082954170667,0.005702104258738159
A-Injury,Turning,Clear,Daylight,Wet,Stop Sign/Flasher,Unincorporated,2012,0,1,2061,-88.1615500016007,40.0255400000525,0.0034330625621134155,0.0036057739506899274
A-Injury,Fixed object,Clear,Daylight,Dry,No Controls,Unincorporated,2012,0,1,2062,-88.4259753288902,40.0412874823468,0.00042604661718570886,0.003995571577825357
A-Injury,Head on,Clear,Daylight,Dry,Lane Use Marking,Rantoul,2012,0,3,2063,-88.1306500380734,40.3047273944069,0.003784453572863908,0.010516503031798316
A-Injury,Fixed object,Clear,Darkness,Dry,Lane Use Marking,Unincorporated,2012,0,2,2064,-88.3496055282846,40.0087013574737,0.0012945156495813071,0.003188966819319177
A-Injury,Fixed object,Snow,Darkness,Dry,No Controls,Unincorporated,2012,0,1,2065,-88.155432158279,40.2747441842303,0.003502634008258556,0.00977432825348649
A-Injury,Rear end,Clear,Daylight,Dry,No Controls,Champaign,2012,0,2,2066,-88.2826518302992,40.1128882684936,0.0020559057912810856,0.0057679067371512295
A-Injury,Rear end,Clear,Daylight,Dry,Lane Use Marking,Champaign,2012,0,2,2067,-88.2652814428741,40.1363060820324,0.0022534399401172548,0.006347568169977672
A-Injury,Rear end,Clear,Daylight,Dry,Lane Use Marking,Champaign,2012,0,1,2068,-88.2543905864594,40.1126500008242,0.002377289569911149,0.005762008894536283
A-Injury,Pedestrian,Clear,"Darkness, lighted road",Dry,Traffic Signal,Urbana,2012,0,1,2069,-88.2193802116011,40.1128301566526,0.002775423729433275,0.005766468294020651
A-Injury,Fixed object,Snow,Darkness,Snow or Slush,Lane Use Marking,Unincorporated,2012,0,2,2070,-87.9654888335921,40.119777946366,0.005662648753520619,0.005938447020111967
A-Injury,Fixed object,Snow,Darkness,Snow or Slush,Lane Use Marking,Unincorporated,2012,0,1,2071,-88.0598700837611,40.1205746817061,0.004589355483660528,0.005958168619998408
A-Injury,Rear end,Clear,Darkness,Dry,Lane Use Marking,Champaign,2012,0,3,2072,-88.2580138761638,40.1358596540423,0.0023360859150800195,0.006336517732328331
A-Injury,Head on,Snow,Darkness,Snow or Slush,No Controls,Urbana,2012,0,1,2073,-88.1879601482093,40.1274888060749,0.0031327292590445145,0.006129314027391689
A-Injury,Turning,Clear,Darkness,Dry,Traffic Signal,Urbana,2012,0,3,2074,-88.2049989974139,40.1124500745699,0.002938965326645771,0.005757060117450953
A-Injury,Fixed object,Clear,Daylight,Wet,No Controls,Unincorporated,2012,0,1,2076,-88.2530893576986,40.1856175271534,0.0023920870012760546,0.007568174990773396
A-Injury,Angle,Clear,Daylight,Dry,Stop Sign/Flasher,Unincorporated,2012,0,4,2077,-88.3335200017764,40.1278799993749,0.0014774385003857402,0.0061389972400627876
A-Injury,Angle,Clear,Darkness,Dry,Traffic Signal,Champaign,2012,0,2,2078,-88.2436200016217,40.1336099997253,0.002499771484465818,0.006280832010747424
A-Injury,Turning,Clear,Daylight,Dry,Traffic Signal,Champaign,2012,0,3,2079,-88.2579800122674,40.1321705309818,0.0023364710116117768,0.006245200822849252
A-Injury,Rear end,Clear,Daylight,Dry,Traffic Signal,Champaign,2012,0,4,2080,-88.2335639426573,40.1163551158524,0.002614127888820239,0.005853721653392824
A-Injury,Turning,Clear,Daylight,Dry,No Controls,Champaign,2012,0,1,2081,-88.2769900016116,40.1274099996291,0.0021202914888071196,0.006127363330448428
A-Injury,Angle,Clear,Daylight,Dry,Traffic Signal,Champaign,2012,0,2,2082,-88.2763509422237,40.0837000101634,0.002127558802376697,0.0050454094118838454
A-Injury,Rear end,Clear,Daylight,Dry,Traffic Signal,Champaign,2012,0,1,2083,-88.2468100010723,40.1126099992334,0.002463495159082665,0.005761018734656392
A-Injury,Turning,Clear,Daylight,Dry,No Controls,Champaign,2012,0,1,2084,-88.2451133910701,40.1071154185804,0.0024827888227465485,0.0056250113107002035
A-Injury,Fixed object,Clear,"Darkness, lighted road",Dry,Lane Use Marking,Unincorporated,2012,0,4,2085,-88.2079955150182,40.1351000013868,0.0029048892556893463,0.006317714040599989
A-Injury,Pedestrian,Clear,"Darkness, lighted road",Dry,Other Warning Sign,Urbana,2012,0,1,2086,-88.2279844500816,40.1041933366927,0.002677577269073217,0.00555268098101114
A-Injury,Fixed object,Clear,Darkness,Dry,No Controls,Savoy,2012,0,1,2087,-88.2525618217529,40.0481767124877,0.002398086082440034,0.004166100778082608
A-Injury,Rear end,Clear,Daylight,Dry,No Controls,Champaign,2012,0,1,2088,-88.2653404655545,40.1365801217172,0.0022527687406413755,0.006354351477739586
A-Injury,Fixed object,Clear,Darkness,Dry,No Controls,Unincorporated,2012,0,1,2089,-88.0622633236298,40.0772538935491,0.004562139821231474,0.004885848606319309
A-Injury,Turning,Clear,Daylight,Dry,Traffic Signal,Champaign,2012,0,1,2090,-88.2335639426573,40.1163551158524,0.002614127888820239,0.005853721653392824
A-Injury,Rear end,Clear,Daylight,Dry,Stop Sign/Flasher,Unincorporated,2012,0,1,2091,-88.1615500016007,40.0255400000525,0.0034330625621134155,0.0036057739506899274
A-Injury,Angle,Clear,Daylight,Dry,No Controls,Unincorporated,2012,0,2,2092,-88.4072893876675,40.0841599998419,0.000638541100140897,0.005056795542176715
A-Injury,Pedalcyclist,Clear,Daylight,Dry,Stop Sign/Flasher,Urbana,2012,0,1,2093,-88.2241292934284,40.1231300318488,0.0027214176895246247,0.00602142123419471
A-Injury,Fixed object,Clear,Darkness,Dry,Lane Use Marking,Unincorporated,2012,0,2,2094,-88.0648476283842,40.1204426028713,0.004532751389787663,0.0059548992709406575
A-Injury,Angle,Clear,Daylight,Dry,Traffic Signal,Champaign,2012,0,1,2095,-88.2387099288848,40.1102299060727,0.0025556082954170667,0.005702104258738159
A-Injury,Overturned,Clear,Daylight,Dry,Lane Use Marking,Champaign,2012,0,6,2096,-88.3029145862846,40.1194355026844,0.0018254799430431569,0.005929970507357622
A-Injury,Rear end,Clear,Daylight,Dry,No Controls,Champaign,2012,0,2,2097,-88.2952092567901,40.0932999951877,0.0019131041085812504,0.005283037961837041
A-Injury,Rear end,Clear,Daylight,Dry,No Controls,Champaign,2012,0,3,2098,-88.2388898094425,40.133029999567,0.002553562713359111,0.006266475259539913
A-Injury,Angle,Clear,Daylight,Dry,Stop Sign/Flasher,Champaign,2012,0,1,2099,-88.2627403351272,40.1310000672359,0.002282337139909017,0.0062162283190373155
A-Injury,Fixed object,Clear,Daylight,Dry,No Controls,Champaign,2012,0,1,2100,-88.2484915905227,40.1213347503321,0.0024443723074935035,0.00597698260824987
A-Injury,Overturned,Clear,Daylight,Wet,No Controls,Champaign,2012,0,1,2101,-88.2769900016116,40.1274099996291,0.0021202914888071196,0.006127363330448428
A-Injury,Fixed object,Clear,Daylight,Dry,No Controls,Champaign,2012,0,1,2102,-88.2614398990053,40.0872961068182,0.002297125557471071,0.0051344236375737
A-Injury,Rear end,Clear,Daylight,Dry,Traffic Signal,Rantoul,2012,0,1,2103,-88.1558000014936,40.3081899995769,0.0034984509353930037,0.010602212941087203
A-Injury,Turning,Clear,Daylight,Dry,Traffic Signal,Champaign,2012,0,2,2104,-88.2468773999177,40.0835698614887,0.0024627287067733126,0.005042187840103378
A-Injury,Angle,Clear,Darkness,Dry,Stop Sign/Flasher,Unincorporated,2012,0,5,2105,-88.1451205878393,40.3413399992252,0.003619896061206557,0.01142277529899006
A-Injury,Angle,Rain,Daylight,Wet,Traffic Signal,Champaign,2012,0,3,2106,-88.2452499463172,40.1271985795873,0.0024812359313893186,0.006122130047496742
A-Injury,Animal,Clear,Darkness,Dry,Lane Use Marking,Unincorporated,2012,0,2,2107,-88.3177360519197,40.3109750274686,0.0016569318544437158,0.010671150771490886
A-Injury,Overturned,Clear,Daylight,Dry,No Controls,Urbana,2012,0,1,2108,-88.1813308083038,40.0838400002161,0.003208117388481764,0.005048874587417685
A-Injury,Overturned,Clear,Darkness,Dry,No Controls,Unincorporated,2003,0,1,8,-88.160576264871,39.8981260605955,0.0034441357898650775,0.00045189510605150277