crash_severity,collision_type,weather,light,road_surface,traffic_control,city,year,fatality,injury,id,x,y,norm_x,norm_y
A-Injury,Overturned,Rain,Darkness,Wet,Lane Use Marking,Unincorporated,2012,0,1,2110,-88.3029093271565,39.931078906697,0.0018255397492735997,0.0012675773197328882
A-Injury,Turning,Clear,Daylight,Dry,No Controls,Rantoul,2012,0,1,2111,-88.143409006508,40.3120585005235,0.0036393599771900875,0.01069796999363519
A-Injury,Angle,Clear,Daylight,Dry,Traffic Signal,Champaign,2012,0,5,2112,-88.2451493483884,40.1125899938285,0.0024823799200497437,0.005760523540617514
A-Injury,Fixed object,Clear,Daylight,Dry,No Controls,Champaign,2012,0,1,2113,-88.2610098727386,40.0871917660794,0.002302015769214234,0.005131840889954868
A-Injury,Angle,Clear,Daylight,Dry,Traffic Signal,Champaign,2012,0,2,2114,-88.2768400011841,40.1184300004047,0.0021219972772875567,0.005905081296791773
A-Injury,Rear end,Clear,Daylight,Dry,Lane Use Marking,Unincorporated,2012,0,2,2115,-88.2693873269421,39.9407652004045,0.002206748274885909,0.0015073422696058626
A-Injury,Angle,Clear,Daylight,Dry,Stop Sign/Flasher,Champaign,2012,0,4,2116,-88.2506100387929,40.142039902172,0.002420281545113514,0.0064894974919523715
A-Injury,Pedalcyclist,Clear,Daylight,Dry,Stop Sign/Flasher,Urbana,2012,0,2,2117,-88.2159897681505,40.1074605183598,0.0028139794820946154,0.005633553569876738
A-Injury,Animal,Clear,Darkness,Dry,Lane Use Marking,Champaign,2012,0,1,2118,-88.2917871170212,40.1527799303547,0.0019520203083127157,0.006755345544532641
A-Injury,Angle,Clear,Daylight,Dry,Stop Sign/Flasher,Champaign,2012,0,1,2119,-88.2672202300809,40.1102399944111,0.0022313922637300513,0.005702353975505341
A-Injury,Overturned,Clear,Daylight,Dry,Lane Use Marking,Unincorporated,2012,0,1,2120,-88.096784676768,40.1207841270295,0.0041695667633057255,0.005963353022720692
A-Injury,Turning,Clear,Daylight,Dry,Stop Sign/Flasher,Champaign,2012,0,1,2121,-88.2954199900384,40.1093509205495,0.001910707673095115,0.005680346719035821
A-Injury,Turning,Clear,Daylight,Dry,Stop Sign/Flasher,Unincorporated,2012,0,1,2122,-88.2583200017278,40.0102999992761,0.002332604688597222,0.00322853801994479
A-Injury,Other non collision,Clear,Daylight,Dry,No Controls,Unincorporated,2012,0,1,2124,-88.3559703659546,40.2378201455048,0.0012221354106807048,0.008860347058875742
A-Injury,Fixed object,Clear,Daylight,Dry,Stop Sign/Flasher,Champaign,2012,0,1,2126,-88.2897798918926,40.1024499980935,0.0019748462532728816,0.005509528098755823
A-Injury,Fixed object,Rain,Daylight,Wet,Lane Use Marking,Unincorporated,2012,0,1,2127,-88.0959793591756,40.1133500452936,0.004178724747020389,0.0057793371040849965
A-Injury,Angle,Rain,Daylight,Wet,Stop Sign/Flasher,Unincorporated,2012,0,1,2128,-88.1617700012418,40.054829999342,0.0034305607502202124,0.004330789671201351
A-Injury,Turning,Rain,Darkness,Wet,Traffic Signal,Urbana,2012,0,1,2129,-88.2193200014475,40.1105700336007,0.002776108432724732,0.005710523439713214
A-Injury,Turning,Clear,Dusk,Dry,Traffic Signal,Urbana,2000,0,2,315,-88.2193700773236,40.1164391840334,0.0027755389753303028,0.005855802594133715
A-Injury,Overturned,Clear,Darkness,Dry,Lane Use Marking,Unincorporated,2000,0,2,316,-88.3351743894246,40.1133204422571,0.001458624984720711,0.005778604339750426
A-Injury,Fixed object,Clear,Daylight,Dry,Lane Use Marking,Champaign,2012,0,2,2130,-88.2750035175267,40.1397430871578,0.0021428815688832445,0.006432644401040813
A-Injury,Rear end,Clear,Daylight,Dry,Lane Use Marking,Champaign,2012,0,1,2131,-88.2437782427018,40.1029007735544,0.0024979719841838944,0.005520686149404673
A-Injury,Angle,Clear,Daylight,Dry,No Controls,Champaign,2012,0,1,2132,-88.2771265071881,40.1128500012218,0.0021187391622984083,0.005766959506891506
A-Injury,Overturned,Clear,"Darkness, lighted road",Dry,Traffic Signal,Champaign,2012,0,6,2133,-88.2576300010738,40.0981499995376,0.002340451300681718,0.005403090180461901
A-Injury,Angle,Clear,Daylight,Dry,Stop Sign/Flasher,St. Joseph,2012,0,2,2134,-88.0190800020619,40.116869999459,0.005053215838194983,0.005866466573777694
A-Injury,Turning,Clear,Daylight,Dry,Traffic Signal,Urbana,2012,0,1,2135,-88.1852500011845,40.0838299991712,0.0031635487550444167,0.005048627031427616
A-Injury,Fixed object,Clear,Daylight,Dry,No Controls,Champaign,2012,0,1,2136,-88.2639251696618,40.0896641517489,0.0022688633309733966,0.005193039883503386
A-Injury,Angle,Clear,Daylight,Dry,Stop Sign/Flasher,Urbana,2012,0,4,2137,-88.2095900007374,40.0982999997295,0.0028867569382189646,0.005406803137097142
A-Injury,Fixed object,Rain,Darkness,Wet,No Controls,Pesotum,2012,0,1,2138,-88.2744170429481,39.9153300000167,0.0021495508937441165,0.0008777444347529155
A-Injury,Pedestrian,Clear,"Darkness, lighted road",Dry,No Controls,Champaign,2012,0,1,2139,-88.2467002287022,40.1221500013215,0.002464743478487674,0.005997162526235994
A-Injury,Angle,Clear,Daylight,Dry,No Controls,Unincorporated,2012,0,1,2140,-88.1557603862353,40.3705700005685,0.003498901435784166,0.012146305889585296
A-Injury,Rear end,Clear,Daylight,Dry,No Controls,Champaign,2012,0,2,2141,-88.2371000005052,40.1163500183282,0.002573916225135058,0.005853595474312193
A-Injury,Fixed object,Clear,Dawn,Dry,Stop Sign/Flasher,Unincorporated,2012,0,1,2142,-88.2155569575027,40.3410418425804,0.0028189013575155232,0.011415395023814385
A-Injury,Turning,Clear,Daylight,Dry,Traffic Signal,Urbana,2012,0,1,2143,-88.2195500417766,40.1341517050068,0.002773492439224142,0.0062942408483881865
A-Injury,Turning,Clear,Daylight,Dry,Traffic Signal,Unincorporated,2012,0,2,2144,-88.2188500018811,40.083520000012,0.0027814532164668095,0.005040953618344073
A-Injury,Fixed object,Clear,Darkness,Dry,Lane Use Marking,Unincorporated,2012,0,1,2145,-88.3033000080743,39.9398307394681,0.0018210969685413005,0.0014842115463034467
A-Injury,Pedalcyclist,Clear,Daylight,Dry,Stop Sign/Flasher,Urbana,2012,0,1,2146,-88.217379542788,40.116450000784,0.002798175116689595,0.005856070341297147
A-Injury,Pedalcyclist,Clear,Daylight,Dry,Traffic Signal,Urbana,2012,0,1,2147,-88.2193802116011,40.1128301566526,0.002775423729433275,0.005766468294020651
A-Injury,Other non collision,Clear,Daylight,Dry,No Controls,Urbana,2012,0,1,2148,-88.1963875020371,40.1323691660964,0.0030368943116380097,0.006250117640337272
A-Injury,Turning,Clear,Daylight,Dry,No Controls,Champaign,2012,0,1,2149,-88.2899595820635,40.0838699940488,0.001972802836272659,0.0050496170251353905
A-Injury,Angle,Clear,Daylight,Dry,Stop Sign/Flasher,Unincorporated,2012,0,1,2150,-88.0476489718884,40.0909497431248,0.004728332633249882,0.005224862142987652
A-Injury,Turning,Clear,Daylight,Dry,Traffic Signal,Champaign,2012,0,1,2151,-88.2468110650873,40.1126099992048,0.0024634830592203372,0.005761018733948472
A-Injury,Fixed object,Clear,Darkness,Dry,No Controls,Unincorporated,2012,0,1,2152,-87.9608000015815,40.2127547707006,0.0057159696390934565,0.008239903521341312
A-Injury,Angle,Clear,Daylight,Dry,Stop Sign/Flasher,Champaign,2012,0,1,2153,-88.257909994655,40.1221694134857,0.002337267244253615,0.005997643035780389
A-Injury,Pedestrian,Other,Dusk,Dry,No Controls,Rantoul,2011,0,1,1978,-88.1412232019493,40.3215817900836,0.0036642167079271085,0.010933700099799139
A-Injury,Overturned,Clear,Daylight,Dry,Lane Use Marking,Unincorporated,2012,0,1,2154,-88.2893469971713,40.1415633822925,0.0019797690847685127,0.0064777021893865395
A-Injury,Overturned,Clear,"Darkness, lighted road",Dry,Stop Sign/Flasher,Thomasboro,2012,0,1,2155,-88.1838252153072,40.2436435490911,0.0031797512644450095,0.0090044938410323
A-Injury,Head on,Clear,Daylight,Dry,No Controls,Champaign,2012,0,2,2156,-88.2604996959573,40.1272025670961,0.0023078174438565234,0.006122228750352126
A-Injury,Head on,Clear,Daylight,Dry,No Controls,Champaign,2012,0,2,2157,-88.277228052899,40.1390906799493,0.0021175843955634674,0.006416495357209799
A-Injury,Fixed object,Clear,Darkness,Other,No Controls,Unincorporated,2012,0,2,2158,-88.2741386928373,39.8933548322256,0.0021527162608064934,0.00033379283024942804
A-Injury,Fixed object,Clear,Daylight,Dry,Lane Use Marking,Unincorporated,2012,0,1,2159,-88.3038000025115,40.0177020051916,0.0018154110864042818,0.0034117599653950216
A-Injury,Parked Motor Vehicle,Clear,Daylight,Dry,No Controls,Urbana,2012,0,1,2160,-88.2072819223618,40.106666389378,0.002913004153448808,0.005613896485210071
A-Injury,Rear end,Clear,Daylight,Dry,Lane Use Marking,Unincorporated,2012,0,2,2161,-88.0074443575596,40.1200037848202,0.005185535116785095,0.00594403720220695
A-Injury,Rear end,Clear,Daylight,Dry,No Controls,Urbana,2012,0,1,2162,-88.206349853941,40.1124792747962,0.002923603533742003,0.00575778291101955
A-Injury,Turning,Clear,Daylight,Dry,Stop Sign/Flasher,Champaign,2012,0,1,2163,-88.3139304371747,40.0695500021084,0.0017002088897252507,0.004695154084669976
A-Injury,Pedestrian,Clear,Daylight,Dry,No Controls,Champaign,2012,0,1,2164,-88.2611211617437,40.1490807114509,0.0023007502028016846,0.006663778732517456
A-Injury,Other non collision,Rain,Daylight,Wet,Lane Use Marking,Urbana,2012,0,1,2165,-88.2245223934122,40.1350497080589,0.002716947399438033,0.006316469129222368
A-Injury,Pedestrian,Clear,Darkness,Dry,No Controls,Champaign,2012,0,1,2166,-88.2759080652741,40.1293906950236,0.0021325951506825,0.006176391508440656
A-Injury,Pedalcyclist,Clear,"Darkness, lighted road",Dry,Stop Sign/Flasher,Champaign,2012,0,1,2167,-88.2320912295816,40.1144300513611,0.0026308754210870085,0.005806070507846588
A-Injury,Pedalcyclist,Clear,Daylight,Dry,Stop Sign/Flasher,Unincorporated,2012,0,1,2168,-88.1691432365479,40.142120119277,0.0033467131235258,0.006491483106960585
A-Injury,Fixed object,Clear,Daylight,Dry,Lane Use Marking,Ogden,2012,0,3,2169,-87.9500678715215,40.1200944189771,0.0058380142501157015,0.005946280670631675
A-Injury,Fixed object,Clear,Daylight,Dry,Stop Sign/Flasher,Urbana,2012,0,1,2170,-88.2117800023907,40.1107101262803,0.002861852478580535,0.005713991155571974
A-Injury,Overturned,Clear,Daylight,Dry,No Controls,Urbana,2012,0,1,2171,-88.2112831596442,40.1164975734193,0.0028675025200351947,0.005857247907336668
A-Injury,Fixed object,Clear,Daylight,Dry,Lane Use Marking,Unincorporated,2012,0,1,2172,-88.1820900012885,40.18928999946,0.0031994839287686635,0.007659079743932127
A-Injury,Pedestrian,Clear,Daylight,Dry,Stop Sign/Flasher,Champaign,2012,0,1,2173,-88.2386306632774,40.1026998943827,0.0025565096952480516,0.005515713784743051
A-Injury,Pedestrian,Clear,Daylight,Wet,No Controls,Champaign,2013,0,1,2175,-88.2763309331188,40.0982563461419,0.0021277863437325034,0.00540572257929476
A-Injury,Pedalcyclist,Clear,Daylight,Dry,Stop Sign/Flasher,Champaign,2013,0,1,2176,-88.238521640447,40.096671779313,0.0025577494909693496,0.005366499776665067
A-Injury,Turning,Clear,Daylight,Dry,No Controls,Unincorporated,2013,0,1,2177,-88.3652746019807,40.1912557656537,0.0011163286546765337,0.007707738379229286
A-Injury,Pedestrian,Rain,Darkness,Wet,Traffic Signal,Champaign,2013,0,1,2178,-88.2426396190591,40.1163709565319,0.002510920287903258,0.005854113757931621
A-Injury,Rear end,Clear,"Darkness, lighted road",Dry,No Controls,Champaign,2013,0,1,2179,-88.2575800102053,40.0927212108885,0.002341019791379013,0.005268711306805126
A-Injury,Rear end,Clear,Daylight,Dry,Traffic Signal,Urbana,2013,0,1,2180,-88.1627401868075,40.1105100007466,0.0034195279059179014,0.005709037445721193
A-Injury,Angle,Clear,Daylight,Wet,Stop Sign/Flasher,Urbana,2013,0,2,2181,-88.2177795668624,40.1128399879684,0.0027936260866007106,0.005766711648704216
A-Injury,Angle,Snow,Darkness,Snow or Slush,Lane Use Marking,Unincorporated,2013,0,1,2182,-88.3938013450915,40.2222489832755,0.0007919256473310057,0.008474913884525183
A-Injury,Overturned,Clear,Darkness,Dry,No Controls,Unincorporated,2013,0,1,2183,-88.271370202844,40.3552299985064,0.002184199226672746,0.0117665946257586
A-Injury,Turning,Rain,Darkness,Wet,No Controls,Champaign,2013,0,1,2184,-88.2765629572846,40.1025050412581,0.002125147790257646,0.005510890582900927
A-Injury,Overturned,Clear,Darkness,Dry,Lane Use Marking,Champaign,2013,0,1,2185,-88.2941165027258,40.1547701736405,0.001925530788464469,0.00680461006159827
A-Injury,Fixed object,Clear,Daylight,Dry,No Controls,Unincorporated,2013,0,1,2186,-87.9483610684587,40.254779992544,0.005857423828151618,0.00928015436577797
A-Injury,Angle,Clear,"Darkness, lighted road",Dry,Traffic Signal,Champaign,2013,0,2,2187,-88.2434700011558,40.1102200002922,0.00250147727338291,0.0057018590608289114
A-Injury,Overturned,Clear,Daylight,Dry,Stop Sign/Flasher,Champaign,2013,0,1,2188,-88.2626899885647,40.1254189690764,0.002282909675519621,0.00607807932615536
A-Injury,Head on,Snow,Daylight,Wet,No Controls,Savoy,2013,0,1,2189,-88.2513877614568,40.054691023116,0.002411437367912167,0.004327349590932666
A-Injury,Fixed object,Clear,Darkness,Wet,No Controls,Champaign,2013,0,2,2190,-88.2586175946321,40.1221760269357,0.0023292204945886148,0.0059978067385912884
A-Injury,Pedestrian,Rain,"Darkness, lighted road",Wet,Traffic Signal,Champaign,2013,0,1,2191,-88.2420810256713,40.117780249258,0.0025172725509072895,0.00588899799849176
A-Injury,Fixed object,Clear,Daylight,Ice,No Controls,Unincorporated,2013,0,1,2192,-88.2701344273521,40.2458809907403,0.002198252330611624,0.009059877262293724
A-Injury,Turning,Clear,"Darkness, lighted road",Dry,Traffic Signal,Champaign,2013,0,1,2193,-88.2438100007773,40.1027699994551,0.002497610834817411,0.005517449096481109
A-Injury,Head on,Clear,Daylight,Dry,Lane Use Marking,Unincorporated,2013,0,2,2194,-88.2577963763781,40.3114039619001,0.002338559298890635,0.010681768190864312
A-Injury,Fixed object,Clear,Daylight,Dry,No Controls,Urbana,2013,0,1,2195,-88.1909407981884,40.141559245734,0.0030988336329891095,0.006477599797101955
A-Injury,Pedestrian,Clear,Daylight,Dry,No Controls,Urbana,2013,0,1,2196,-88.2094589963622,40.1045189611262,0.002888246705667252,0.005560741166705826
A-Injury,Angle,Clear,Daylight,Dry,Stop Sign/Flasher,Champaign,2013,0,2,2197,-88.2626000002923,40.118299999623,0.0022839330123261147,0.005901863385808529
A-Injury,Rear end,Clear,Daylight,Dry,Traffic Signal,Champaign,2013,0,2,2198,-88.2438096165573,40.102771581442,0.0024976152041253094,0.005517488255422741
A-Injury,Head on,Clear,Darkness,Wet,No Controls,Unincorporated,2013,0,3,2199,-88.0468602227795,40.1228963087168,0.004737302201979705,0.006015635882570891
A-Injury,Pedestrian,Clear,Daylight,Snow or Slush,Lane Use Marking,Unincorporated,2013,0,1,2200,-88.138874016939,40.3803089178262,0.0036909313833176083,0.012387373430857801
A-Injury,Overturned,Clear,Darkness,Dry,Lane Use Marking,Unincorporated,2013,0,2,2201,-88.3035454949206,40.0553805734451,0.0018183053189340201,0.004344418038894697
A-Injury,Angle,Rain,Daylight,Wet,Lane Use Marking,Champaign,2013,0,1,2202,-88.2832605389362,40.1457704685517,0.0020489836231361285,0.006581840248432562
A-Injury,Pedestrian,Clear,Darkness,Dry,No Controls,Champaign,2013,0,1,2203,-88.2754900015208,40.1100463883892,0.0021373493260296913,0.0056975616432120724
A-Injury,Head on,Snow,Daylight,Snow or Slush,Lane Use Marking,Unincorporated,2013,0,1,2204,-88.0868510380849,40.1133200003915,0.004282531017590307,0.00577859340224563
A-Injury,Rear end,Clear,Daylight,Wet,Lane Use Marking,Champaign,2013,0,2,2206,-88.2828360612171,40.1454141024903,0.0020538107374020232,0.006573019114836056
A-Injury,Fixed object,Clear,Darkness,Dry,No Controls,Unincorporated,2013,0,2,2207,-88.2936310882822,39.9376937341266,0.0019310508685066222,0.0014313142262286755
A-Injury,Overturned,Clear,Daylight,Dry,Lane Use Marking,Unincorporated,2013,0,8,2208,-88.3029495180258,39.9358094481895,0.001825082703097039,0.0013846724727472298
A-Injury,Fixed object,Clear,Daylight,Ice,No Controls,Unincorporated,2013,0,2,2209,-88.3245614999588,40.1861742620417,0.001579313604727395,0.007581955856460338
A-Injury,Head on,Fog/Smoke/Haze,Daylight,Dry,Lane Use Marking,Unincorporated,2013,0,2,2210,-88.161028638605,39.9370861268673,0.003438991445164183,0.0014162741161032526
A-Injury,Angle,Clear,Daylight,Dry,Traffic Signal,Unincorporated,2013,0,2,2211,-88.2954499999422,40.1130399994474,0.0019103664037462696,0.005771662535357577
A-Injury,Turning,Clear,Daylight,Dry,No Controls,Unincorporated,2013,0,1,2212,-88.4634240906104,40.196574410472,1.8338855803061144e-07,0.007839390861258158
A-Injury,Turning,Clear,Darkness,Dry,No Controls,Champaign,2013,0,2,2213,-88.3141600010922,40.0897199991791,0.0016975983139253476,0.005194422275645079
A-Injury,Animal,Clear,Darkness,Dry,Lane Use Marking,St. Joseph,2013,0,1,2214,-88.0579073120957,40.1203892632697,0.004611675908691755,0.005953578955111924
A-Injury,Rear end,Clear,Daylight,Dry,Other Warning Sign,Unincorporated,2013,0,2,2215,-88.3497700015587,40.0257799996951,0.0012926452774698533,0.0036117146648592486
A-Injury,Fixed object,Clear,Daylight,Dry,No Controls,Unincorporated,2013,0,1,2216,-88.3148149983509,40.1415406825276,0.001690149756629564,0.006477140301820567
A-Injury,Sideswipe Same Direction,Clear,Daylight,Dry,Lane Use Marking,Urbana,2013,0,3,2218,-88.18781958071,40.1467790018269,0.0031343277772956568,0.006606804485268134
A-Injury,Angle,Snow,Daylight,Ice,No Controls,Champaign,2013,0,3,2219,-88.2954999993238,40.1200300009197,0.001909797816239118,0.005944686129647323
A-Injury,Angle,Rain,Daylight,Wet,Traffic Signal,Champaign,2000,0,2,314,-88.246877418792,40.0835447688794,0.0024627284921368,0.005041566722430056
A-Injury,Rear end,Clear,Daylight,Dry,Traffic Signal,Urbana,2013,0,2,2220,-88.2240206952321,40.1163999997419,0.0027226526563533674,0.005854832664873718
A-Injury,Overturned,Clear,Daylight,Dry,Lane Use Marking,Unincorporated,2013,0,6,2221,-88.3040865241609,40.0142048686017,0.0018121527934973779,0.0033251952994353923
A-Injury,Angle,Clear,Darkness,Dry,No Controls,Champaign,2013,0,1,2222,-88.2765440838291,40.1004046447706,0.002125362417132513,0.005458899442249378
A-Injury,Overturned,Clear,Darkness,Dry,No Controls,Unincorporated,2013,0,2,2223,-88.0595212734892,40.2981922295809,0.0045933221159801885,0.010354738014730323
A-Injury,Angle,Rain,Daylight,Wet,Stop Sign/Flasher,Urbana,2013,0,1,2225,-88.2206897782963,40.1145199976497,0.0027605314799888925,0.00580829694945879
A-Injury,Fixed object,Clear,Daylight,Other,No Controls,Unincorporated,2013,0,1,2226,-88.3113431704322,39.9372811129501,0.001729631004574288,0.0014211006090613502
A-Injury,Turning,Clear,Daylight,Dry,Traffic Signal,Urbana,2013,0,4,2227,-88.1925562039257,40.1390911243158,0.003080463415357479,0.006416506356619337
A-Injury,Pedalcyclist,Clear,Daylight,Dry,No Controls,Urbana,2013,0,1,2228,-88.2050401690877,40.1140673380323,0.0029384971268675386,0.0057970922602605
A-Injury,Fixed object,Severe cross wind,Daylight,Ice,Lane Use Marking,Mahomet,2000,0,1,317,-88.3937934838254,40.1965526191713,0.0007920150447905755,0.007838851460917987
A-Injury,Rear end,Clear,Darkness,Dry,No Controls,Unincorporated,2013,0,2,2229,-88.3469009473587,40.338624949115,0.001325271848512303,0.011355569629491287
A-Injury,Angle,Clear,Dusk,Dry,Stop Sign/Flasher,Unincorporated,2013,0,4,2230,-88.0476500001796,40.0909499995839,0.004728320939634715,0.005224868491122872
A-Injury,Fixed object,Rain,Darkness,Wet,No Controls,Unincorporated,2013,0,1,2231,-88.2542054095569,40.1710091400247,0.0023793953814237245,0.0072065734005876386
A-Injury,Pedestrian,Clear,Daylight,Dry,No Controls,Champaign,2013,0,1,2232,-88.2574098269763,40.0981499995507,0.0023429550964740855,0.005403090180786225
A-Injury,Turning,Clear,Daylight,Dry,Traffic Signal,Champaign,2013,0,2,2233,-88.295030050438,40.0693930934051,0.0019151420236468133,0.004691270121565177
A-Injury,Pedestrian,Clear,Daylight,Dry,Traffic Signal,Champaign,2013,0,1,2234,-88.2304004486867,40.1091401141153,0.0026501027967793145,0.005675128624720686
A-Injury,Turning,Clear,Daylight,Dry,No Controls,Unincorporated,2013,0,2,2235,-88.2171435430012,39.9084418685478,0.0028008588804922844,0.0007072424299373466
A-Injury,Fixed object,Rain,"Darkness, lighted road",Wet,No Controls,Champaign,2013,0,3,2236,-88.2438844743649,40.1391118419886,0.002496763929312206,0.006417019181434621
A-Injury,Angle,Clear,Darkness,Dry,Stop Sign/Flasher,Unincorporated,2013,0,2,2237,-88.3135399925517,40.0254692682021,0.0017046489833389428,0.003604023124308066
A-Injury,Turning,Clear,Daylight,Dry,Traffic Signal,Urbana,2013,0,3,2238,-88.219377527547,40.1164300246271,0.002775454252203493,0.005855575871234371
A-Injury,Overturned,Clear,Daylight,Dry,No Controls,Unincorporated,2013,0,1,2239,-88.2714600020635,40.3698299998215,0.00218317803975516,0.012127988641794908
A-Injury,Turning,Clear,Daylight,Dry,Stop Sign/Flasher,Champaign,2013,0,1,2240,-88.2579051127785,40.12022999981,0.002337322760419953,0.0059496367046924375
A-Injury,Overturned,Clear,Darkness,Dry,No Controls,Unincorporated,2013,0,1,2241,-88.432085626201,40.2249560239966,0.00035656098345251605,0.008541921297514942
A-Injury,Angle,Clear,Daylight,Dry,Stop Sign/Flasher,Champaign,2013,0,1,2242,-88.2542800017404,40.1162705824443,0.002378547127258985,0.005851629196879781
A-Injury,Rear end,Clear,Daylight,Dry,Lane Use Marking,Unincorporated,2013,0,1,2243,-88.2954499999422,40.1130399994474,0.0019103664037462696,0.005771662535357577
A-Injury,Fixed object,Snow,"Darkness, lighted road",Ice,Lane Use Marking,Champaign,2013,0,1,2244,-88.2380743620285,40.1347795350735,0.0025628358922988085,0.0063097815339193345
A-Injury,Rear end,Fog/Smoke/Haze,Daylight,Wet,Lane Use Marking,Unincorporated,2013,0,2,2245,-88.3031420597194,39.9539552677261,0.001822893139984171,0.001833836171782064
A-Injury,Turning,Clear,Daylight,Dry,No Controls,Champaign,2013,0,2,2247,-88.2767246966819,40.1119099303995,0.0021233085074945797,0.005743689922012822
A-Injury,Angle,Clear,Dusk,Dry,Stop Sign/Flasher,Unincorporated,2013,0,3,2248,-88.1436307020689,40.1133599980485,0.003636838879482052,0.0057795834647521435
A-Injury,Sideswipe Same Direction,Clear,Daylight,Dry,No Controls,Champaign,2013,0,1,2249,-88.2436357790764,40.1310954330016,0.002499592064973902,0.006218588909034062
A-Injury,Sideswipe Opposite Direction,Clear,Daylight,Dry,No Controls,Unincorporated,2013,0,1,2250,-88.1886899274259,40.010829884184,0.0031244302894901112,0.003241654267729261
A-Injury,Overturned,Clear,Daylight,Other,No Controls,Unincorporated,2013,0,2,2251,-88.1421397970693,39.9688800661664,0.00365379328832073,0.0022032698951403532
A-Injury,Angle,Fog/Smoke/Haze,Daylight,Wet,Stop Sign/Flasher,Thomasboro,2013,0,3,2252,-88.1832001142336,40.2388040812254,0.003186859845588729,0.008884702432133365
A-Injury,Animal,Clear,Daylight,Dry,No Controls,Unincorporated,2013,0,1,2253,-88.3466030289605,40.2748410729478,0.0013286597440019976,0.00977672654112842
A-Injury,Overturned,Rain,Daylight,Wet,Traffic Signal,Champaign,2013,0,1,2254,-88.2769800485237,40.1486919249991,0.0021204046742357404,0.006654155096590008
A-Injury,Fixed object,Snow,Daylight,Snow or Slush,Lane Use Marking,St. Joseph,2013,0,2,2255,-88.0423765132525,40.120239478295,0.004788290457069712,0.0059498713257507075
A-Injury,Head on,Clear,Daylight,Dry,No Controls,Tolono,2013,0,4,2257,-88.2557773977502,39.985988517698,0.0023615189033612096,0.002626755610910404
A-Injury,Fixed object,Clear,Darkness,Dry,No Controls,Unincorporated,2013,0,1,2258,-88.0677137359678,40.2247600003022,0.00450015832734502,0.008537069120543953
A-Injury,Other non collision,Rain,"Darkness, lighted road",Wet,Traffic Signal,Mahomet,2013,0,1,2259,-88.3652600008876,40.1842799999028,0.001116494696712719,0.007535067161930127
A-Injury,Angle,Clear,Daylight,Dry,Traffic Signal,Champaign,2003,0,1,28,-88.2451371508181,40.112631524087,0.0024825186294871347,0.005761551539628085
A-Injury,Head on,Clear,Daylight,Dry,Lane Use Marking,Unincorporated,2013,0,2,2260,-88.3109700606521,40.113229411537,0.0017338739682475031,0.0057763510551917824
A-Injury,Angle,Clear,Dawn,Wet,Stop Sign/Flasher,Champaign,2013,0,4,2261,-88.2436100005389,40.1297200004792,0.0024998852156872266,0.006184542810521655
A-Injury,Parked Motor Vehicle,Clear,Daylight,Dry,No Controls,Urbana,2013,0,1,2262,-88.2015530116115,40.1128655284096,0.0029781527008660505,0.005767343851566221
A-Injury,Rear end,Snow,Darkness,Ice,Lane Use Marking,Unincorporated,2013,0,3,2263,-88.2740112473086,39.9011709954379,0.002154165557441021,0.0005272664164722807
A-Injury,Rear end,Clear,Darkness,Dry,Lane Use Marking,Champaign,2013,0,1,2264,-88.2716786458571,40.1569817569298,0.002180691646411842,0.0068593534105521724
A-Injury,Fixed object,Clear,"Darkness, lighted road",Dry,No Controls,Champaign,2013,0,1,2265,-88.2719346886291,40.0691391936269,0.0021777799559701398,0.004684985337164687
A-Injury,Angle,Clear,Daylight,Dry,No Controls,Unincorporated,2013,0,1,2266,-88.3670385603301,40.3800955865256,0.001096269112963165,0.012382092838493038
A-Injury,Fixed object,Clear,Daylight,Dry,No Controls,Savoy,2013,0,2,2267,-88.2487384115071,40.0718356356429,0.0024415654862133913,0.004751730400273836
A-Injury,Angle,Clear,Daylight,Dry,Stop Sign/Flasher,Unincorporated,2013,0,3,2268,-88.3696700002883,40.1276205036832,0.0010663446651293744,0.006132573939944937
A-Injury,Pedestrian,Clear,"Darkness, lighted road",Dry,No Controls,Urbana,1999,0,1,456,-88.1996424824718,40.1269794842813,0.002999879029600116,0.006116706778633849
A-Injury,Fixed object,Clear,Dawn,Dry,No Controls,Unincorporated,1999,0,1,457,-88.0476565162129,40.0800039525258,0.004728246840015677,0.004953920850730637
A-Injury,Angle,Rain,Daylight,Wet,Stop Sign/Flasher,Tolono,2013,0,3,2269,-88.2616546971934,39.9900693639938,0.0022946828959332683,0.002727768850555878
A-Injury,Angle,Clear,Dusk,Dry,Stop Sign/Flasher,Mahomet,2013,0,1,2270,-88.4027483769395,40.1948544018706,0.0006901809782311243,0.007796815466731634
A-Injury,Angle,Clear,Daylight,Dry,Stop Sign/Flasher,Champaign,2013,0,1,2271,-88.2410788148226,40.1249299997195,0.0025286695832305596,0.00606597586151892
A-Injury,Fixed object,Snow,Darkness,Snow or Slush,Lane Use Marking,Unincorporated,2013,0,1,2272,-88.1611642256097,39.9689542635099,0.003437449564553828,0.0022051065029165054