crash_severity,collision_type,weather,light,road_surface,traffic_control,city,year,fatality,injury,id,x,y,norm_x,norm_y
A-Injury,Angle,Clear,Daylight,Other,No Controls,Unincorporated,2013,0,2,2274,-88.4631203881637,40.0986207658757,3.6370596155772216e-06,0.005414743065545289
A-Injury,Rear end,Sleet/Hail,Darkness,Ice,Lane Use Marking,Unincorporated,2013,0,1,2275,-88.0693837451992,40.1206460750321,0.004481167164741636,0.0059599358198940125
A-Injury,Overturned,Clear,Darkness,Dry,No Controls,Unincorporated,2013,0,1,2276,-88.3243800495085,40.0550836639975,0.0015813770394325945,0.004337068635606915
A-Injury,Fixed object,Rain,Darkness,Wet,Lane Use Marking,Unincorporated,2013,0,2,2277,-88.3856509173335,40.2796028795598,0.0008846114217138988,0.009894595600038742
A-Injury,Fixed object,Clear,Darkness,Wet,Other Warning Sign,Unincorporated,2013,0,1,2278,-87.9361240952311,40.3781825313307,0.005996581351336848,0.012334738959211647
A-Injury,Fixed object,Snow,Dusk,Snow or Slush,Lane Use Marking,Unincorporated,2013,0,3,2279,-88.3027246784714,39.9263088673621,0.0018276395539556017,0.0011495044761292053
A-Injury,Rear end,Snow,Darkness,Ice,Lane Use Marking,Unincorporated,2013,0,1,2280,-88.1831519345114,40.2373206632397,0.0031874077401280337,0.008847983368090576
A-Injury,Pedalcyclist,Rain,Darkness,Wet,No Controls,Champaign,2013,0,1,2281,-88.2963954343719,40.0839512504984,0.0018996150266595146,0.0050516283670536295
A-Injury,Turning,Clear,Darkness,Dry,Traffic Signal,Champaign,2013,0,2,2282,-88.2437200004438,40.1379708480598,0.0024986343087813417,0.006388776144375729
A-Injury,Fixed object,Clear,"Darkness, lighted road",Wet,No Controls,Champaign,2013,0,1,2283,-88.2766358339762,40.1061491594801,0.0021243190444793455,0.00560109348704708
A-Injury,Turning,Fog/Smoke/Haze,Daylight,Dry,No Controls,Champaign,2013,0,1,2284,-88.2392700016365,40.1567299997201,0.002549239209248454,0.006853121661176456
A-Injury,Angle,Clear,Daylight,Dry,Traffic Signal,Champaign,2013,0,3,2285,-88.2817001300733,40.1184776080803,0.0020667284223179817,0.005906259730184137
A-Injury,Rear end,Clear,Daylight,Dry,No Controls,Urbana,2013,0,1,2286,-88.1627414559238,40.1106489896772,0.0034195134736659735,0.00571247784046709
A-Injury,Angle,Clear,Darkness,Dry,Traffic Signal,Champaign,2013,0,2,2287,-88.2468100010723,40.1126099992334,0.002463495159082665,0.005761018734656392
A-Injury,Rear end,Clear,Daylight,Dry,Traffic Signal,Champaign,2013,0,1,2288,-88.2689100431802,40.0982206922495,0.0022121758937036196,0.005404840038048013
A-Injury,Turning,Clear,Daylight,Dry,Traffic Signal,Champaign,2013,0,2,2289,-88.242639532962,40.1163711708574,0.0025109212669901086,0.0058541190631333185
A-Injury,Fixed object,Clear,Darkness,Dry,No Controls,Unincorporated,2013,0,1,2290,-88.1204930986132,40.1860245998263,0.00389995717919983,0.007578251265761521
A-Injury,Fixed object,Clear,Darkness,Dry,Lane Use Marking,Unincorporated,2013,0,1,2291,-87.9686053316243,40.1123722599565,0.005627208278240814,0.005755133971347582
A-Injury,Angle,Clear,Daylight,Dry,Stop Sign/Flasher,Urbana,2013,0,2,2292,-88.1955479064344,40.0983800450908,0.0030464421011424632,0.0054087845009313865
A-Injury,Pedestrian,Clear,Darkness,Dry,Lane Use Marking,Champaign,2013,0,1,2293,-88.2725709900718,40.1128020697852,0.0021705440054521526,0.005765773059438858
A-Injury,Pedalcyclist,Clear,Daylight,Dry,Traffic Signal,Urbana,2013,0,2,2294,-88.1904499067453,40.0838081334924,0.0031044159968713425,0.005048085790005396
A-Injury,Pedestrian,Clear,Daylight,Dry,Traffic Signal,Urbana,2013,0,1,2295,-88.224020000866,40.1164000001846,0.0027226605526087535,0.005854832675831791
A-Injury,Pedalcyclist,Clear,Daylight,Dry,No Controls,Urbana,2013,0,1,2296,-88.1945582724899,40.1056800005887,0.0030576961102846845,0.005589480391112195
A-Injury,Pedalcyclist,Rain,"Darkness, lighted road",Wet,No Controls,Champaign,2013,0,1,2297,-88.2654438017509,40.0981925834337,0.002251593612700878,0.00540414426017732
A-Injury,Rear end,Clear,Darkness,Dry,Lane Use Marking,Unincorporated,2014,0,2,2298,-88.2484059824454,40.1783740243989,0.002445345833199576,0.007388876476059451
A-Injury,Fixed object,Clear,Dusk,Dry,Lane Use Marking,Unincorporated,2014,0,1,2299,-87.9682582999066,40.3132000048084,0.005631154685036424,0.010726225663545095
A-Injury,Fixed object,Clear,Dawn,Dry,No Controls,Unincorporated,2014,0,1,2300,-87.9498084133981,40.3306637775566,0.0058409647795603925,0.011158506649855165
A-Injury,Overturned,Clear,Dusk,Dry,Lane Use Marking,Unincorporated,2014,0,5,2301,-88.1821947744908,40.1971036536476,0.0031982924593540922,0.00785249122423496
A-Injury,Turning,Clear,Daylight,Dry,Traffic Signal,Unincorporated,2014,0,3,2302,-88.1832000195998,40.2388007074381,0.0031868609217540226,0.008884618920733901
A-Injury,Sideswipe Opposite Direction,Clear,Daylight,Dry,Lane Use Marking,Unincorporated,2014,0,3,2303,-88.0736571037462,40.3125513509105,0.004432570998024438,0.010710169525458555
A-Injury,Fixed object,Clear,Daylight,Wet,No Controls,Unincorporated,2014,0,1,2304,-88.4250800056408,39.8860176758882,0.00043622813540272434,0.0001521761072209486
A-Injury,Fixed object,Clear,Darkness,Ice,No Controls,Unincorporated,2014,0,2,2306,-88.3466564521131,40.2952697651738,0.0013280522217448715,0.010282398216533676
A-Injury,Angle,Clear,Daylight,Dry,No Controls,Unincorporated,2002,0,3,149,-88.3332847957248,40.1133087720451,0.0014801132379186155,0.005778315466846207
A-Injury,Rear end,Clear,Daylight,Dry,Lane Use Marking,Unincorporated,2014,0,1,2307,-88.4076600012214,40.1567100001834,0.0006343265232794435,0.006852626612393255
A-Injury,Rear end,Clear,Daylight,Dry,No Controls,Unincorporated,2014,0,1,2308,-88.365320001583,40.1964855241457,0.0011158123753571198,0.007837190656906115
A-Injury,Head on,Rain,Darkness,Wet,Lane Use Marking,Unincorporated,2014,0,1,2309,-88.4075499931614,40.1348901907327,0.0006355775229242112,0.006312520594842145
A-Injury,Rear end,Clear,Daylight,Dry,Lane Use Marking,Mahomet,2014,0,2,2310,-88.3454975337205,40.1806195293124,0.001341231315143798,0.00744445948740351
A-Injury,Rear end,Rain,Daylight,Wet,Lane Use Marking,Unincorporated,2014,0,1,2311,-88.394829019642,40.12055900891,0.0007802390445716365,0.005957780671079512
A-Injury,Fixed object,Clear,Daylight,Dry,No Controls,Unincorporated,2014,0,2,2312,-88.3653400048421,40.2094404034448,0.0011155849004791769,0.008157862947005661
A-Injury,Rear end,Clear,Darkness,Dry,Lane Use Marking,Unincorporated,2014,0,1,2313,-88.3983373339049,40.1205504363559,0.0007403428779052204,0.005957568474540109
A-Injury,Head on,Clear,Darkness,Dry,No Controls,Unincorporated,2014,0,2,2314,-88.3466247599823,40.2782876657311,0.0013284126211952224,0.00986204009560804
A-Injury,Rear end,Clear,Darkness,Dry,No Controls,Mahomet,2014,0,1,2315,-88.3968600012807,40.1998299996558,0.0007571429431731088,0.007919976501238846
A-Injury,Other Object,Clear,Darkness,Wet,No Controls,Champaign,2014,0,1,2316,-88.2543895140893,40.0981200006134,0.002377301764786779,0.005402347616714217
A-Injury,Angle,Clear,Daylight,Ice,Traffic Signal,Champaign,2014,0,1,2317,-88.2817000355781,40.1184720656669,0.002066729496907149,0.005906122538755653
A-Injury,Angle,Clear,Daylight,Dry,Traffic Signal,Champaign,2014,0,2,2318,-88.276810000017,40.1164623832761,0.00212233844728354,0.005856376845279761
A-Injury,Rear end,Clear,Daylight,Dry,No Controls,Champaign,2014,0,1,2319,-88.2467064322788,40.0848789935594,0.0024646729320920106,0.005074592802701823
A-Injury,Parked Motor Vehicle,Clear,Daylight,Dry,No Controls,Champaign,2014,0,1,2320,-88.2630975055913,40.1163500037343,0.002278275436396679,0.0058535951130691734
A-Injury,Parked Motor Vehicle,Clear,Darkness,Dry,No Controls,Champaign,2014,0,1,2322,-88.2387371610022,40.1170272385878,0.00255529861475188,0.005870358715909053
A-Injury,Pedestrian,Clear,Daylight,Dry,Stop Sign/Flasher,Champaign,2014,0,1,2323,-88.2817423097205,40.0983400228863,0.002066248759976374,0.0054077938308003835
A-Injury,Head on,Clear,Darkness,Dry,Other Warning Sign,Champaign,2014,0,2,2324,-88.2977180365101,40.1338360380242,0.0018845745395808466,0.006286427139600752
A-Injury,Turning,Clear,Daylight,Dry,No Controls,Champaign,2014,0,3,2325,-88.2454341487765,40.0930259595468,0.0024791412011383566,0.0052762547541739535
A-Injury,Overturned,Clear,"Darkness, lighted road",Wet,No Controls,Champaign,2014,0,1,2326,-88.2317432101095,40.1163521380717,0.002634833060517675,0.005853647944349663
A-Injury,Sideswipe Same Direction,Clear,Daylight,Dry,No Controls,Urbana,2014,0,2,2327,-88.2195500011928,40.1284423933127,0.002773492900738677,0.006152918184273103
A-Injury,Pedestrian,Clear,Daylight,Dry,Lane Use Marking,Champaign,2014,0,1,2328,-88.2364062266332,40.1274013257951,0.002581805745842562,0.006127148626926344
A-Injury,Fixed object,Rain,"Darkness, lighted road",Wet,Stop Sign/Flasher,Champaign,2014,0,1,2329,-88.2398695348516,40.1210574310982,0.0025424213829994225,0.005970118121767916
A-Injury,Turning,Clear,Daylight,Dry,No Controls,Champaign,2014,0,2,2330,-88.2581332151795,40.1322375187771,0.002334728804826129,0.006246858972588177
A-Injury,Rear end,Snow,"Darkness, lighted road",Snow or Slush,No Controls,Champaign,2014,0,1,2331,-88.2766323831681,40.1274074456395,0.002124358286692144,0.006127300111511691
A-Injury,Angle,Clear,Daylight,Snow or Slush,Traffic Signal,Champaign,2014,0,1,2332,-88.2445877380963,40.0980943599453,0.0024887664909598642,0.005401712932934528
A-Injury,Parked Motor Vehicle,Snow,Daylight,Snow or Slush,Lane Use Marking,Champaign,2014,0,1,2333,-88.2289369578559,40.1142845401456,0.00266674545468423,0.005802468666900622
A-Injury,Other Object,Clear,Daylight,Wet,No Controls,Champaign,2014,0,1,2334,-88.2579800008157,40.1310759737121,0.0023364711418391378,0.006218107232996589
A-Injury,Fixed object,Clear,Daylight,Dry,Lane Use Marking,Champaign,2014,0,1,2335,-88.2870469884152,40.127521792807,0.00200592453316653,0.006130130548385951
A-Injury,Pedestrian,Clear,Daylight,Dry,No Controls,Champaign,2014,0,1,2336,-88.2810781305,40.1032142712093,0.002073801733539023,0.005528446160796272
A-Injury,Rear end,Clear,Daylight,Dry,Stop Sign/Flasher,Urbana,2014,0,1,2337,-88.2255807981723,40.1105590784355,0.0027049113360910148,0.0057102522663713
A-Injury,Angle,Clear,Daylight,Dry,Traffic Signal,Champaign,2014,0,1,2338,-88.2578900011902,40.1407499996309,0.0023374946077517815,0.006457568518141753
A-Injury,Pedestrian,Clear,Daylight,Dry,No Controls,Champaign,2014,0,1,2339,-88.2665041629917,40.1272840491356,0.0022395353004691404,0.006124245676300009
A-Injury,Pedestrian,Clear,"Darkness, lighted road",Wet,Lane Use Marking,Champaign,2014,0,1,2340,-88.2723295936388,40.0982399951714,0.0021732891393261003,0.0054053178435163685
A-Injury,Angle,Clear,Daylight,Dry,Stop Sign/Flasher,Champaign,2014,0,1,2341,-88.2527501250677,40.1425288256459,0.0023959447177081005,0.006501599820846191
A-Injury,Angle,Clear,Daylight,Dry,Traffic Signal,Champaign,2014,0,2,2342,-88.2772300596124,40.1392317964868,0.00211756157543781,0.0064199884166359755
A-Injury,Turning,Clear,Daylight,Dry,No Controls,Champaign,2014,0,1,2343,-88.243450000772,40.1090099994554,0.0025017047155632957,0.005671907894909075
A-Injury,Fixed object,Clear,"Darkness, lighted road",Dry,No Controls,Champaign,2014,0,1,2344,-88.2412757736131,40.1272064269165,0.002526429789374245,0.006122324292535067
A-Injury,Pedalcyclist,Clear,Daylight,Dry,Traffic Signal,Champaign,2014,0,1,2345,-88.2579800152708,40.1271708248376,0.002336470977457357,0.006121443033828562
A-Injury,Pedalcyclist,Clear,Daylight,Dry,Traffic Signal,Champaign,2014,0,1,2346,-88.2772300013583,40.139230000616,0.002117562237897096,0.006419943963423634
A-Injury,Pedestrian,Clear,Daylight,Dry,No Controls,Champaign,2014,0,1,2347,-88.2591100298971,40.1380791567567,0.0023236205745322236,0.006391457110911296
A-Injury,Turning,Clear,"Darkness, lighted road",Dry,Traffic Signal,Champaign,2014,0,1,2348,-88.2765102407828,40.0982600034427,0.0021257472765591054,0.005405813108507292
A-Injury,Pedalcyclist,Clear,Daylight,Dry,Stop Sign/Flasher,Unincorporated,2014,0,1,2349,-88.2981100000837,40.0985200000883,0.0018801171726270031,0.0054122488087433845
A-Injury,Rear end,Clear,Daylight,Dry,Lane Use Marking,Champaign,2014,0,1,2350,-88.2580130094288,40.1358594569295,0.0023360957714958696,0.0063365128531927845
A-Injury,Other Object,Clear,Daylight,Dry,Lane Use Marking,Champaign,2014,0,2,2351,-88.2966603710809,40.1572141875403,0.001896602195337604,0.006865106768374805
A-Injury,Fixed object,Clear,Daylight,Dry,Lane Use Marking,Champaign,2014,0,1,2352,-88.2804795691339,40.143517232781,0.0020806085080274654,0.006526065875083104
A-Injury,Fixed object,Clear,Darkness,Dry,Lane Use Marking,Urbana,2014,0,1,2353,-88.2241184538674,40.1349278808158,0.002721540955828563,0.00631345353794289
A-Injury,Other non collision,Clear,Daylight,Dry,No Controls,Champaign,2014,0,1,2354,-88.276352940595,40.085948522484,0.0021275360771164735,0.005101066865613696
A-Injury,Turning,Clear,Daylight,Dry,No Controls,Champaign,2014,0,1,2355,-88.258606811888,40.1324462245642,0.0023293431147769555,0.006252025069559029
A-Injury,Pedestrian,Clear,Daylight,Dry,Traffic Signal,Champaign,2014,0,1,2356,-88.2468700014912,40.1271923425195,0.0024628128408714007,0.006121975661279083
A-Injury,Angle,Rain,Daylight,Wet,Stop Sign/Flasher,Champaign,2014,0,1,2357,-88.2387204200333,40.1143700070849,0.002555488991222016,0.005804584231123298
A-Injury,Parked Motor Vehicle,Rain,Daylight,Unknown,Stop Sign/Flasher,Champaign,2014,0,1,2358,-88.2303709363587,40.1005874155287,0.0026504384077503684,0.005463423569121613
A-Injury,Overturned,Clear,Daylight,Dry,No Controls,Champaign,2014,0,1,2359,-88.2860600004075,40.11290999907,0.0020171484530043817,0.0057684446343819465
A-Injury,Rear end,Clear,"Darkness, lighted road",Wet,Traffic Signal,Champaign,2014,0,1,2360,-88.2435317259487,40.1211186645263,0.00250077534577881,0.005971633833583187
A-Injury,Turning,Clear,Daylight,Dry,Traffic Signal,Champaign,2014,0,1,2361,-88.2464997090524,40.0862418343213,0.002467023766047057,0.005108327217208458
A-Injury,Angle,Clear,Daylight,Dry,Stop Sign/Flasher,Champaign,2014,0,1,2362,-88.2627100009444,40.1272299999694,0.002282682096923238,0.006122907796609749
A-Injury,Fixed object,Clear,Darkness,Dry,No Controls,Champaign,2014,0,1,2363,-88.2955200466705,40.1060154567915,0.0019095698400016482,0.005597783942716033
A-Injury,Pedestrian,Clear,Daylight,Dry,No Controls,Unincorporated,2014,0,1,2364,-88.2747173122704,40.1416162683971,0.002146136263802386,0.00647901127979829
A-Injury,Pedalcyclist,Clear,Daylight,Dry,No Controls,Urbana,2014,0,1,2365,-88.2214592818402,40.1090807738953,0.0027517807697226603,0.00567365977550932
A-Injury,Rear end,Clear,Dusk,Ice,Police/Flagman,Unincorporated,1999,0,4,459,-88.2617900169682,40.1654278506449,0.002293144054232077,0.007068419674427324
A-Injury,Turning,Rain,Daylight,Wet,No Controls,Unincorporated,2014,0,2,2366,-88.219948779817,40.1435347799496,0.0027689580337735345,0.006526500220367892
A-Injury,Overturned,Clear,Darkness,Wet,Lane Use Marking,Champaign,2014,0,1,2367,-88.3077003069218,40.1209211632301,0.0017710572505894983,0.0059667450815162944
A-Injury,Rear end,Clear,Daylight,Dry,Traffic Signal,Champaign,2014,0,3,2368,-88.2464357983659,40.0866446799853,0.002467750551394537,0.00511829886099213
A-Injury,Pedestrian,Rain,"Darkness, lighted road",Wet,Traffic Signal,Unincorporated,2014,0,1,2369,-88.2384395116347,40.0833209774493,0.002558683450853916,0.005036027210348269
A-Injury,Head on,Clear,Daylight,Dry,No Controls,Urbana,2014,0,3,2370,-88.2236599955926,40.1164044736659,0.0027267544932629644,0.005854943407970741
A-Injury,Turning,Clear,"Darkness, lighted road",Dry,Traffic Signal,Urbana,2014,0,3,2371,-88.2195399278096,40.1273684391752,0.0027736074541522817,0.0061263345840107
A-Injury,Turning,Clear,"Darkness, lighted road",Dry,Traffic Signal,Champaign,2014,0,2,2372,-88.2689102381468,40.0982239417524,0.0022121736765647036,0.005404920473034213
A-Injury,Pedestrian,Clear,Daylight,Dry,Traffic Signal,Champaign,2014,0,1,2373,-88.2385191270673,40.0980400081864,0.002557778072848799,0.005400367563163466
A-Injury,Fixed object,Clear,Daylight,Dry,No Controls,Champaign,2014,0,1,2374,-88.243052917949,40.0834795217726,0.002506220298062355,0.005039951659975535
A-Injury,Turning,Rain,"Darkness, lighted road",Wet,No Controls,Champaign,2000,0,2,318,-88.2579195445405,40.1239572177179,0.0023371586439985674,0.006041896576408075
A-Injury,Angle,Clear,Daylight,Wet,Stop Sign/Flasher,Champaign,2000,0,1,319,-88.3145129624667,40.1132597945671,0.0016935844757203957,0.005777103126717701
A-Injury,Angle,Clear,Daylight,Dry,Stop Sign/Flasher,Champaign,2014,0,1,2375,-88.262740000814,40.1310000003261,0.002282340941682211,0.006216226662818055
A-Injury,Turning,Clear,Daylight,Dry,Stop Sign/Flasher,Champaign,2014,0,1,2376,-88.2767100013924,40.1103300001003,0.0021234756207218785,0.005704581887461121
A-Injury,Rear end,Clear,"Darkness, lighted road",Dry,Stop Sign/Flasher,Champaign,2014,0,1,2377,-88.2812059717767,40.0983312962357,0.002072347936501583,0.005407577819908445
A-Injury,Angle,Clear,Daylight,Dry,No Controls,Urbana,2014,0,2,2378,-88.2209183000759,40.1164289329268,0.002757932755267496,0.005855548848363171
A-Injury,Rear end,Clear,Daylight,Dry,No Controls,Champaign,2014,0,1,2379,-88.2336844188804,40.0980900001149,0.0026127578463679226,0.005401605013997872
A-Injury,Fixed object,Clear,"Darkness, lighted road",Dry,No Controls,Champaign,2014,0,1,2380,-88.2579403064317,40.1253752764308,0.0023369225420390967,0.006076997801549781
A-Injury,Fixed object,Clear,Darkness,Ice,Lane Use Marking,Unincorporated,2014,0,1,2381,-88.1232096456928,40.1206397982467,0.0038690649024756617,0.005959780450546148
A-Injury,Fixed object,Clear,Darkness,Dry,No Controls,Urbana,2014,0,2,2382,-88.1989733586936,40.134001038768,0.0030074882321329734,0.00629051140508563
A-Injury,Pedestrian,Clear,Daylight,Dry,Other,Urbana,2014,0,1,2383,-88.2192200017682,40.1046400001537,0.002777245618157018,0.005563737247274621
A-Injury,Parked Motor Vehicle,Clear,Daylight,Snow or Slush,No Controls,Urbana,2014,0,1,2384,-88.2000705943395,40.0985034304056,0.002995010588193399,0.005411838659179281
A-Injury,Rear end,Fog/Smoke/Haze,Daylight,Dry,Stop Sign/Flasher,Urbana,2014,0,1,2385,-88.2049610798982,40.1107993793602,0.0029393965204934426,0.005716200438180398
A-Injury,Overturned,Clear,Darkness,Ice,No Controls,Unincorporated,2014,0,3,2386,-88.1438871799962,40.1383397936252,0.003633922240501959,0.006397908658592713
A-Injury,Rear end,Clear,Daylight,Dry,Traffic Signal,Urbana,2014,0,1,2387,-88.2049700013527,40.1163199993893,0.0029392950666870545,0.005852852415140321
A-Injury,Rear end,Clear,Daylight,Dry,Traffic Signal,Unincorporated,2014,0,1,2388,-88.218850055919,40.0835227298157,0.0027814526019535766,0.0050410211892092886
A-Injury,Turning,Clear,Daylight,Dry,Stop Sign/Flasher,Unincorporated,2014,0,1,2389,-88.1822700014631,40.1565999996202,0.0031974369864403896,0.006849903767069848
A-Injury,Fixed object,Clear,Daylight,Dry,Lane Use Marking,Unincorporated,2014,0,1,2390,-88.2073939139442,40.1351000006758,0.0029117305974039756,0.006317714023000483
A-Injury,Rear end,Clear,Daylight,Dry,No Controls,Unincorporated,2014,0,2,2391,-88.1817853324329,40.1148162569237,0.0032029485897227383,0.005815630258991362
A-Injury,Fixed object,Clear,Daylight,Dry,Lane Use Marking,Urbana,2014,0,1,2392,-88.2031738984697,40.1350579136637,0.002959720152526188,0.006316672242661107
A-Injury,Pedalcyclist,Rain,Daylight,Wet,Stop Sign/Flasher,Urbana,2014,0,1,2393,-88.190670447744,40.094759997129,0.003101908028718707,0.005319177408238533
A-Injury,Turning,Clear,Daylight,Dry,Traffic Signal,Urbana,2014,0,2,2394,-88.1994265182755,40.1273900455828,0.003002334950855715,0.0061268694076895575
A-Injury,Sideswipe Same Direction,Clear,Daylight,Dry,Lane Use Marking,Urbana,2014,0,1,2395,-88.2012390151713,40.1348568676421,0.0029817234340934794,0.006311695747961788
A-Injury,Pedestrian,Clear,Darkness,Wet,No Controls,Urbana,2014,0,1,2396,-88.1673017196158,40.1112616747752,0.0033676546529715894,0.005727643642397685
A-Injury,Fixed object,Clear,"Darkness, lighted road",Dry,No Controls,Urbana,2014,0,1,2397,-88.2049252153731,40.1164468898098,0.0029398043679562643,0.0058559933353137215
A-Injury,Rear end,Clear,Daylight,Dry,Stop Sign/Flasher,Urbana,2014,0,1,2398,-88.195770001313,40.1129700001017,0.0030439164624373252,0.00576992984067364
A-Injury,Fixed object,Clear,Daylight,Dry,Traffic Signal,Urbana,2014,0,2,2399,-88.2049995595309,40.112450032918,0.0029389589343125325,0.005757059086440912
A-Injury,Rear end,Clear,Daylight,Dry,No Controls,Urbana,2014,0,1,2400,-88.219484578119,40.1239722771288,0.002774236884789368,0.006042269342195309
A-Injury,Pedestrian,Clear,Daylight,Dry,No Controls,Urbana,2014,0,1,2401,-88.2004125221565,40.1254302061287,0.0029911222223992237,0.006078357477052124
A-Injury,Turning,Clear,Daylight,Dry,Traffic Signal,Urbana,2014,0,1,2402,-88.2074118253317,40.1124599754806,0.002911526911061345,0.005757305194817877
A-Injury,Fixed object,Clear,Daylight,Dry,Lane Use Marking,Urbana,2014,0,1,2403,-88.2154760074291,40.1351452622375,0.0028198219129121627,0.006318834383006115
A-Injury,Fixed object,Clear,Daylight,Dry,No Controls,Urbana,2014,0,1,2404,-88.2076200014225,40.1204896527549,0.002909159555291051,0.005956063897300653
A-Injury,Fixed object,Clear,"Darkness, lighted road",Dry,No Controls,Urbana,2014,0,1,2405,-88.2099196118563,40.1174399948,0.002883008636570725,0.005880575675616889
A-Injury,Pedestrian,Clear,Daylight,Dry,Traffic Signal,Urbana,2014,0,1,2406,-88.2128186612493,40.116489818325,0.0028500409634689564,0.005857055945389954
A-Injury,Rear end,Clear,Dusk,Dry,Stop Sign/Flasher,Urbana,2014,0,1,2407,-88.2008493839571,40.1419009755302,0.002986154277710927,0.006486058639041877
A-Injury,Rear end,Clear,Daylight,Dry,Traffic Signal,Urbana,2014,0,2,2408,-88.1994300018366,40.1273899999242,0.0030022953361792935,0.006126868277501603
A-Injury,Turning,Clear,Daylight,Dry,Traffic Signal,Urbana,2014,0,2,2409,-88.1836223916961,40.1159460824428,0.0031820577524006373,0.005843596844264433
A-Injury,Rear end,Clear,"Darkness, lighted road",Dry,Traffic Signal,Urbana,2014,0,2,2410,-88.2049700013527,40.1163199993893,0.0029392950666870545,0.005852852415140321
A-Injury,Rear end,Clear,Daylight,Dry,No Controls,Urbana,2014,0,2,2411,-88.2194705259475,40.1232335794616,0.0027743966845490066,0.006023984349555555
A-Injury,Pedestrian,Clear,Daylight,Dry,Traffic Signal,Urbana,2014,0,1,2412,-88.2156798712409,40.1164539514851,0.0028175035959077635,0.005856168133051116
A-Injury,Angle,Cloudy/Overcast,Daylight,Wet,Stop Sign/Flasher,Urbana,2014,0,2,2413,-88.2143801495868,40.1006802188066,0.002832283888619833,0.005465720729825803
A-Injury,Turning,Rain,Daylight,Wet,Traffic Signal,Rantoul,2014,0,1,2414,-88.1559797877983,40.308185361749,0.0034964064251698313,0.010602098140874745
A-Injury,Fixed object,Clear,Daylight,Ice,Lane Use Marking,Unincorporated,2014,0,1,2415,-88.1778520093886,40.2653141977164,0.003247677909837346,0.00954090767879769
A-Injury,Overturned,Clear,Darkness,Ice,Lane Use Marking,Unincorporated,2014,0,2,2416,-88.1645429311743,40.3423636179193,0.0033990272938503666,0.011448112945389288
A-Injury,Overturned,Clear,Darkness,Ice,Lane Use Marking,Unincorporated,2014,0,1,2417,-88.1292388768335,40.3991230270633,0.0038005011443758424,0.012853079313247744
A-Injury,Pedestrian,Clear,Daylight,Ice,Lane Use Marking,Unincorporated,2014,0,2,2418,-88.1394980734616,40.379045388431,0.0036838346806937726,0.012356097271859262
A-Injury,Fixed object,Clear,Darkness,Dry,No Controls,Unincorporated,2014,0,1,2419,-88.193840000979,40.2936213816649,0.0030658642154666625,0.010241595758822001
A-Injury,Angle,Clear,Daylight,Dry,Stop Sign/Flasher,Unincorporated,2000,0,4,320,-88.3848728197184,40.3546270023103,0.0008934598628194951,0.011751668653338442
A-Injury,Angle,Clear,"Darkness, lighted road",Dry,Traffic Signal,Champaign,2003,0,1,83,-88.2771912125584,40.1392387502071,0.0021180033398935437,0.006420160542161995
A-Injury,Angle,Clear,Daylight,Dry,Stop Sign/Flasher,Unincorporated,2014,0,1,2420,-88.2902400013498,40.355089999318,0.0019696139387725313,0.011763129224088571
A-Injury,Overturned,Clear,Darkness,Dry,Lane Use Marking,Unincorporated,2014,0,1,2421,-88.1479497075098,40.36334710908,0.0035877236212724256,0.011967517565797737
A-Injury,Angle,Clear,Daylight,Dry,Stop Sign/Flasher,Unincorporated,2014,0,2,2422,-88.1051799933334,40.164093321674,0.004074096140148554,0.007035386062039085
A-Injury,Fixed object,Clear,Darkness,Dry,No Controls,Unincorporated,2014,0,1,2423,-87.9604242492612,40.1843479928915,0.005720242653445355,0.007536750193234015
A-Injury,Fixed object,Clear,Dusk,Dry,Lane Use Marking,Unincorporated,2014,0,1,2424,-87.9585252277827,40.0787590391618,0.0057418381183129774,0.0049231054945863065
A-Injury,Turning,Clear,Daylight,Dry,Stop Sign/Flasher,Unincorporated,2014,0,2,2425,-87.9585200007596,40.0762199988664,0.005741897559448791,0.004860256598245111
A-Injury,Fixed object,Clear,Darkness,Dry,Other Warning Sign,Unincorporated,2014,0,1,2426,-88.0781250399792,40.2394802744712,0.004381762115111198,0.008901440252044502
A-Injury,Sideswipe Same Direction,Clear,Darkness,Dry,Lane Use Marking,St. Joseph,2014,0,2,2427,-88.0421665292913,40.1202349391647,0.0047906783717449756,0.005949758968601476
A-Injury,Angle,Clear,Daylight,Dry,No Controls,Unincorporated,2014,0,4,2428,-88.0289200013772,40.2009499997723,0.004941316440574871,0.007947699878198058
A-Injury,Pedestrian,Fog/Smoke/Haze,Darkness,Ice,Other Warning Sign,Unincorporated,2014,0,1,2429,-88.033639058355,40.2395730369882,0.00488765183997575,0.008903736403793567
A-Injury,Angle,Clear,Daylight,Ice,Stop Sign/Flasher,Unincorporated,2014,0,3,2430,-88.2950310905289,40.067822550572,0.0019151301958467584,0.004652394455079838
A-Injury,Turning,Clear,Daylight,Dry,Stop Sign/Flasher,Champaign,2014,0,1,2431,-88.2809447459526,40.0692304182604,0.0020753185680456965,0.00468724342166418
A-Injury,Fixed object,Snow,Daylight,Ice,No Controls,Sidney,2014,0,1,2432,-88.0808552426972,40.0259093412799,0.004350714547958457,0.0036149162587333496