crash_severity,collision_type,weather,light,road_surface,traffic_control,city,year,fatality,injury,id,x,y,norm_x,norm_y
A-Injury,Head on,Clear,Dawn,Ice,No Controls,Unincorporated,2014,0,1,2433,-88.2186218907548,40.0690988319415,0.0027840472712837273,0.004683986263858737
A-Injury,Fixed object,Clear,Daylight,Dry,No Controls,Unincorporated,2014,0,1,2434,-88.0968864406618,40.0113176835224,0.004168409515418621,0.0032537287708830696
A-Injury,Angle,Clear,"Darkness, lighted road",Dry,Stop Sign/Flasher,Unincorporated,2014,0,2,2435,-88.1615500016007,40.0255400000525,0.0034330625621134155,0.0036057739506899274
A-Injury,Rear end,Clear,Daylight,Dry,Lane Use Marking,Unincorporated,2014,0,2,2436,-88.3037249784628,40.0718951175229,0.001816264251692949,0.004753202755997033
A-Injury,Overturned,Rain,Daylight,Wet,Lane Use Marking,Unincorporated,2014,0,2,2437,-88.1619873319855,40.0750754690455,0.0034280892887368812,0.004831926037204675
A-Injury,Angle,Clear,Daylight,Wet,Stop Sign/Flasher,Unincorporated,2014,0,2,2438,-88.1615499954012,40.0255391973616,0.003433062632613448,0.003605754081672026
A-Injury,Turning,Clear,Daylight,Dry,Lane Use Marking,Unincorporated,2014,0,5,2439,-88.2583197201796,40.0103015177155,0.0023326078903325633,0.0032285756058942753
A-Injury,Turning,Clear,Daylight,Dry,Stop Sign/Flasher,Unincorporated,2014,0,2,2440,-88.2366700012777,39.9082899997267,0.0025788061293913183,0.0007034832191000827
A-Injury,Pedalcyclist,Clear,Daylight,Dry,Traffic Signal,Savoy,2014,0,1,2441,-88.2514200002071,40.054489999205,0.002411070752364356,0.004322373643537428
A-Injury,Turning,Clear,Daylight,Dry,Traffic Signal,Savoy,2014,0,1,2442,-88.2539799991713,40.0394300005311,0.0023819587237124064,0.003949593307097535
A-Injury,Overturned,Clear,Darkness,Dry,No Controls,Unincorporated,2014,0,1,2443,-88.1949920593456,40.0692157904665,0.003052763133534143,0.004686881339697881
A-Injury,Angle,Clear,Daylight,Dry,No Controls,Unincorporated,2014,0,1,2444,-88.1233087263167,39.982139952418,0.0038679381684409648,0.0025314920261683108
A-Injury,Angle,Clear,Daylight,Dry,Traffic Signal,Savoy,2014,0,2,2445,-88.2514198857516,40.0544907150559,0.0024110720539398355,0.004322391363003629
A-Injury,Overturned,Clear,Daylight,Dry,Other,Unincorporated,2000,0,1,295,-88.4077944624347,40.1132348838806,0.0006327974450459418,0.005776486512181742
A-Injury,Rear end,Clear,Daylight,Dry,No Controls,Tolono,2014,0,3,2447,-88.2489090814714,39.9812040829735,0.0024396246460177727,0.002508326438047075
A-Injury,Fixed object,Snow,Darkness,Ice,Lane Use Marking,Pesotum,2014,0,1,2448,-88.2797732150876,39.9054709416765,0.0020886410891034278,0.0006337030397553131
A-Injury,Fixed object,Rain,Darkness,Wet,Lane Use Marking,Unincorporated,2014,0,2,2449,-88.3036065620698,40.0609448236338,0.0018176108699822112,0.004482149993743578
A-Injury,Rear end,Clear,Darkness,Dry,No Controls,Unincorporated,2014,0,2,2450,-88.142648531612,40.0257500160354,0.0036480080146584454,0.003610972478954033
A-Injury,Angle,Clear,Daylight,Dry,Stop Sign/Flasher,Unincorporated,2014,0,2,2451,-88.1804399980767,40.0109096777426,0.003218247585101987,0.0032436293986882066
A-Injury,Fixed object,Sleet/Hail,Darkness,Ice,Lane Use Marking,Unincorporated,2015,0,2,2452,-88.297681164553,39.9192637414928,0.0018849938434504052,0.0009751163869475529
A-Injury,Fixed object,Clear,Dawn,Dry,Lane Use Marking,Unincorporated,2015,0,1,2453,-87.9568824914302,39.9090419118576,0.005760519136715779,0.000722095309525856
A-Injury,Turning,Clear,Darkness,Dry,Lane Use Marking,Unincorporated,2015,0,1,2454,-88.2583491317776,40.0096189876922,0.0023322734248519723,0.0032116809316499774
A-Injury,Fixed object,Snow,Darkness,Ice,No Controls,Unincorporated,2015,0,1,2456,-88.1606113665321,39.9087738599462,0.003443736617608409,0.0007154602171943112
A-Injury,Overturned,Clear,Darkness,Dry,No Controls,Unincorporated,2015,0,1,2457,-88.29438000061,40.0106899998736,0.0019225343193010117,0.0032381917096359534
A-Injury,Fixed object,Clear,Daylight,Dry,No Controls,Unincorporated,2015,0,1,2458,-88.208859309795,40.0106808701736,0.002895066275819667,0.0032379657220571938
A-Injury,Overturned,Clear,Daylight,Dry,No Controls,Sadorus,2015,0,1,2459,-88.3508747688054,39.9656224200952,0.001280081984988312,0.0021226333409999167
A-Injury,Angle,Clear,Daylight,Dry,Stop Sign/Flasher,Ogden,2015,0,1,2460,-87.9587944133886,40.1166611882077,0.0057387769689995274,0.005861297866250107
A-Injury,Fixed object,Clear,Daylight,Dry,Lane Use Marking,Unincorporated,2015,0,1,2461,-87.9850328889879,40.1198176461514,0.005440395889900742,0.005939429709398818
A-Injury,Fixed object,Clear,Darkness,Dry,Lane Use Marking,Unincorporated,2015,0,1,2462,-87.9477740503853,40.1199715091988,0.0058640993335759145,0.005943238283344806
A-Injury,Overturned,Snow,Daylight,Ice,Lane Use Marking,Unincorporated,2015,0,1,2463,-88.1978666280031,40.2373257632756,0.003020073852683073,0.008848109609343286
A-Injury,Fixed object,Snow,Daylight,Ice,Lane Use Marking,Unincorporated,2015,0,2,2464,-88.1975529085048,40.2372967389875,0.0030236414365574123,0.008847391170775275
A-Injury,Turning,Clear,Daylight,Dry,Lane Use Marking,Unincorporated,2000,0,6,321,-88.4265190137861,40.1106163446657,0.0004198638919235244,0.00571166977808714
A-Injury,Head on,Clear,Darkness,Dry,Lane Use Marking,St. Joseph,2000,0,4,322,-88.0512302448308,40.1204289350598,0.00468760678844781,0.005954560951430798
A-Injury,Head on,Clear,Darkness,Dry,No Controls,Savoy,2000,0,2,323,-88.2512377828237,40.0554081679694,0.0024131429085491574,0.004345101086501426
A-Injury,Head on,Snow,Daylight,Snow or Slush,Lane Use Marking,Urbana,2015,0,2,2465,-88.2030540489858,40.1350660117234,0.002961083067768674,0.00631687269403468
A-Injury,Angle,Clear,Daylight,Dry,Traffic Signal,Urbana,2015,0,1,2467,-88.1836223076393,40.1159452821355,0.003182058708285475,0.005843577034247834
A-Injury,Fixed object,Clear,Darkness,Dry,Lane Use Marking,St. Joseph,2015,0,2,2468,-88.0206524791896,40.1202624233349,0.00503533380002382,0.005950439284611757
A-Injury,Parked Motor Vehicle,Clear,Darkness,Dry,No Controls,Urbana,2015,0,1,2469,-88.1852269301903,40.0812890522068,0.0031638111158709876,0.004985730939284734
A-Injury,Turning,Clear,Daylight,Dry,Traffic Signal,Urbana,2015,0,2,2470,-88.1954902355846,40.1338496993026,0.003047097927748334,0.00628676529739672
A-Injury,Fixed object,Clear,Daylight,Dry,No Controls,Urbana,2015,0,1,2471,-88.1748600757299,40.112889363551,0.003281701852665046,0.0057679338431208
A-Injury,Turning,Clear,Daylight,Dry,Stop Sign/Flasher,Urbana,2015,0,1,2472,-88.2011402525405,40.1237994343313,0.0029828465519453865,0.006037990962256691
A-Injury,Overturned,Clear,Daylight,Dry,Lane Use Marking,Unincorporated,2015,0,1,2473,-88.1823438126097,40.2087265375553,0.0031965976141418518,0.008140192615671404
A-Injury,Overturned,Clear,Daylight,Dry,Lane Use Marking,St. Joseph,2015,0,2,2474,-88.0502063757515,40.1203233553511,0.004699250115804333,0.005951947535574439
A-Injury,Parked Motor Vehicle,Clear,"Darkness, lighted road",Dry,No Controls,Urbana,2015,0,1,2475,-88.2163136027533,40.1006663352,0.0028102968703563594,0.005465377068737187
A-Injury,Angle,Clear,Daylight,Dry,Stop Sign/Flasher,Urbana,2015,0,1,2476,-88.2257587008478,40.1231349263898,0.0027028882462933517,0.0060215423888295965
A-Injury,Angle,Clear,Daylight,Dry,Stop Sign/Flasher,Thomasboro,2015,0,3,2477,-88.1830100010503,40.2387999996248,0.0031890217919475186,0.008884601400222403
A-Injury,Turning,Rain,Daylight,Wet,Stop Sign/Flasher,Urbana,2015,0,2,2478,-88.2195500007415,40.1298999995318,0.0027734929058707445,0.006188998329332733
A-Injury,Turning,Clear,Daylight,Dry,Lane Use Marking,Unincorporated,2015,0,1,2479,-88.1436300012948,40.1133599996458,0.00363684684860869,0.005779583504290133
A-Injury,Angle,Clear,Daylight,Dry,Stop Sign/Flasher,Urbana,2015,0,2,2480,-88.2095910266712,40.0982999818842,0.0028867452714118483,0.00540680269537233
A-Injury,Overturned,Clear,"Darkness, lighted road",Dry,Traffic Signal,Urbana,2015,0,2,2481,-88.2195407540892,40.1273700335189,0.0027735980577910336,0.006126374048820358
A-Injury,Angle,Clear,Daylight,Dry,Traffic Signal,Urbana,2015,0,1,2482,-88.2193800011326,40.1164299996097,0.0027754261228580667,0.005855575251978362
A-Injury,Turning,Clear,Darkness,Dry,Traffic Signal,Unincorporated,2015,0,2,2483,-88.2188497779149,40.0835201472038,0.00278145576338594,0.005040957261784507
A-Injury,Rear end,Clear,Daylight,Dry,No Controls,Urbana,2015,0,2,2484,-88.2050004236337,40.1124951420546,0.002938949107829837,0.005758175673466082
A-Injury,Sideswipe Same Direction,Clear,Daylight,Dry,Lane Use Marking,Unincorporated,2015,0,1,2485,-88.1527042315163,40.1204973915955,0.003533655693496218,0.005956255456919313
A-Injury,Fixed object,Clear,Darkness,Dry,Lane Use Marking,Unincorporated,2015,0,1,2486,-88.1820490188484,40.185733980503,0.0031999499766018967,0.007571057561999687
A-Injury,Rear end,Clear,Daylight,Dry,Other,Urbana,2015,0,1,2487,-88.2205606799246,40.1105400061373,0.0027619995725734767,0.005709780169534237
A-Injury,Turning,Clear,Daylight,Dry,No Controls,Urbana,2015,0,1,2488,-88.1944930833819,40.1393944135853,0.0030584374337017718,0.0064240136797189
A-Injury,Rear end,Clear,Daylight,Dry,No Controls,Urbana,2015,0,1,2489,-88.201712038639,40.1163138963372,0.0029763442628760483,0.005852701346215141
A-Injury,Other non collision,Rain,Darkness,Wet,No Controls,Urbana,2015,0,1,2490,-88.2158532860225,40.1272237968729,0.002815531541949464,0.0061227542512840285
A-Injury,Sideswipe Opposite Direction,Clear,Daylight,Dry,No Controls,Urbana,2015,0,4,2491,-88.2209881227759,40.1164285153406,0.0027571387391480537,0.005855538511846708
A-Injury,Pedestrian,Clear,Daylight,Dry,Stop Sign/Flasher,Urbana,2015,0,2,2492,-88.2191981155866,40.1037001924017,0.0027774945054242117,0.005540474174178505
A-Injury,Angle,Clear,Daylight,Dry,Stop Sign/Flasher,Unincorporated,2015,0,3,2493,-88.1550505300426,40.2390399926133,0.003506973842886516,0.00889054194968276
A-Injury,Overturned,Rain,Daylight,Wet,No Controls,Unincorporated,2015,0,3,2494,-88.162712265129,40.1223582948252,0.003419845428196509,0.006002318417950701
A-Injury,Angle,Clear,Dawn,Dry,Stop Sign/Flasher,Unincorporated,2015,0,3,2495,-88.1820900135871,40.1892909083694,0.0031994837889103333,0.007659102242177911
A-Injury,Turning,Clear,Daylight,Dry,Traffic Signal,Champaign,1999,0,1,393,-88.2457633367735,40.0909263625193,0.0024753977111858757,0.005224283402565754
A-Injury,Rear end,Clear,Daylight,Dry,No Controls,Urbana,2015,0,2,2496,-88.2192196660787,40.1046400039407,0.0027772494355814254,0.005563737341014303
A-Injury,Angle,Clear,"Darkness, lighted road",Dry,No Controls,Urbana,2015,0,2,2497,-88.2181070002561,40.1144378144913,0.0027899025498055443,0.005806262668706145
A-Injury,Angle,Clear,Daylight,Dry,Stop Sign/Flasher,Unincorporated,2015,0,5,2498,-88.1822901050451,40.1892899999213,0.0031972083707013004,0.007659079755350656
A-Injury,Sideswipe Opposite Direction,Clear,Daylight,Dry,No Controls,Urbana,2015,0,2,2499,-88.2015902654928,40.1227854931986,0.002977729053796251,0.006012892864656272
A-Injury,Pedalcyclist,Clear,Daylight,Dry,Other Warning Sign,Urbana,2015,0,1,2500,-88.2238781868021,40.1078989868156,0.0027242732466564844,0.005644406985073496
A-Injury,Turning,Clear,Daylight,Dry,Lane Use Marking,Unincorporated,2015,0,2,2501,-88.0478550880386,40.1862402501934,0.004725988702899115,0.007583589262008584
A-Injury,Overturned,Clear,Daylight,Dry,No Controls,Unincorporated,2015,0,5,2502,-88.119367097756,40.2245888537201,0.003912761937981086,0.008532832727046429
A-Injury,Fixed object,Clear,Daylight,Dry,No Passing,Urbana,2015,0,1,2503,-88.2024936289604,40.1351956759979,0.002967456103096015,0.006320082275450823
A-Injury,Pedestrian,Clear,Daylight,Dry,No Controls,Urbana,2015,0,1,2504,-88.224260894264,40.1273999824244,0.0027199211391938545,0.006127115374454568
A-Injury,Turning,Clear,Daylight,Dry,Other reg. sign,Unincorporated,1999,0,1,460,-88.0966924404351,40.1207217409045,0.004170615664810525,0.005961808778184488
A-Injury,Overturned,Clear,Dawn,Ice,Lane Use Marking,Unincorporated,1999,0,1,461,-88.1614939485197,40.02022741541,0.0034336999916291357,0.0034742714762687776
A-Injury,Pedalcyclist,Clear,Daylight,Dry,Stop Sign/Flasher,Urbana,2015,0,1,2505,-88.2159898117218,40.1055501082369,0.0028139789866064957,0.005586265164095665
A-Injury,Pedestrian,Clear,Daylight,Dry,No Controls,Urbana,2015,0,1,2506,-88.2230394116088,40.1350852322437,0.002733811706554866,0.006317348459815235
A-Injury,Pedalcyclist,Rain,Daylight,Dry,No Controls,Urbana,2015,0,2,2507,-88.2255807766883,40.1105586460607,0.002704911580404701,0.005710241563792509
A-Injury,Pedestrian,Clear,"Darkness, lighted road",Dry,Traffic Signal,Champaign,2015,0,1,2508,-88.2302882304196,40.1041700176493,0.0026513789306576926,0.005552103764436795
A-Injury,Turning,Snow,"Darkness, lighted road",Snow or Slush,Traffic Signal,Champaign,2000,0,1,324,-88.2435184667744,40.1126019034444,0.002500926127660907,0.005760818339489552
A-Injury,Turning,Clear,Daylight,Dry,Traffic Signal,Urbana,2000,0,2,325,-88.1994081291613,40.127391570635,0.003002544069854217,0.006126907157325788
A-Injury,Fixed object,Fog/Smoke/Haze,Darkness,Dry,Stop Sign/Flasher,Unincorporated,2015,0,2,2509,-88.1820501082052,40.1711099998853,0.0031999375885553285,0.007209069985984665
A-Injury,Pedalcyclist,Clear,Daylight,Dry,No Controls,Champaign,2015,0,1,2510,-88.2296420935003,40.1273273049038,0.0026587267291415186,0.006125316386873814
A-Injury,Rear end,Clear,"Darkness, lighted road",Dry,Traffic Signal,Champaign,2015,0,1,2511,-88.2570917373749,40.1126513516726,0.0023465723766836217,0.005762042332103711
A-Injury,Rear end,Rain,Dusk,Wet,No Controls,Champaign,2015,0,1,2512,-88.249648607456,40.0835563879771,0.002431214837282077,0.005041854330101401
A-Injury,Pedestrian,Clear,Daylight,Dry,No Controls,Champaign,2015,0,2,2513,-88.2517106451795,40.1135560700215,0.0024077655694786466,0.005784436836763942
A-Injury,Pedestrian,Clear,Daylight,Dry,No Controls,Champaign,2015,0,1,2514,-88.2424889495578,40.1232922458676,0.0025126336850180317,0.006025436519840684
A-Injury,Turning,Clear,Daylight,Dry,Traffic Signal,Champaign,2015,0,1,2515,-88.2335645376299,40.1163551111492,0.0026141211228567557,0.005853721536974377
A-Injury,Rear end,Clear,Daylight,Dry,Traffic Signal,Champaign,2015,0,3,2516,-88.254570000581,40.130700000165,0.0023752492921134886,0.006208800755060202
A-Injury,Other Object,Clear,Daylight,Dry,No Controls,Champaign,2015,0,1,2517,-88.2435348764971,40.1223352802765,0.0025007395180865273,0.006001748738537616
A-Injury,Turning,Clear,Daylight,Dry,Traffic Signal,Champaign,2015,0,1,2518,-88.2435601642816,40.1271999991724,0.002500451948162675,0.006122165186504478
A-Injury,Angle,Clear,Daylight,Dry,Stop Sign/Flasher,Champaign,2015,0,1,2519,-88.2436139812692,40.1297199662297,0.0024998399472568353,0.006184541962743283
A-Injury,Pedestrian,Clear,Daylight,Dry,Stop Sign/Flasher,Champaign,2015,0,1,2520,-88.2430802527852,40.1153193932154,0.0025059094492901864,0.005828084397942869
A-Injury,Turning,Clear,Daylight,Dry,Stop Sign/Flasher,Champaign,2015,0,2,2521,-88.2321018588619,40.1163500059344,0.002630754546072261,0.005853595167528356
A-Injury,Turning,Clear,Daylight,Dry,Traffic Signal,Champaign,2015,0,3,2522,-88.2467898582353,40.1101777639288,0.002463724221225319,0.005700813583594902
A-Injury,Rear end,Clear,Daylight,Dry,Traffic Signal,Champaign,2015,0,1,2523,-88.2577901424023,40.110160173769,0.0023386301909825956,0.0057003781741483146
A-Injury,Angle,Clear,Daylight,Dry,Traffic Signal,Champaign,2015,0,3,2524,-88.245140001463,40.1102099993335,0.0024824862122645943,0.0057016115069724515
A-Injury,Angle,Clear,Daylight,Dry,Traffic Signal,Champaign,2015,0,1,2525,-88.2579100015375,40.1426299994974,0.002337267165986557,0.006504104178463976
A-Injury,Turning,Clear,Daylight,Dry,Lane Use Marking,Champaign,2015,0,1,2526,-88.2354200009638,40.1163399994054,0.0025930209964526497,0.0058533474757901955
A-Injury,Rear end,Clear,Daylight,Dry,Traffic Signal,Champaign,2015,0,2,2527,-88.2580612490862,40.1319311363886,0.0023355471953799764,0.006239275085475177
A-Injury,Parked Motor Vehicle,Clear,"Darkness, lighted road",Dry,No Controls,Champaign,2015,0,1,2528,-88.2451399094743,40.1091482191929,0.002482487258349997,0.005675329249808493
A-Injury,Sideswipe Same Direction,Clear,"Darkness, lighted road",Dry,Traffic Signal,Champaign,2015,0,1,2529,-88.2579166998228,40.1321427664517,0.0023371909938175754,0.0062445135670866955
A-Injury,Pedestrian,Clear,"Darkness, lighted road",Dry,No Controls,Champaign,2015,0,1,2530,-88.2516999976742,40.1126296959937,0.0024078866517462066,0.005761506288811571
A-Injury,Angle,Snow,Daylight,Wet,Stop Sign/Flasher,Champaign,2015,0,2,2531,-88.2385283876291,40.0945291885092,0.0025576727627513642,0.00531346419957186
A-Injury,Rear end,Clear,Daylight,Dry,Lane Use Marking,Unincorporated,2015,0,2,2532,-88.237376355516,40.1888720240319,0.0025707735461319207,0.007648733592907519
A-Injury,Angle,Clear,Daylight,Dry,Stop Sign/Flasher,Champaign,2015,0,3,2533,-88.2337699522703,40.1183500971209,0.0026117851699988806,0.005903103449803759
A-Injury,Angle,Clear,Daylight,Dry,Traffic Signal,Champaign,2015,0,1,2534,-88.2468597044514,40.1183101993871,0.002462929937683586,0.005902115860697612
A-Injury,Angle,Clear,Daylight,Dry,Traffic Signal,Champaign,2015,0,3,2535,-88.2335642033152,40.1163551138809,0.002614124924647079,0.005853721604592253
A-Injury,Turning,Clear,Daylight,Dry,Traffic Signal,Champaign,2015,0,2,2536,-88.2451800008766,40.0944799992359,0.0024820313433013175,0.005312246616871732
A-Injury,Fixed object,Clear,"Darkness, lighted road",Dry,Stop Sign/Flasher,Champaign,2015,0,1,2537,-88.2576891343561,40.1034099853881,0.0023397788434532407,0.005533290676323576
A-Injury,Pedalcyclist,Clear,Daylight,Dry,Stop Sign/Flasher,Champaign,2015,0,1,2538,-88.2575500004971,40.0896899994802,0.0023413610585033755,0.005193679692721121
A-Injury,Other non collision,Cloudy/Overcast,"Darkness, lighted road",Wet,No Controls,Savoy,2015,0,1,2539,-88.2483264439016,40.0744225889692,0.002446250336833542,0.004815765288470977
A-Injury,Turning,Clear,Daylight,Dry,Traffic Signal,Champaign,2015,0,2,2540,-88.2579093109588,40.1182702476831,0.002337275019172138,0.005901126935666319
A-Injury,Rear end,Clear,Daylight,Dry,Traffic Signal,Champaign,2015,0,1,2541,-88.243560001211,40.1272000001441,0.002500453802583837,0.006122165210557047
A-Injury,Pedestrian,Rain,Darkness,Wet,Stop Sign/Flasher,Champaign,2015,0,1,2543,-88.2385300018245,40.0945335614308,0.0025576544062975814,0.005313572442555224
A-Injury,Angle,Clear,Darkness,Dry,Other Warning Sign,Mahomet,1999,0,1,394,-88.3589311799491,40.1852056871092,0.001188465357275977,0.007557980708983714
A-Injury,Turning,Clear,Daylight,Dry,Traffic Signal,Savoy,2015,0,2,2544,-88.2539887359239,40.0394298596487,0.002381859370316056,0.003949589819833741
A-Injury,Turning,Clear,Daylight,Dry,No Controls,Savoy,2015,0,1,2545,-88.2383880208816,40.0681140736727,0.0025592689980749694,0.004659610530055309
A-Injury,Rear end,Clear,Darkness,Dry,Traffic Signal,Champaign,2015,0,1,2546,-88.2337355444519,40.0834729027846,0.002612176451952049,0.005039787820082313
A-Injury,Turning,Clear,Daylight,Dry,Traffic Signal,Savoy,2015,0,4,2547,-88.2514191978727,40.0544899994613,0.00241107987642351,0.0043223736498816225
A-Injury,Turning,Rain,Daylight,Wet,Traffic Signal,Champaign,1999,0,1,462,-88.2444172147139,40.099341526201,0.0024907056642421597,0.005432584054935527
A-Injury,Turning,Rain,Daylight,Wet,Lane Use Marking,Unincorporated,1999,0,3,463,-88.096863792472,40.31239607198,0.004168667068159672,0.010706325904140277
A-Injury,Pedalcyclist,Clear,"Darkness, lighted road",Dry,No Controls,Champaign,2015,0,1,2548,-88.2499931481112,40.1126099997837,0.0024272967585772104,0.005761018748278003
A-Injury,Fixed object,Clear,Daylight,Dry,No Controls,Champaign,2015,0,1,2550,-88.2986620601606,40.1218080021233,0.0018738392057211495,0.005988697015784952
A-Injury,Head on,Clear,Daylight,Dry,No Controls,Champaign,2015,0,1,2551,-88.2743242914501,40.1396823660108,0.002150605653650314,0.006431141369726163
A-Injury,Turning,Clear,Daylight,Dry,No Controls,Champaign,2015,0,1,2552,-88.2769992178709,40.1290848053608,0.00212018668251283,0.0061688198177730184
A-Injury,Fixed object,Clear,Daylight,Ice,Lane Use Marking,Champaign,2015,0,1,2553,-88.3048837634271,40.1202963703107,0.001803086675625932,0.005951279574530297
A-Injury,Fixed object,Clear,Darkness,Snow or Slush,Lane Use Marking,Mahomet,2015,0,1,2554,-88.363689838971,40.1866147511622,0.0011343504065561884,0.007592859289195866
A-Injury,Turning,Clear,Daylight,Dry,No Controls,Champaign,2000,0,2,326,-88.2578626440464,40.1202396340934,0.0023378057102035744,0.005949875182230548
A-Injury,Turning,Clear,Daylight,Wet,Stop Sign/Flasher,Champaign,2015,0,1,2555,-88.2767310996898,40.1119103208639,0.002123235693187973,0.005743699587183031
A-Injury,Angle,Clear,Darkness,Dry,Traffic Signal,Champaign,2015,0,1,2556,-88.2767700008154,40.1128499995107,0.0021227933138358427,0.005766959464536611
A-Injury,Angle,Clear,Daylight,Dry,Traffic Signal,Champaign,2015,0,1,2557,-88.2828299064023,40.112889999384,0.002053880729283762,0.005767949581903139
A-Injury,Fixed object,Clear,"Darkness, lighted road",Snow or Slush,Stop Sign/Flasher,Champaign,2015,0,1,2558,-88.262530001265,40.1144399993985,0.0022847290336200873,0.005806316751741416
A-Injury,Fixed object,Clear,Daylight,Dry,No Controls,Champaign,2015,0,1,2559,-88.2745457147161,40.0939088685836,0.0021480876524502808,0.005298109412657637
A-Injury,Turning,Clear,Daylight,Wet,No Controls,Champaign,2015,0,1,2560,-88.2603894016005,40.1332297370957,0.0023090716992370287,0.006271419365097906
A-Injury,Turning,Clear,Daylight,Dry,Traffic Signal,Unincorporated,2015,0,2,2561,-88.2951181050268,40.0693327787508,0.0019141406764791177,0.004689777152169328
A-Injury,Fixed object,Clear,Daylight,Dry,Other,Champaign,2015,0,1,2562,-88.2699199732569,40.1379200512508,0.0022006910791624247,0.006387518770324192
A-Injury,Angle,Clear,Daylight,Dry,Stop Sign/Flasher,Champaign,2015,0,2,2563,-88.2624899810063,40.1101900922243,0.002285184139631644,0.005701118746048283
A-Injury,Angle,Clear,Daylight,Dry,Stop Sign/Flasher,Champaign,2015,0,1,2565,-88.2619706642525,40.1490691143873,0.002291089753042953,0.006663491670256484
A-Injury,Overturned,Clear,"Darkness, lighted road",Dry,No Controls,Champaign,2015,0,2,2566,-88.2719038925063,40.1571002091819,0.0021781301661154833,0.006862285460636935
A-Injury,Rear end,Clear,Daylight,Dry,Lane Use Marking,Champaign,2015,0,1,2567,-88.2826251066804,40.1184869743088,0.0020562096893557077,0.0059064915725560024
A-Injury,Turning,Clear,Daylight,Dry,No Controls,Champaign,2015,0,1,2568,-88.260320174291,40.1272000029554,0.00230985894464069,0.006122165280145139
A-Injury,Overturned,Clear,Dusk,Dry,No Controls,Champaign,2015,0,1,2569,-88.3146500009903,40.1277899994372,0.0016920260885954874,0.0061367694704738416
A-Injury,Pedestrian,Clear,Darkness,Dry,No Controls,Champaign,2015,0,1,2570,-88.278639788053,40.0950739496802,0.0021015302975631407,0.005326948679683835
A-Injury,Angle,Clear,Daylight,Dry,Stop Sign/Flasher,Champaign,2015,0,2,2571,-88.2954813442782,40.1175599955687,0.0019100099593803532,0.005883546056152518
A-Injury,Fixed object,Clear,Daylight,Dry,Traffic Signal,Champaign,2015,0,1,2572,-88.277384786419,40.143320426968,0.0021158020390903637,0.0065211943383206425
A-Injury,Turning,Clear,Daylight,Dry,Lane Use Marking,Unincorporated,2015,0,1,2573,-88.4634402170894,40.203708419126,0.0,0.00801597906712639
A-Injury,Angle,Clear,Daylight,Dry,Stop Sign/Flasher,Unincorporated,2015,0,1,2574,-88.3038715027087,40.0253791193407,0.0018145979939699279,0.003601791668408814
A-Injury,Rear end,Clear,Daylight,Dry,Lane Use Marking,Unincorporated,2015,0,2,2575,-88.3255037189923,40.1740054047281,0.0015685987927751437,0.007280739978446051
A-Injury,Rear end,Rain,Daylight,Wet,No Controls,Mahomet,2015,0,1,2576,-88.3653100017587,40.1931987843637,0.0011159260922670138,0.007755833945776603
A-Injury,Parked Motor Vehicle,Clear,Darkness,Dry,No Controls,Champaign,2015,0,1,2577,-88.2951454753953,40.0999299996801,0.0019138294236375664,0.005447150546359214
A-Injury,Fixed object,Clear,Darkness,Dry,No Controls,Unincorporated,2015,0,1,2578,-88.3463899507965,40.2414095800124,0.0013310828456133913,0.008949196376352227
A-Injury,Parked Motor Vehicle,Rain,"Darkness, lighted road",Wet,No Controls,Champaign,2015,0,1,2579,-88.2873137237551,40.0943829395117,0.0020028912480103945,0.0053098440962988875
A-Injury,Other non collision,Rain,Daylight,Wet,Lane Use Marking,Unincorporated,2015,0,1,2580,-88.3044471735884,40.0841955610712,0.0018080515275930998,0.0050576757897323995
A-Injury,Rear end,Clear,Daylight,Dry,Lane Use Marking,Mahomet,2015,0,1,2581,-88.3570585847822,40.1807342972598,0.0012097603050141015,0.007447300339847699
A-Injury,Rear end,Clear,Daylight,Dry,Traffic Signal,Champaign,2015,0,1,2582,-88.2767716147203,40.1128499994753,0.0021227749606855745,0.0057669594636603734
A-Injury,Turning,Rain,Daylight,Wet,Traffic Signal,Champaign,2015,0,1,2583,-88.2768100005602,40.1164599996991,0.0021223384411062163,0.005856317844568374
A-Injury,Fixed object,Fog/Smoke/Haze,Daylight,Wet,Lane Use Marking,Champaign,2015,0,1,2584,-88.305309295943,40.1207995252054,0.0017982475663260473,0.005963734173962186
A-Injury,Overturned,Clear,Darkness,Dry,No Controls,Unincorporated,2015,0,1,2585,-88.3360220300212,40.2234515430472,0.0014489857084241389,0.008504680861667061
A-Injury,Fixed object,Cloudy/Overcast,Daylight,Dry,No Controls,Unincorporated,2015,0,1,2586,-88.3445905140936,40.1277804758135,0.0013515458432884044,0.006136533732096811
A-Injury,Pedestrian,Clear,Daylight,Dry,No Controls,Champaign,2015,0,1,2587,-88.2771801939068,40.1369617840347,0.0021181286427962897,0.0063637987698811896
A-Injury,Pedestrian,Clear,Daylight,Dry,No Controls,Champaign,2015,0,1,2588,-88.2772405791414,40.1274145304489,0.002117441948502836,0.006127475481887907
A-Injury,Overturned,Clear,Darkness,Dry,Lane Use Marking,Unincorporated,2015,0,1,2589,-88.3753395730153,40.3757036054301,0.0010018709032330554,0.01227337807524039