crash_severity,collision_type,weather,light,road_surface,traffic_control,city,year,fatality,injury,id,x,y,norm_x,norm_y
A-Injury,Overturned,Clear,Dawn,Dry,Lane Use Marking,Unincorporated,2015,0,3,2591,-88.3849989989051,40.2803168191383,0.0008920249668878602,0.009912267755397604
A-Injury,Pedalcyclist,Clear,Daylight,Dry,No Controls,Unincorporated,2015,0,1,2592,-88.1364879739463,40.3274306821372,0.003718065203658757,0.011078477798307127
A-Injury,Pedestrian,Clear,"Darkness, lighted road",Dry,Traffic Signal,Urbana,2003,0,1,31,-88.2019300852411,40.1220186704026,0.002973864660729107,0.005993911690350045
A-Injury,Rear end,Clear,Daylight,Dry,No Controls,Unincorporated,2015,0,1,2593,-88.2896894279539,40.2969593225812,0.0019758749993044025,0.010324219852272425
A-Injury,Overturned,Clear,Daylight,Dry,No Controls,Unincorporated,2015,0,1,2594,-88.1940461702663,40.3571708656686,0.003063519680846435,0.011814636935016085
A-Injury,Head on,Fog/Smoke/Haze,Darkness,Wet,Yield,Mahomet,1999,0,3,464,-88.3402676750804,40.1726413947316,0.0014007046964636613,0.007246976621860651
A-Injury,Turning,Clear,Darkness,Dry,Lane Use Marking,Philo,1999,0,3,465,-88.1613868168925,39.9982715148381,0.003434918280794203,0.002930796793484497
A-Injury,Rear end,Unknown,Daylight,Dry,No Controls,Champaign,1999,0,4,466,-88.2304267451287,40.1127185850452,0.0026498037565126182,0.005763706560620559
A-Injury,Rear end,Clear,Daylight,Dry,Traffic Signal,Rantoul,2015,0,1,2595,-88.1751627421631,40.3081845183219,0.0032782599630398904,0.010602077263513256
A-Injury,Fixed object,Rain,"Darkness, lighted road",Wet,No Controls,Rantoul,2015,0,2,2596,-88.1558500005596,40.3163158308489,0.00349788235147476,0.010803351744683342
A-Injury,Fixed object,Clear,Darkness,Dry,No Controls,Unincorporated,2015,0,2,2597,-88.3092500148309,40.3547103891263,0.0017534341414857384,0.01175373272824288
A-Injury,Fixed object,Clear,Daylight,Ice,Lane Use Marking,Unincorporated,2015,0,1,2598,-88.1055570004544,40.3123090010937,0.004069808856340202,0.01070417063739757
A-Injury,Other Object,Clear,Darkness,Dry,RR Crossing Gate,Rantoul,2015,0,1,2599,-88.1707236060446,40.2827251287418,0.0033287413341961257,0.00997188067327925
A-Injury,Angle,Clear,Daylight,Dry,No Controls,Unincorporated,2015,0,5,2600,-88.0019000014317,40.2837099994216,0.005248584929191076,0.009996259189593609
A-Injury,Angle,Clear,Daylight,Dry,Stop Sign/Flasher,Champaign,2000,0,1,327,-88.3145129624667,40.1132597945671,0.0016935844757203957,0.005777103126717701
A-Injury,Rear end,Clear,Daylight,Dry,Other,Mahomet,1999,0,1,467,-88.3888534952148,40.1876453895257,0.0008481920557906491,0.007618370693559893
A-Injury,Turning,Clear,Daylight,Dry,Traffic Signal,Urbana,2001,0,4,261,-88.2195613721625,40.1341663829274,0.0027733635913130134,0.0062946041711411695
A-Injury,Fixed object,Rain,Daylight,Wet,No Controls,Champaign,2003,0,1,32,-88.2906447656786,40.1129732579896,0.0019650110030283116,0.005770010483213879
A-Injury,Turning,Rain,Dawn,Dry,No Controls,Unincorporated,2000,0,2,328,-87.958502434789,40.0762224458529,0.005742097317748233,0.004860317168532689
A-Injury,Rear end,Clear,Daylight,Wet,Traffic Signal,Savoy,2004,0,2,469,-88.2519127109396,40.0510767028603,0.0024054676997216436,0.004237884276220792
A-Injury,Rear end,Clear,Dawn,Dry,No Controls,Unincorporated,2003,0,1,33,-88.1770750715549,40.3262745832272,0.003256513162035459,0.011049860867458893
A-Injury,Angle,Clear,Daylight,Dry,Stop Sign/Flasher,Champaign,2000,0,2,329,-88.3145129624667,40.1132597945671,0.0016935844757203957,0.005777103126717701
A-Injury,Turning,Clear,Daylight,Dry,Traffic Signal,Champaign,2000,0,3,330,-88.2578328618776,40.1163193710851,0.002338144389774701,0.005852836862718568
A-Injury,Pedalcyclist,Clear,Daylight,Dry,Stop Sign/Flasher,Urbana,2012,0,2,2711,-88.2159897681505,40.1074605183598,0.0028139794820946154,0.005633553569876738
A-Injury,Rear end,Severe cross wind,Darkness,Ice,Traffic Signal,Savoy,2004,0,1,470,-88.2491725096057,40.0689961100169,0.002436628970042582,0.004681443586768032
A-Injury,Rear end,Clear,Daylight,Dry,No Controls,Urbana,2003,0,1,34,-88.2149462555,40.1164701708931,0.002825846193997533,0.005856569612261258
A-Injury,Angle,Clear,Daylight,Dry,Traffic Signal,Urbana,2000,0,1,331,-88.1627749750589,40.1133433836615,0.0034191322977221144,0.0057791722086219235
A-Injury,Angle,Snow,Daylight,Snow or Slush,No Controls,St. Joseph,2000,0,1,332,-88.0201667906035,40.1201835625498,0.005040856997584472,0.005948487242607051
A-Injury,Rear end,Rain,"Darkness, lighted road",Wet,Stop Sign/Flasher,Savoy,2004,0,1,471,-88.248757886681,40.0716765570111,0.002441344016662617,0.0047477927249017825
A-Injury,Turning,Clear,Daylight,Dry,Traffic Signal,Urbana,2003,0,3,35,-88.2050046678331,40.1163119581311,0.002938900843257887,0.005852653369775089
A-Injury,Overturned,Clear,Daylight,Dry,Lane Use Marking,Unincorporated,2000,0,3,333,-88.1055512266676,40.120671268753,0.004069874515213113,0.005960559440384106
A-Injury,Fixed object,Clear,Daylight,Dry,Lane Use Marking,Unincorporated,2000,0,2,334,-88.2501840298419,40.1764650737197,0.002425126072381218,0.0073416241959066725
A-Injury,Pedalcyclist,Clear,Dusk,Dry,No Controls,Champaign,2010,0,1,2803,-88.2299337896495,40.125154549452,0.002655409592388088,0.00607153414386951
A-Injury,Turning,Clear,Darkness,Wet,Traffic Signal,Champaign,2004,0,1,472,-88.2446384669096,40.0980915312516,0.0024881896084348676,0.005401642914243764
A-Injury,Rear end,Clear,Daylight,Wet,Traffic Signal,Champaign,2004,0,1,473,-88.2446384669096,40.0980915312516,0.0024881896084348676,0.005401642914243764
A-Injury,Rear end,Clear,Daylight,Dry,No Controls,Champaign,2004,0,1,474,-88.2443059601382,40.1000311461071,0.002491970839127274,0.0054496542251378744
A-Injury,Angle,Clear,Daylight,Dry,No Controls,Champaign,2003,0,2,36,-88.2816950349486,40.112897959128,0.0020667863635197184,0.0057681466095463145
A-Injury,Turning,Clear,Dusk,Wet,Yield,Unincorporated,2000,0,1,335,-88.2584031962917,40.0102661808612,0.00233165860910196,0.003227700912295794
A-Injury,Rear end,Clear,Daylight,Dry,No Controls,Champaign,2004,0,3,475,-88.2435184667744,40.1126019034444,0.002500926127660907,0.005760818339489552
A-Injury,Turning,Rain,Daylight,Wet,Traffic Signal,Champaign,2004,0,3,476,-88.2435184667744,40.1126019034444,0.002500926127660907,0.005760818339489552
A-Injury,Overturned,Rain,Darkness,Wet,Lane Use Marking,Champaign,2003,0,1,37,-88.2701755726744,40.1376598859336,0.0021977844304997777,0.006381078894957926
A-Injury,Fixed object,Clear,Daylight,Dry,Lane Use Marking,Unincorporated,2000,0,2,337,-88.1760798495346,40.3275406938434,0.003267830718165356,0.011081200919453383
A-Injury,Angle,Snow,Darkness,Ice,Stop Sign/Flasher,Unincorporated,2000,0,3,338,-88.0465327470314,40.1862478496605,0.0047410262204244935,0.007583777371713129
A-Injury,Fixed object,Clear,"Darkness, lighted road",Dry,No Controls,Champaign,2004,0,1,477,-88.2415409932109,40.1126177620677,0.002523413741071729,0.0057612108881913955
A-Injury,Rear end,Clear,"Darkness, lighted road",Dry,Traffic Signal,Champaign,2004,0,1,478,-88.2387337511384,40.1126458498797,0.002555337391350727,0.005761906146154773
A-Injury,Sideswipe Same Direction,Clear,Daylight,Dry,No Controls,Champaign,2000,0,2,341,-88.2830888930562,40.1467983980933,0.002050935561338635,0.006607284601294163
A-Injury,Angle,Clear,Daylight,Dry,Traffic Signal,Champaign,2004,0,1,479,-88.2387337511384,40.1126458498797,0.002555337391350727,0.005761906146154773
A-Injury,Rear end,Clear,Daylight,Dry,No Controls,Champaign,2004,0,2,480,-88.2304267451287,40.1127185850452,0.0026498037565126182,0.005763706560620559
A-Injury,Rear end,Clear,Daylight,Dry,No Controls,Champaign,2000,0,1,342,-88.2452229073556,40.0944696690598,0.002481543415507854,0.005311990913892832
A-Injury,Turning,Rain,"Darkness, lighted road",Wet,Traffic Signal,Urbana,2000,0,1,343,-88.2050046678331,40.1163119581311,0.002938900843257887,0.005852653369775089
A-Injury,Angle,Clear,"Darkness, lighted road",Dry,Traffic Signal,Champaign,2004,0,1,481,-88.2289391994858,40.1127293825505,0.0026667199631138037,0.0057639738314048715
A-Injury,Rear end,Clear,Daylight,Dry,No Controls,Urbana,2004,0,1,482,-88.2271150592042,40.1164072406053,0.0026874638871878663,0.0058550118980563795
A-Injury,Rear end,Clear,Daylight,Dry,Traffic Signal,Champaign,2003,0,2,38,-88.2579447238729,40.1380089461832,0.002336872307380301,0.0063897191877029785
A-Injury,Rear end,Clear,"Darkness, lighted road",Dry,Traffic Signal,Urbana,2004,0,3,483,-88.2193700773236,40.1164391840334,0.0027755389753303028,0.005855802594133715
A-Injury,Rear end,Clear,"Darkness, lighted road",Dry,Traffic Signal,Urbana,2004,0,5,484,-88.2191501550909,40.1164406306891,0.002778039906943618,0.005855838403220309
A-Injury,Pedestrian,Clear,"Darkness, lighted road",Dry,No Controls,Urbana,2003,0,1,39,-88.201552478683,40.1228664670112,0.0029781587612707078,0.006014897210457209
A-Injury,Turning,Clear,Daylight,Dry,Traffic Signal,Urbana,2004,0,2,485,-88.2050046678331,40.1163119581311,0.002938900843257887,0.005852653369775089
A-Injury,Fixed object,Clear,"Darkness, lighted road",Dry,Traffic Signal,Urbana,2004,0,2,486,-88.1994081291613,40.127391570635,0.003002544069854217,0.006126907157325788
A-Injury,Angle,Clear,Daylight,Dry,Stop Sign/Flasher,Urbana,2000,0,3,344,-88.1907147565022,40.1419727195052,0.0031014041543592046,0.006487834518556663
A-Injury,Pedalcyclist,Clear,Daylight,Dry,Stop Sign/Flasher,Champaign,2000,0,1,345,-88.2484692855978,40.1126263889481,0.0024446259566635892,0.005761424429470382
A-Injury,Turning,Clear,"Darkness, lighted road",Dry,Traffic Signal,Champaign,2003,0,2,40,-88.2446384669096,40.0980915312516,0.0024881896084348676,0.005401642914243764
A-Injury,Parked Motor Vehicle,Snow,Daylight,Snow or Slush,No Controls,Unincorporated,2000,0,1,346,-88.1621378109447,40.1203205383604,0.0034263780584461753,0.005951877806568387
A-Injury,Rear end,Clear,Daylight,Dry,Lane Use Marking,Urbana,2000,0,1,347,-88.2038383265606,40.118433439079,0.0029521643488364495,0.005905166414339891
A-Injury,Overturned,Snow,Daylight,Snow or Slush,No Controls,Urbana,2000,0,1,348,-88.189799989904,40.1435722274013,0.003111806780215323,0.006527427157610515
A-Injury,Pedestrian,Snow,"Darkness, lighted road",Snow or Slush,No Controls,Unincorporated,2000,0,1,349,-88.18077378993,40.1145126750446,0.0032144517405984668,0.005808115692922723
A-Injury,Pedalcyclist,Clear,Daylight,Dry,Traffic Signal,Urbana,2004,0,1,487,-88.1994081291613,40.127391570635,0.003002544069854217,0.006126907157325788
A-Injury,Rear end,Clear,Daylight,Snow or Slush,No Controls,Urbana,2004,0,1,488,-88.1945929381125,40.1355032178927,0.0030573018966101135,0.00632769486383777
A-Injury,Rear end,Clear,"Darkness, lighted road",Dry,No Controls,Champaign,2000,0,2,350,-88.2579156342044,40.1232022949806,0.002337203111913715,0.006023209964404275
A-Injury,Angle,Rain,Daylight,Wet,Traffic Signal,Champaign,2000,0,2,351,-88.2467999536647,40.1126179344272,0.0024636094171046397,0.005761215154608243
A-Injury,Rear end,Clear,Daylight,Dry,Lane Use Marking,Unincorporated,2004,0,1,489,-88.1818386511653,40.159502164173,0.003202342254920668,0.00692174108271792
A-Injury,Rear end,Clear,Daylight,Dry,No Controls,Unincorporated,2004,0,1,490,-88.1819688009922,40.1711221762088,0.0032008622053023724,0.007209371386673146
A-Injury,Overturned,Clear,Darkness,Dry,No Controls,Unincorporated,2000,0,1,352,-88.1771759607068,40.2667010134229,0.0032553658616177156,0.009575235545409405
A-Injury,Angle,Snow,Daylight,Ice,No Controls,Champaign,2000,0,1,353,-88.2690859604027,40.1590590593922,0.00221017538226061,0.006910772904510117
A-Injury,Turning,Clear,Daylight,Dry,Stop Sign/Flasher,Unincorporated,2004,0,1,491,-88.1822013661942,40.1892946028907,0.003198217499222764,0.007659193692710003
A-Injury,Fixed object,Clear,"Darkness, lighted road",Dry,No Controls,Rantoul,2004,0,1,492,-88.1687857512704,40.2870567795549,0.003350778407061645,0.010079102080293412
A-Injury,Sideswipe Same Direction,Clear,Daylight,Dry,No Controls,Rantoul,2004,0,2,493,-88.1681801082118,40.3083376863135,0.003357665713783849,0.010605868632734213
A-Injury,Fixed object,Clear,Daylight,Dry,No Controls,Unincorporated,2004,0,2,494,-88.0613664956469,40.3126186065272,0.004572338451113408,0.010711834304583933
A-Injury,Pedestrian,Clear,Daylight,Wet,No Controls,Unincorporated,2010,0,2,3447,-88.2734519647289,40.143943179759,0.002160525657859832,0.006536609345982529
A-Injury,Pedestrian,Clear,"Darkness, lighted road",Wet,No Controls,Champaign,2010,0,1,3450,-88.2337636039307,40.1214450558028,0.0026118573626234876,0.005979713000952328
A-Injury,Pedestrian,Clear,Daylight,Dry,No Controls,Champaign,2010,0,1,3453,-88.2354879465929,40.1079628421227,0.0025922483261786606,0.00564598759629274
A-Injury,Pedestrian,Rain,Daylight,Wet,No Controls,Champaign,2010,0,1,3455,-88.2539429206728,40.1126495235437,0.00238238037634822,0.005761997080406035
A-Injury,Pedestrian,Clear,Darkness,Dry,No Controls,Unincorporated,2010,0,1,3459,-88.2283150119767,40.0835001766927,0.0026738181553017304,0.005040462931472339
A-Injury,Pedestrian,Clear,Daylight,Dry,No Controls,Champaign,2010,0,1,3464,-88.2511423237451,40.1288032649433,0.002414228458766158,0.006161850844280496
A-Injury,Pedestrian,Clear,"Darkness, lighted road",Dry,No Controls,Urbana,2010,0,1,3467,-88.2222074647494,40.1164201568227,0.002743272515385734,0.005855331613348017
A-Injury,Pedestrian,Clear,"Darkness, lighted road",Dry,No Controls,Champaign,2010,0,1,3470,-88.2764162169815,40.1128462301025,0.002126816504959416,0.005766866160328004
A-Injury,Pedestrian,Clear,Daylight,Dry,No Controls,Champaign,2010,0,1,3471,-88.2859157243488,40.0983813394834,0.002018789144588072,0.005408816541047775
A-Injury,Head on,Snow,Daylight,Ice,Lane Use Marking,Unincorporated,2004,0,2,495,-88.0604008497035,40.3126260686799,0.004583319671326728,0.010712019015343369
A-Injury,Overturned,Clear,Daylight,Ice,Lane Use Marking,Unincorporated,2004,0,1,496,-88.0503116539144,40.3126933506721,0.004698052904032847,0.010713684447341894
A-Injury,Pedestrian,Clear,Daylight,Dry,Traffic Signal,Champaign,2010,0,1,3478,-88.2445883723397,40.0980934446604,0.002488759278413112,0.0054016902768758875
A-Injury,Rear end,Clear,Darkness,Dry,No Controls,Unincorporated,2002,0,2,43,-88.0650363070632,40.3126095141166,0.004530605756455097,0.010711609240030073
A-Injury,Pedestrian,Clear,Daylight,Snow or Slush,Traffic Signal,Champaign,2010,0,1,3485,-88.2860601406215,40.112910943994,0.0020171468585061018,0.005768468024097691
A-Injury,Pedestrian,Snow,Darkness,Snow or Slush,No Controls,Unincorporated,2010,0,1,3486,-88.1715224575134,40.1077304067223,0.003319656882532828,0.005640234119905388
A-Injury,Pedestrian,Clear,Darkness,Dry,No Controls,Champaign,2010,0,1,3487,-88.26845498276,40.1273118204988,0.0022173507911064324,0.006124933101202141
A-Injury,Pedestrian,Clear,Darkness,Dry,Other,Champaign,2011,0,1,3492,-88.2435091115853,40.1163595649879,0.002501032513849782,0.005853831782899836
A-Injury,Pedestrian,Rain,"Darkness, lighted road",Wet,Traffic Signal,Urbana,2011,0,1,3493,-88.1906998147208,40.0984098714558,0.0031015740706655604,0.0054095227933190935
A-Injury,Pedestrian,Clear,Daylight,Dry,No Controls,Urbana,2011,0,1,3498,-88.2035990490459,40.105640562549,0.0029548853866028547,0.005588504180819874
A-Injury,Pedestrian,Rain,Darkness,Wet,No Controls,Urbana,2011,0,1,3500,-88.1956617695502,40.1056896247093,0.003045147262224197,0.005589718617090378
A-Injury,Pedestrian,Clear,Daylight,Dry,No Controls,Champaign,2011,0,1,3501,-88.235392504874,40.1126505144051,0.002593333678983095,0.005762021607210591
A-Injury,Pedestrian,Clear,Daylight,Dry,No Controls,Champaign,2011,0,1,3502,-88.235601661912,40.1163411416249,0.002590955167988299,0.005853375749163907
A-Injury,Pedestrian,Clear,"Darkness, lighted road",Dry,No Controls,Champaign,2011,0,1,3505,-88.2452174378777,40.1212965769275,0.002481605613813208,0.005976037701485957
A-Injury,Pedestrian,Clear,Darkness,Dry,Stop Sign/Flasher,Champaign,2011,0,1,3506,-88.2320800272746,40.1126803308579,0.002631002812498768,0.00576275965424151
A-Injury,Pedestrian,Clear,"Darkness, lighted road",Dry,Traffic Signal,Champaign,2011,0,2,3510,-88.2335492036491,40.1126691988351,0.0026142954992118173,0.005762484103141274
A-Injury,Pedestrian,Clear,Darkness,Dry,School Zone,Urbana,2011,0,1,3512,-88.2049991586243,40.1036900070834,0.0029389634933786103,0.005540222056866559
A-Injury,Pedestrian,Rain,Darkness,Wet,No Controls,Urbana,2011,0,2,3514,-88.2074239992347,40.1129908430836,0.0029113884707658764,0.00577044576726665
A-Injury,Pedestrian,Rain,Darkness,Wet,Traffic Signal,Champaign,2011,0,1,3516,-88.2579100794734,40.1182694965733,0.002337266279707918,0.005901108343435953
A-Injury,Pedestrian,Rain,"Darkness, lighted road",Wet,Traffic Signal,Champaign,2011,0,1,3518,-88.2468109054203,40.1126098810458,0.0024634848749359797,0.00576101580915724
A-Injury,Pedestrian,Clear,Daylight,Snow or Slush,No Controls,Champaign,2011,0,1,3520,-88.2484902741488,40.1126102822963,0.0024443872771537033,0.005761025741315985
A-Injury,Pedestrian,Rain,"Darkness, lighted road",Wet,No Controls,Champaign,2011,0,1,3523,-88.2335713617701,40.1101435427583,0.002614043519479637,0.005699966506531402
A-Injury,Rear end,Clear,Daylight,Dry,No Controls,Urbana,2003,0,1,44,-88.1887775078619,40.1452964781826,0.0031234343343362627,0.006570107558869369
A-Injury,Pedestrian,Clear,Daylight,Dry,No Controls,Urbana,2011,0,1,3526,-88.2194715180836,40.1211951643367,0.0027743854020856914,0.005973527434351358
A-Injury,Pedestrian,Rain,Darkness,Wet,Stop Sign/Flasher,Champaign,2011,0,1,3532,-88.2335494232931,40.1144290680257,0.002614293001444308,0.005806046167333145
A-Injury,Pedestrian,Other,Dusk,Dry,No Controls,Rantoul,2011,0,1,3535,-88.1412232019493,40.3215817900836,0.0036642167079271085,0.010933700099799139
A-Injury,Pedestrian,Clear,Daylight,Dry,Traffic Signal,Urbana,2012,0,1,3537,-88.2126408536794,40.1164908841194,0.002852062971736064,0.005857082327012138
A-Injury,Pedestrian,Rain,"Darkness, lighted road",Wet,Lane Use Marking,Urbana,2012,0,1,3538,-88.2239400191976,40.1113730104384,0.002723570095407341,0.005730399535468046
A-Injury,Pedestrian,Clear,Darkness,Dry,No Controls,Urbana,2012,0,1,3542,-88.1735300120003,40.1058093910238,0.003296827192146197,0.005592683194178292
A-Injury,Pedestrian,Clear,Daylight,Dry,Lane Use Marking,Mahomet,2012,0,1,3543,-88.3888229634812,40.1876164441801,0.0008485392593308796,0.007617654209056545
A-Injury,Pedestrian,Clear,Daylight,Wet,Traffic Signal,Champaign,2012,0,1,3551,-88.2681887109867,40.1273085314534,0.002220378804633734,0.0061248516874201405
A-Injury,Pedestrian,Clear,Daylight,Dry,Traffic Signal,Urbana,2012,0,1,3552,-88.190699842529,40.0984099066275,0.003101573754433765,0.005409523663924675
A-Injury,Pedestrian,Clear,"Darkness, lighted road",Dry,Traffic Signal,Champaign,2012,0,1,3553,-88.2387099288848,40.1102299060727,0.0025556082954170667,0.005702104258738159
A-Injury,Pedestrian,Clear,"Darkness, lighted road",Dry,Traffic Signal,Urbana,2012,0,1,3555,-88.2193802116011,40.1128301566526,0.002775423729433275,0.005766468294020651
A-Injury,Pedestrian,Clear,"Darkness, lighted road",Dry,Other Warning Sign,Urbana,2012,0,1,3557,-88.2279844500816,40.1041933366927,0.002677577269073217,0.00555268098101114
A-Injury,Pedestrian,Rain,Daylight,Wet,Other,Urbana,2012,0,3,3563,-88.2191999584708,40.1037001637469,0.0027774735483463153,0.005540473464885807
A-Injury,Pedalcyclist,Clear,"Darkness, lighted road",Dry,No Controls,Champaign,2000,0,1,354,-88.2579473002304,40.1300628698443,0.0023368430093241386,0.006193029860224917
A-Injury,Fixed object,Clear,Daylight,Dry,No Controls,Unincorporated,2000,0,3,355,-88.3030887947702,39.9371272928748,0.0018234988631696035,0.0014172930988042196
A-Injury,Overturned,Clear,Daylight,Dry,Lane Use Marking,Unincorporated,2000,0,1,356,-88.2580735977242,40.16868743215,0.0023354067680170913,0.007149104136387417
A-Injury,Pedestrian,Clear,"Darkness, lighted road",Dry,No Controls,Champaign,2012,0,1,3566,-88.2467002287022,40.1221500013215,0.002464743478487674,0.005997162526235994
A-Injury,Turning,Clear,Daylight,Dry,No Controls,Champaign,2003,0,1,45,-88.2578328618776,40.1163193710851,0.002338144389774701,0.005852836862718568
A-Injury,Pedestrian,Clear,Daylight,Dry,No Controls,Champaign,2012,0,1,3573,-88.2611211617437,40.1490807114509,0.0023007502028016846,0.006663778732517456
A-Injury,Pedestrian,Clear,Darkness,Dry,No Controls,Champaign,2012,0,1,3578,-88.2759080652741,40.1293906950236,0.0021325951506825,0.006176391508440656
A-Injury,Pedestrian,Clear,Daylight,Dry,Stop Sign/Flasher,Champaign,2012,0,1,3585,-88.2386306632774,40.1026998943827,0.0025565096952480516,0.005515713784743051
A-Injury,Pedestrian,Clear,Daylight,Wet,No Controls,Champaign,2013,0,1,3587,-88.2763309331188,40.0982563461419,0.0021277863437325034,0.00540572257929476
A-Injury,Pedestrian,Rain,Darkness,Wet,Traffic Signal,Champaign,2013,0,1,3588,-88.2426396190591,40.1163709565319,0.002510920287903258,0.005854113757931621
A-Injury,Pedestrian,Rain,"Darkness, lighted road",Wet,Traffic Signal,Champaign,2013,0,1,3593,-88.2420810256713,40.117780249258,0.0025172725509072895,0.00588899799849176
A-Injury,Pedestrian,Clear,Daylight,Dry,No Controls,Urbana,2013,0,1,3594,-88.2094589963622,40.1045189611262,0.002888246705667252,0.005560741166705826
A-Injury,Pedestrian,Clear,Daylight,Snow or Slush,Lane Use Marking,Unincorporated,2013,0,1,3595,-88.138874016939,40.3803089178262,0.0036909313833176083,0.012387373430857801
A-Injury,Pedestrian,Clear,Darkness,Dry,No Controls,Champaign,2013,0,1,3596,-88.2754900015208,40.1100463883892,0.0021373493260296913,0.0056975616432120724
A-Injury,Pedestrian,Clear,Daylight,Dry,No Controls,Champaign,2013,0,1,3605,-88.2574098269763,40.0981499995507,0.0023429550964740855,0.005403090180786225
A-Injury,Angle,Clear,Daylight,Wet,Stop Sign/Flasher,Unincorporated,2000,0,2,357,-88.3065265325992,40.0254024320214,0.0017844052840022297,0.00360236872748724
A-Injury,Pedestrian,Clear,"Darkness, lighted road",Dry,No Passing,Rantoul,2000,0,1,358,-88.1557692938791,40.3075933272871,0.003498800139031612,0.01058744350439912
A-Injury,Pedestrian,Clear,Daylight,Dry,Traffic Signal,Champaign,2013,0,1,3607,-88.2304004486867,40.1091401141153,0.0026501027967793145,0.005675128624720686
A-Injury,Rear end,Clear,Daylight,Dry,No Controls,Unincorporated,2003,0,2,46,-88.3035283944078,40.0397403103942,0.001818499784098006,0.003957274411038705
A-Injury,Pedestrian,Clear,Darkness,Dry,Lane Use Marking,Champaign,2013,0,1,3620,-88.2725709900718,40.1128020697852,0.0021705440054521526,0.005765773059438858
A-Injury,Pedestrian,Clear,Daylight,Dry,Traffic Signal,Urbana,2013,0,1,3624,-88.224020000866,40.1164000001846,0.0027226605526087535,0.005854832675831791
A-Injury,Pedestrian,Clear,Daylight,Dry,Stop Sign/Flasher,Champaign,2014,0,1,3635,-88.2817423097205,40.0983400228863,0.002066248759976374,0.0054077938308003835
A-Injury,Pedestrian,Clear,Daylight,Dry,Lane Use Marking,Champaign,2014,0,1,3638,-88.2364062266332,40.1274013257951,0.002581805745842562,0.006127148626926344
A-Injury,Pedestrian,Clear,Daylight,Dry,No Controls,Champaign,2014,0,1,3639,-88.2810781305,40.1032142712093,0.002073801733539023,0.005528446160796272
A-Injury,Pedestrian,Clear,Daylight,Dry,No Controls,Champaign,2014,0,1,3642,-88.2665041629917,40.1272840491356,0.0022395353004691404,0.006124245676300009
A-Injury,Pedestrian,Clear,"Darkness, lighted road",Wet,Lane Use Marking,Champaign,2014,0,1,3643,-88.2723295936388,40.0982399951714,0.0021732891393261003,0.0054053178435163685
A-Injury,Pedestrian,Clear,Daylight,Dry,No Controls,Champaign,2014,0,1,3644,-88.2591100298971,40.1380791567567,0.0023236205745322236,0.006391457110911296
A-Injury,Pedestrian,Clear,Daylight,Dry,Traffic Signal,Champaign,2014,0,1,3646,-88.2468700014912,40.1271923425195,0.0024628128408714007,0.006121975661279083
A-Injury,Angle,Clear,Darkness,Dry,No Controls,Champaign,2000,0,1,359,-88.2769584873616,40.1277172488567,0.002120649865416521,0.006134968674440434
A-Injury,Pedestrian,Clear,Daylight,Dry,No Controls,Unincorporated,2014,0,1,3650,-88.2747173122704,40.1416162683971,0.002146136263802386,0.00647901127979829
A-Injury,Pedestrian,Rain,"Darkness, lighted road",Wet,Traffic Signal,Unincorporated,2014,0,1,3651,-88.2384395116347,40.0833209774493,0.002558683450853916,0.005036027210348269
A-Injury,Pedestrian,Clear,Daylight,Dry,Traffic Signal,Champaign,2014,0,1,3653,-88.2385191270673,40.0980400081864,0.002557778072848799,0.005400367563163466
A-Injury,Pedestrian,Clear,Daylight,Dry,Other,Urbana,2014,0,1,3658,-88.2192200017682,40.1046400001537,0.002777245618157018,0.005563737247274621
A-Injury,Pedestrian,Clear,Darkness,Wet,No Controls,Urbana,2014,0,1,3659,-88.1673017196158,40.1112616747752,0.0033676546529715894,0.005727643642397685
A-Injury,Turning,Clear,Dawn,Dry,No Controls,Unincorporated,2004,0,2,497,-88.4258329562566,40.195340440625,0.00042766566322701604,0.007808846390127599
A-Injury,Pedalcyclist,Clear,Daylight,Dry,Stop Sign/Flasher,Mahomet,2004,0,1,498,-88.4066175099537,40.1919068426359,0.0006461816201286947,0.00772385449595205
A-Injury,Fixed object,Clear,Darkness,Dry,Stop Sign/Flasher,Unincorporated,2004,0,2,499,-88.3339329642852,40.1694230522497,0.0014727423358340409,0.007167312949960024
A-Injury,Pedestrian,Clear,Daylight,Dry,No Controls,Urbana,2014,0,1,3662,-88.2004125221565,40.1254302061287,0.0029911222223992237,0.006078357477052124
A-Injury,Overturned,Clear,Daylight,Dry,Lane Use Marking,Unincorporated,2003,0,1,47,-88.1064878216408,40.1206652480529,0.004059223659460329,0.005960410409918904
A-Injury,Pedestrian,Clear,Daylight,Dry,Traffic Signal,Urbana,2014,0,1,3666,-88.2128186612493,40.116489818325,0.0028500409634689564,0.005857055945389954
A-Injury,Pedestrian,Clear,Daylight,Dry,Traffic Signal,Urbana,2014,0,1,3667,-88.2156798712409,40.1164539514851,0.0028175035959077635,0.005856168133051116
A-Injury,Pedestrian,Clear,Daylight,Ice,Lane Use Marking,Unincorporated,2014,0,2,3670,-88.1394980734616,40.379045388431,0.0036838346806937726,0.012356097271859262