crash_severity,collision_type,weather,light,road_surface,traffic_control,city,year,fatality,injury,id,x,y,norm_x,norm_y
A-Injury,Pedestrian,Fog/Smoke/Haze,Darkness,Ice,Other Warning Sign,Unincorporated,2014,0,1,3672,-88.033639058355,40.2395730369882,0.00488765183997575,0.008903736403793567
A-Injury,Pedestrian,Clear,Daylight,Dry,Lane Use Marking,Champaign,2005,0,1,3676,-88.2469754516474,40.1347511311834,0.0024616136732109758,0.006309078452070761
A-Injury,Pedestrian,Clear,"Darkness, lighted road",Dry,No Controls,Champaign,2005,0,1,3678,-88.2388061320679,40.1241423297854,0.002554514283324986,0.006046478657741238
A-Injury,Pedestrian,Clear,Daylight,Dry,No Controls,Champaign,2005,0,1,3682,-88.2387058559046,40.1109134033882,0.002555654612903147,0.005719022876378486
A-Injury,Pedestrian,Clear,Daylight,Dry,Traffic Signal,Urbana,2005,0,1,3694,-88.2239613691299,40.1127749752943,0.0027233273063088175,0.005765102389165198
A-Injury,Turning,Clear,Daylight,Dry,Stop Sign/Flasher,St. Joseph,2000,0,2,361,-88.0431137523001,40.119307737179,0.00477990665513188,0.005926807926196856
A-Injury,Rear end,Clear,Daylight,Dry,No Controls,Champaign,2000,0,1,362,-88.2534556006848,40.1126410684527,0.002387922126033127,0.005761787791432281
A-Injury,Pedestrian,Rain,Daylight,Wet,No Controls,Urbana,2005,0,1,3696,-88.2076181225184,40.1124807618199,0.002909180921983296,0.005757819719335943
A-Injury,Rear end,Clear,Daylight,Dry,No Controls,Champaign,2000,0,1,271,-88.2446131461347,40.0982302725513,0.002488477553521943,0.0054050771793788645
A-Injury,Other Object,Clear,Darkness,Dry,Lane Use Marking,Unincorporated,2000,0,1,272,-88.1051763954933,40.1206705902442,0.004074137054393168,0.005960542645247311
A-Injury,Pedestrian,Clear,Daylight,Dry,No Controls,Urbana,2005,0,1,3701,-88.1678601547572,40.1133309599387,0.0033613041895285897,0.005778864684055303
A-Injury,Pedestrian,Clear,Daylight,Dry,Traffic Signal,Urbana,2005,0,1,3703,-88.20902056614,40.116525243238,0.002893232486274648,0.005857932818706672
A-Injury,Pedestrian,Clear,Daylight,Dry,No Controls,Champaign,2005,0,1,3705,-88.2518038041985,40.1255399767328,0.002406706175288141,0.006081074630195066
A-Injury,Turning,Clear,Daylight,Unknown,Traffic Signal,Unincorporated,2003,0,2,48,-88.2954350365736,40.1130326373836,0.0019105365655400428,0.005771480302099695
A-Injury,Pedestrian,Clear,Daylight,Dry,Other,Urbana,2005,0,1,3721,-88.2221028814759,40.0981494859246,0.0027444618249507554,0.0054030774669929634
A-Injury,Pedestrian,Clear,Daylight,Dry,No Controls,Champaign,2005,0,1,3722,-88.2534293823804,40.0940785258179,0.0023882202777275345,0.005302308940310465
A-Injury,Pedestrian,Fog/Smoke/Haze,Darkness,Ice,Unknown,Champaign,2007,0,1,3726,-88.2320601041925,40.1079798715944,0.0026312293756127524,0.005646409127019732
A-Injury,Pedestrian,Clear,Daylight,Dry,Unknown,Urbana,2007,0,1,3728,-88.20192908635,40.1220232148876,0.002973876020009566,0.005994024180044227
A-Injury,Pedestrian,Clear,Daylight,Dry,Unknown,Urbana,2007,0,1,3729,-88.2049952037702,40.1162792649482,0.002939008467547632,0.005851844115007843
A-Injury,Pedestrian,Clear,Daylight,Dry,Unknown,Champaign,2007,0,1,3731,-88.2689011771719,40.1273122038326,0.00221227671698179,0.006124942589868648
A-Injury,Pedestrian,Clear,Darkness,Dry,Unknown,Champaign,2007,0,1,3735,-88.2625590073809,40.1163505727532,0.0022843991792377907,0.005853609198001189
A-Injury,Pedestrian,Clear,Daylight,Dry,Unknown,Urbana,2007,0,1,3739,-88.2089190150263,40.1124915473748,0.0028943873144496,0.005758086694311904
A-Injury,Overturned,Rain,Daylight,Wet,No Controls,Champaign,2000,0,1,363,-88.3041807320783,40.0805651713848,0.0018110814713488425,0.00496781270820046
A-Injury,Fixed object,Severe cross wind,Daylight,Ice,No Controls,Unincorporated,2000,0,2,364,-88.3034989982409,39.9746998540861,0.001818834074097834,0.0023473271786561244
A-Injury,Pedestrian,Clear,Daylight,Dry,Unknown,Urbana,2007,0,1,3744,-88.2194976560578,40.1206386616805,0.002774088163897498,0.0059597523171087755
A-Injury,Pedestrian,Clear,Daylight,Dry,Unknown,Urbana,2007,0,1,3745,-88.2192508406763,40.1059790852007,0.0027768949214620497,0.005596883636271809
A-Injury,Turning,Clear,Daylight,Dry,Stop Sign/Flasher,Champaign,2004,0,6,500,-88.2627419354162,40.1342505295401,0.0022823189415973116,0.006296687053302834
A-Injury,Pedestrian,Clear,Daylight,Dry,Traffic Signal,Champaign,2004,0,1,501,-88.2579296297565,40.1321592484929,0.0023370439560235364,0.006244921547259575
A-Injury,Fixed object,Clear,Daylight,Dry,No Controls,Urbana,1999,0,1,395,-88.20129892268,40.1234313451369,0.0029810421724468473,0.006028879645801719
A-Injury,Pedestrian,Clear,Daylight,Unknown,Unknown,Urbana,2007,0,1,3757,-88.2217103711647,40.1090800166519,0.0027489254093449908,0.005673641031453957
A-Injury,Pedestrian,Clear,Daylight,Dry,Traffic Signal,Champaign,2008,0,1,3776,-88.2579034539181,40.1182694417485,0.0023373416247992446,0.005901106986357104
A-Injury,Pedestrian,Clear,Daylight,Dry,No Controls,Champaign,2008,0,1,3778,-88.2350448087219,40.1102729055467,0.00259728764165409,0.005703168625258408
A-Injury,Pedestrian,Clear,Daylight,Ice,No Controls,Urbana,2008,0,1,3787,-88.2284266289458,40.1103735713161,0.0026725488593185207,0.0057056604063135214
A-Injury,Pedestrian,Clear,Daylight,Dry,Stop Sign/Flasher,Champaign,2008,0,1,3791,-88.2468687766537,40.1202113312187,0.002462826769589739,0.00594917460081732
A-Injury,Pedestrian,Clear,Daylight,Dry,Traffic Signal,Urbana,2008,0,1,3793,-88.2239889413726,40.1128111217479,0.002723013757775899,0.005765997122785492
A-Injury,Pedestrian,Clear,Darkness,Dry,No Controls,Urbana,2008,0,1,3795,-88.2182456893914,40.110603905649,0.002788325392104715,0.005711361874950433
A-Injury,Rear end,Clear,Darkness,Dry,Traffic Signal,Rantoul,2000,0,2,365,-88.1355440970237,40.3121331328579,0.00372879886894497,0.010699817368746605
A-Injury,Turning,Clear,Daylight,Dry,Stop Sign/Flasher,Unincorporated,2000,0,1,366,-88.3149345750782,40.1605537267694,0.0016887899431452804,0.00694777042488204
A-Injury,Turning,Clear,Daylight,Dry,Lane Use Marking,Champaign,2000,0,2,367,-88.239012114526,40.1417687000452,0.002552171873305989,0.0064827844222992955
A-Injury,Angle,Rain,Daylight,Wet,Traffic Signal,Champaign,2004,0,2,502,-88.2579296297565,40.1321592484929,0.0023370439560235364,0.006244921547259575
A-Injury,Rear end,Clear,Daylight,Dry,No Controls,Champaign,2004,0,2,503,-88.2579578754618,40.1308942995155,0.0023367227489475445,0.006213610249324885
A-Injury,Pedestrian,Clear,"Darkness, lighted road",Dry,No Controls,Champaign,2008,0,1,3804,-88.2320504653094,40.110299991431,0.0026313389879387317,0.005703839082492838
A-Injury,Pedestrian,Clear,Daylight,Dry,Traffic Signal,Urbana,2008,0,1,3806,-88.2156192888248,40.1164501497193,0.0028181925325276155,0.005856074027894492
A-Injury,Pedestrian,Clear,Daylight,Wet,No Controls,Champaign,2008,0,1,3809,-88.2951587696771,40.088680234933,0.0019136782425167626,0.005168684978194216
A-Injury,Pedestrian,Clear,Darkness,Dry,No Controls,Champaign,2009,0,1,3816,-88.2961372098039,40.1093545339774,0.0019025515282469695,0.00568043616226204
A-Injury,Pedestrian,Clear,Darkness,Dry,No Controls,Champaign,2009,0,1,3822,-88.2541137366633,40.1126498233272,0.0023804378755584903,0.005762004500950806
A-Injury,Pedestrian,Clear,Daylight,Dry,No Controls,Fisher,2009,0,1,3836,-88.3496486201198,40.3157155872327,0.0012940256139373826,0.010788493906908107
A-Injury,Pedestrian,Clear,Daylight,Dry,Stop Sign/Flasher,Champaign,2009,0,1,3838,-88.276599634314,40.1045673248563,0.002124730703084693,0.005561938314724662
A-Injury,Turning,Clear,Dawn,Dry,Traffic Signal,Champaign,2000,0,2,368,-88.246877418792,40.0835447688794,0.0024627284921368,0.005041566722430056
A-Injury,Turning,Clear,Darkness,Dry,Lane Use Marking,Champaign,2004,0,1,504,-88.2579578754618,40.1308942995155,0.0023367227489475445,0.006213610249324885
A-Injury,Turning,Clear,Daylight,Dry,Other Regualtory Sig,Champaign,2004,0,1,505,-88.2579522249559,40.1294349316295,0.0023367870058835422,0.0061774864977023084
A-Injury,Pedestrian,Rain,Daylight,Wet,No Controls,Urbana,2009,0,1,3848,-88.2045987190108,40.11248019111,0.0029435172489326593,0.0057578055925466
A-Injury,Pedestrian,Clear,Daylight,Dry,Other Warning Sign,Champaign,2009,0,1,3849,-88.2386912386381,40.1079468779865,0.002555820838861496,0.005645592435828675
A-Injury,Pedestrian,Rain,Darkness,Wet,Traffic Signal,Champaign,2009,0,1,3851,-88.2335626825195,40.1163554469249,0.0026141422189696084,0.005853729848434558
A-Injury,Turning,Clear,Daylight,Dry,Stop Sign/Flasher,Rantoul,2005,0,2,587,-88.1365136631982,40.3125273621717,0.0037177730682915987,0.01070957573190548
A-Injury,Pedestrian,Clear,"Darkness, lighted road",Dry,No Controls,Urbana,2009,0,2,3854,-88.2287612428903,40.1173598488223,0.0026687436660837076,0.005878591821223705
A-Injury,Pedestrian,Clear,Daylight,Dry,No Controls,Mahomet,2006,0,1,3860,-88.4009010478584,40.1943320051464,0.0007111886028007615,0.007783884574052346
A-Injury,Pedestrian,Clear,"Darkness, lighted road",Dry,No Controls,Champaign,2006,0,1,3876,-88.2436208197678,40.1284417108248,0.002499762180597653,0.006152901290641516
A-Injury,Pedestrian,Clear,Daylight,Dry,No Controls,Champaign,2006,0,1,3877,-88.2435309210844,40.1212132168621,0.002500784498607729,0.005973974288739586
A-Injury,Pedestrian,Clear,Darkness,Dry,No Controls,Champaign,2006,0,1,3878,-88.2484154609834,40.1437322537124,0.0024452380443006727,0.006531388290900287
A-Injury,Pedestrian,Rain,Daylight,Wet,Traffic Signal,Champaign,2006,0,1,3881,-88.2468468828576,40.1163417351464,0.002463075743448066,0.0058533904406090215
A-Injury,Pedestrian,Clear,Daylight,Dry,Stop Sign/Flasher,Urbana,2006,0,2,3882,-88.2192523166444,40.1059768134269,0.002776878136913944,0.005596827403026338
A-Injury,Pedestrian,Clear,Dusk,Dry,No Controls,Champaign,2006,0,1,3886,-88.2724605431086,40.1200340923848,0.00217179999625618,0.005944787405734385
A-Injury,Pedestrian,Clear,"Darkness, lighted road",Dry,No Controls,Urbana,2006,0,3,3888,-88.2160501768253,40.1127805312967,0.0028132925212416763,0.005765239916962416
A-Injury,Pedestrian,Clear,"Darkness, lighted road",Wet,No Controls,Champaign,2006,0,1,3890,-88.2368854626155,40.1193188022904,0.0025763559265876428,0.005927081821038433
A-Injury,Pedestrian,Clear,Daylight,Dry,No Controls,Champaign,2006,0,1,3893,-88.2652437285152,40.1273192121104,0.002253868823687964,0.00612511606585706
A-Injury,Pedestrian,Clear,Daylight,Dry,No Controls,Champaign,2006,0,1,3894,-88.2370248123614,40.1303739513409,0.002574771256495264,0.006200730064419683
A-Injury,Pedestrian,Clear,Daylight,Dry,No Controls,Urbana,2015,0,1,3920,-88.2230394116088,40.1350852322437,0.002733811706554866,0.006317348459815235
A-Injury,Pedestrian,Clear,"Darkness, lighted road",Dry,Traffic Signal,Champaign,2015,0,1,3921,-88.2302882304196,40.1041700176493,0.0026513789306576926,0.005552103764436795
A-Injury,Pedestrian,Clear,Daylight,Dry,No Controls,Champaign,2015,0,2,3923,-88.2517106451795,40.1135560700215,0.0024077655694786466,0.005784436836763942
A-Injury,Pedestrian,Clear,Daylight,Dry,No Controls,Champaign,2015,0,1,3925,-88.2424889495578,40.1232922458676,0.0025126336850180317,0.006025436519840684
A-Injury,Rear end,Clear,Daylight,Dry,No Controls,Champaign,2004,0,3,506,-88.2579347161796,40.1258432388159,0.002336986113775499,0.006088581280349092
A-Injury,Angle,Clear,Daylight,Dry,Stop Sign/Flasher,Champaign,2004,0,3,507,-88.2578881601207,40.1212447022993,0.0023375155441931338,0.005974753648162235
A-Injury,Pedestrian,Clear,"Darkness, lighted road",Dry,Traffic Signal,Champaign,2004,0,1,508,-88.2578465808394,40.1182575235972,0.0023379883792393604,0.005900811976208161
A-Injury,Pedestrian,Clear,Daylight,Dry,Stop Sign/Flasher,Champaign,2015,0,1,3926,-88.2430802527852,40.1153193932154,0.0025059094492901864,0.005828084397942869
A-Injury,Pedestrian,Clear,"Darkness, lighted road",Dry,No Controls,Champaign,2015,0,1,3929,-88.2516999976742,40.1126296959937,0.0024078866517462066,0.005761506288811571
A-Injury,Pedestrian,Rain,Darkness,Wet,Stop Sign/Flasher,Champaign,2015,0,1,3932,-88.2385300018245,40.0945335614308,0.0025576544062975814,0.005313572442555224
A-Injury,Pedestrian,Clear,Darkness,Dry,No Controls,Champaign,2015,0,1,3939,-88.278639788053,40.0950739496802,0.0021015302975631407,0.005326948679683835
A-Injury,Rear end,Clear,Daylight,Dry,Police/Flagman,Champaign,2003,0,3,50,-88.3050483745466,40.1240493796338,0.0018012147359515924,0.00604417786147062
A-Injury,Rear end,Clear,Daylight,Dry,No Controls,Champaign,2003,0,1,51,-88.2771476716101,40.1358500041829,0.002118498482802783,0.006336278869237318
A-Injury,Rear end,Clear,Daylight,Dry,No Controls,Champaign,2005,0,2,684,-88.2457014880101,40.091332986292,0.00247610104856906,0.005234348565921704
A-Injury,Fixed object,Snow,Darkness,Snow or Slush,No Controls,Ogden,2003,0,2,52,-87.9554752341689,40.1199606286742,0.005776522312609476,0.005942968957582676
A-Injury,Rear end,Clear,Daylight,Wet,No Controls,Champaign,2003,0,1,54,-88.2767915047882,40.1128753059218,0.0021225487730055005,0.005767585874448517
A-Injury,Turning,Clear,Daylight,Dry,Other,Urbana,2010,0,4,1694,-88.1621603328049,40.0839895476106,0.0034261219423114887,0.00505257633595316
A-Injury,Overturned,Clear,Daylight,Dry,No Controls,Unincorporated,2003,0,2,55,-88.3147628644507,40.1384575212127,0.0016907426176492437,0.006400822771045649
A-Injury,Pedestrian,Clear,Daylight,Dry,Traffic Signal,Urbana,2003,0,1,56,-88.2156940193367,40.1164623883943,0.002817342705307384,0.005856376971970522
A-Injury,Fixed object,Clear,Daylight,Dry,No Controls,Unincorporated,2003,0,2,57,-88.1826246695633,40.2222115188391,0.0031934037395370284,0.008473986526860247
A-Injury,Pedestrian,Clear,Daylight,Dry,No Controls,Urbana,2006,0,1,877,-88.2049982390267,40.1135682050863,0.0029389739509422105,0.005784737216175446
A-Injury,Fixed object,Clear,"Darkness, lighted road",Dry,Lane Use Marking,Urbana,2003,0,6,58,-88.214254284422,40.1350789722816,0.002833715213528674,0.006317193506894553
A-Injury,Turning,Rain,Daylight,Wet,Traffic Signal,Champaign,2003,0,6,59,-88.2767915047882,40.1128753059218,0.0021225487730055005,0.005767585874448517
A-Injury,Rear end,Clear,Daylight,Dry,Lane Use Marking,Mahomet,2003,0,2,60,-88.367547450232,40.1880463690074,0.0010904820725729921,0.007628296143709766
A-Injury,Rear end,Clear,Daylight,Dry,No Controls,Champaign,2003,0,2,61,-88.2838388992904,40.1461407772809,0.002042406572349005,0.006591006505060144
A-Injury,Fixed object,Rain,"Darkness, lighted road",Wet,Lane Use Marking,Rantoul,2003,0,2,62,-88.1574327935031,40.3037817356047,0.003479883002972716,0.01049309512758296
A-Injury,Rear end,Clear,Daylight,Dry,Traffic Signal,Champaign,2003,0,3,63,-88.2579447238729,40.1380089461832,0.002336872307380301,0.0063897191877029785
A-Injury,Turning,Rain,Daylight,Wet,Traffic Signal,Champaign,2003,0,1,64,-88.2767915047882,40.1128753059218,0.0021225487730055005,0.005767585874448517
A-Injury,Rear end,Clear,"Darkness, lighted road",Dry,Traffic Signal,Champaign,2003,0,3,65,-88.2451371508181,40.112631524087,0.0024825186294871347,0.005761551539628085
A-Injury,Turning,Clear,Dusk,Dry,No Controls,Philo,2003,0,5,66,-88.1614198297287,40.0110299132795,0.0034345428624261804,0.0032466055904440743
A-Injury,Pedalcyclist,Clear,Daylight,Dry,No Controls,Champaign,2006,0,1,878,-88.2354082155845,40.1160718717565,0.002593155018499007,0.005846710508727454
A-Injury,Fixed object,Clear,Darkness,Dry,Stop Sign/Flasher,Unincorporated,2003,0,2,67,-88.0781449344722,40.3125229675484,0.004381535877109326,0.01070946695173962
A-Injury,Pedestrian,Clear,Darkness,Wet,No Controls,Champaign,2006,0,1,879,-88.2335776551185,40.1090905058447,0.002613971952209002,0.005673900670575061
A-Injury,Fixed object,Clear,Dawn,Dry,No Controls,Unincorporated,2003,0,1,68,-88.4236442667536,40.3109316209306,0.00045255520123565644,0.010670076328910321
A-Injury,Rear end,Clear,Daylight,Dry,Lane Use Marking,Unincorporated,2003,0,2,69,-88.4631955621515,40.1068905195069,2.7821892358668165e-06,0.005619444381107436
A-Injury,Overturned,Snow,Darkness,Ice,Lane Use Marking,Unincorporated,2003,0,3,71,-88.3037382091342,39.9980546994595,0.001816113793942673,0.0029254299596932058
A-Injury,Pedestrian,Clear,Darkness,Wet,No Controls,Rantoul,2003,0,2,84,-88.1557803855935,40.3041497240028,0.0034986740052667616,0.010502203949025693
A-Injury,Turning,Clear,Daylight,Dry,Traffic Signal,Champaign,2003,0,1,72,-88.2768180410923,40.1164359331432,0.0021222470050533187,0.0058557221248076805
A-Injury,Angle,Clear,"Darkness, lighted road",Dry,Stop Sign/Flasher,Rantoul,2003,0,1,73,-88.1564790934187,40.3082075105868,0.0034907283761822093,0.01060264639133517
A-Injury,Angle,Rain,Dawn,Wet,Lane Use Marking,Unincorporated,2003,0,2,74,-88.1848364409935,40.1520197492904,0.0031682517163730125,0.006736528773094691
A-Injury,Pedestrian,Snow,Dawn,Snow or Slush,Traffic Signal,Champaign,2003,0,1,75,-88.2828720970404,40.1129002853071,0.0020534009419548123,0.005768204189486811
A-Injury,Turning,Clear,Daylight,Dry,Stop Sign/Flasher,Tolono,2003,0,2,76,-88.2642800960898,39.9732210361247,0.002264827146394484,0.002310721979072756
A-Injury,Rear end,Rain,Daylight,Wet,No Controls,Unincorporated,2003,0,1,77,-88.1822488063922,40.1936369467768,0.003197678014472023,0.007766679785494549
A-Injury,Sideswipe Same Direction,Clear,Daylight,Dry,Lane Use Marking,Champaign,2003,0,2,78,-88.2434646490604,40.1088481620834,0.0025015381368273114,0.005667901932405966
A-Injury,Rear end,Clear,Daylight,Dry,No Controls,Champaign,2004,0,1,509,-88.2575786983135,40.1126561745481,0.0023410347100693823,0.005762161712801482
A-Injury,Angle,Clear,Daylight,Dry,Traffic Signal,Champaign,2004,0,1,510,-88.2451371508181,40.112631524087,0.0024825186294871347,0.005761551539628085
A-Injury,Rear end,Clear,Daylight,Dry,Lane Use Marking,Champaign,2003,0,1,79,-88.2389332417143,40.1348172359883,0.0025530688063071898,0.006310714745137242
A-Injury,Overturned,Clear,Daylight,Dry,No Controls,Unincorporated,2003,0,1,80,-88.0189856813565,39.9085845640097,0.00505428844295635,0.0007107745724991517
A-Injury,Head on,Clear,Daylight,Dry,Lane Use Marking,Unincorporated,2003,0,2,81,-87.9835932615026,40.3130876998503,0.005456767176446622,0.010723445777505839
A-Injury,Angle,Clear,Daylight,Wet,Stop Sign/Flasher,Champaign,2006,0,1,928,-88.2953606643355,40.1093914914317,0.0019113823185096458,0.005681350970592754
A-Injury,Rear end,Clear,Daylight,Dry,Traffic Signal,Champaign,2006,0,1,976,-88.2439323415125,40.1102182012461,0.0024962195893371074,0.00570181452901811
A-Injury,Other non collision,Clear,Daylight,Unknown,No Controls,Unincorporated,2003,0,1,82,-88.2452918808407,40.1813193320107,0.0024807590565676684,0.0074617817123892125
A-Injury,Fixed object,Clear,Daylight,Dry,Lane Use Marking,Unincorporated,2003,0,1,18,-88.2930190537854,39.8940607579671,0.0019380108579659485,0.0003512666190003996
A-Injury,Angle,Clear,Daylight,Dry,Stop Sign/Flasher,Champaign,2003,0,3,19,-88.2578053854781,40.1143617760507,0.0023384568483893163,0.005804380488230281
A-Injury,Angle,Clear,Daylight,Dry,No Controls,Unincorporated,2003,0,2,20,-88.2523264989013,40.1742715238404,0.0024007621482097026,0.00728732722817733
A-Injury,Head on,Clear,Daylight,Dry,Other reg. sign,Unincorporated,2003,0,2,21,-88.4260159992224,40.1108385820094,0.00042558411860943457,0.0057171708218486696
A-Injury,Angle,Clear,Daylight,Dry,No Controls,Unincorporated,2003,0,1,22,-88.1572400515942,40.1203630007021,0.0034820748429120743,0.005952928877446031
A-Injury,Rear end,Clear,Dusk,Dry,No Controls,Rantoul,2003,0,1,23,-88.2120933204844,40.3117204150531,0.002858289459435372,0.010689601359737623
A-Injury,Angle,Severe cross wind,Daylight,Ice,Stop Sign/Flasher,Unincorporated,2003,0,3,24,-88.2584031962917,40.0102661808612,0.00233165860910196,0.003227700912295794
A-Injury,Pedestrian,Clear,Daylight,Dry,Traffic Signal,Rantoul,2001,0,1,219,-88.1552206128093,40.308211921205,0.003505039680237766,0.01060275556742298
A-Injury,Head on,Clear,"Darkness, lighted road",Dry,No Controls,Champaign,2001,0,3,220,-88.2443057969389,40.1000312955905,0.002491972695011925,0.005449657925302306
A-Injury,Overturned,Clear,Daylight,Dry,Lane Use Marking,Tolono,2001,0,1,221,-88.2641680056067,39.9739381585499,0.002266101827127267,0.0023284729194760936
A-Injury,Turning,Clear,Daylight,Dry,Traffic Signal,Champaign,2001,0,3,222,-88.2459779979151,40.0897334391264,0.00247295660812605,0.00519475495482939
A-Injury,Turning,Clear,Daylight,Dry,Stop Sign/Flasher,Champaign,2001,0,1,223,-88.2591624667499,40.1327038506365,0.0023230242683686627,0.00625840209096447
A-Injury,Angle,Clear,Daylight,Dry,Stop Sign/Flasher,Champaign,2001,0,1,224,-88.251765150853,40.1126397725265,0.0024071457369119476,0.005761755713354675
A-Injury,Angle,Clear,Dusk,Dry,Stop Sign/Flasher,Ludlow,2001,0,6,225,-88.1206458143072,40.384973876269,0.0038982205130052338,0.012502845205818793
A-Injury,Angle,Clear,Daylight,Dry,Traffic Signal,Champaign,2001,0,1,226,-88.2768180410923,40.1164359331432,0.0021222470050533187,0.0058557221248076805
A-Injury,Turning,Clear,Daylight,Dry,Stop Sign/Flasher,Champaign,2001,0,2,227,-88.2767996022286,40.114648672982,0.0021224566897975663,0.00581148205157629
A-Injury,Turning,Rain,Daylight,Wet,Stop Sign/Flasher,Philo,2001,0,1,228,-88.1613986067912,40.0081303246858,0.0034347842073538027,0.0031748320375440055
A-Injury,Fixed object,Clear,Daylight,Dry,Lane Use Marking,Unincorporated,2001,0,1,229,-88.1607872965434,39.9277010789095,0.0034417359607325296,0.0011839659060583847
A-Injury,Angle,Snow,Daylight,Ice,Lane Use Marking,Unincorporated,2001,0,1,230,-88.384407469978,40.3072528658672,0.0008987517692479734,0.010579016058593559
A-Injury,Sideswipe Same Direction,Clear,Daylight,Unknown,Lane Use Marking,Mahomet,2001,0,2,231,-88.393744054714,40.2175260157491,0.0007925771472474221,0.008358006209988935
A-Injury,Rear end,Clear,Daylight,Dry,No Controls,Champaign,2001,0,1,232,-88.2767915047882,40.1128753059218,0.0021225487730055005,0.005767585874448517
A-Injury,Turning,Clear,Daylight,Dry,Traffic Signal,Champaign,2001,0,2,233,-88.2828720970404,40.1129002853071,0.0020534009419548123,0.005768204189486811
A-Injury,Angle,Clear,Daylight,Dry,Stop Sign/Flasher,Champaign,2001,0,2,234,-88.3145129624667,40.1132597945671,0.0016935844757203957,0.005777103126717701
A-Injury,Overturned,Clear,"Darkness, lighted road",Dry,Lane Use Marking,Unincorporated,2001,0,3,236,-87.9639779123573,40.1198876677863,0.005679830784800216,0.005941162955807599
A-Injury,Overturned,Clear,Daylight,Dry,Lane Use Marking,Unincorporated,2001,0,2,237,-88.1330200689295,40.3917930991221,0.003757501840791519,0.01267164151480124
A-Injury,Sideswipe Opposite Direction,Snow,Daylight,Snow or Slush,Lane Use Marking,Unincorporated,2003,0,1,100,-88.2008513181667,40.2296707306116,0.0029861322820906697,0.008658624489607658
A-Injury,Angle,Clear,Daylight,Dry,Stop Sign/Flasher,Thomasboro,2003,0,2,101,-88.1830986618121,40.2388001328631,0.003188013551446789,0.008884604698271596
A-Injury,Angle,Clear,Daylight,Dry,No Controls,Champaign,2003,0,2,102,-88.257954263724,40.1286715689987,0.0023367638212353345,0.006158590972908667
A-Injury,Pedestrian,Rain,"Darkness, lighted road",Wet,No Controls,Rantoul,2003,0,1,103,-88.1455409798065,40.308836829652,0.003615115409665203,0.010618223934065066
A-Injury,Angle,Clear,Daylight,Dry,No Controls,Champaign,2003,0,1,104,-88.2769705661915,40.1291861444284,0.002120512506282019,0.006171328264987012
A-Injury,Fixed object,Clear,Daylight,Dry,Lane Use Marking,Champaign,2002,0,1,106,-88.2843384944779,40.1465716227646,0.0020367252304359738,0.0066016712287327375
A-Injury,Pedalcyclist,Clear,Daylight,Dry,No Controls,Champaign,2002,0,1,107,-88.2446673332566,40.0979411632456,0.0024878613434892436,0.005397920853101591
A-Injury,Fixed object,Clear,Daylight,Ice,No Controls,Unincorporated,2002,0,1,108,-88.141706268871,40.3742122832618,0.0036587233236476317,0.012236463358866478
A-Injury,Turning,Clear,Daylight,Dry,Traffic Signal,Urbana,2002,0,2,109,-88.1933412252524,40.1375733137528,0.0030715362385599,0.006378935972678639
A-Injury,Fixed object,Clear,Daylight,Dry,No Controls,Urbana,2006,0,2,909,-88.2194395137047,40.1173306555906,0.0027747493523873896,0.005877869200792453
A-Injury,Sideswipe Opposite Direction,Clear,"Darkness, lighted road",Dry,No Controls,Champaign,2006,0,1,956,-88.262365173477,40.1272567035385,0.0022866034372250685,0.00612356879039123
A-Injury,Overturned,Snow,Darkness,Snow or Slush,Lane Use Marking,Unincorporated,2007,0,2,1006,-88.0887167018409,40.1206499950795,0.004261314893100075,0.005960032852876691
A-Injury,Head on,Rain,Daylight,Ice,Lane Use Marking,Unincorporated,2007,0,3,1053,-88.1845602823101,40.2687288723649,0.0031713921627621686,0.009625431163285608
A-Injury,Rear end,Clear,Daylight,Dry,No Controls,Champaign,2007,0,1,1101,-88.2765465451233,40.1007450468939,0.002125334427563645,0.0054673254202853745
A-Injury,Head on,Clear,Darkness,Dry,Other,Mahomet,2007,0,2,1151,-88.365262504187,40.1889704074908,0.001116466229465332,0.007651168879902041
A-Injury,Sideswipe Opposite Direction,Rain,Daylight,Ice,Lane Use Marking,Unincorporated,2008,0,3,1200,-88.2185411264327,40.2079256243518,0.0027849657143347206,0.008120367601079825
A-Injury,Angle,Clear,Daylight,Dry,Stop Sign/Flasher,Champaign,2008,0,2,1249,-88.2832613517276,40.0958110598169,0.002048974380161105,0.005345194376161217
A-Injury,Pedalcyclist,Clear,Daylight,Dry,No Controls,Champaign,2008,0,1,1296,-88.2465231903326,40.0861055426087,0.002466756739492993,0.005104953586733635
A-Injury,Sideswipe Same Direction,Clear,Darkness,Dry,Lane Use Marking,Unincorporated,2008,0,2,1346,-88.1252116230049,40.1204679375711,0.0038462986351116726,0.0059555263810831816
A-Injury,Rear end,Clear,Daylight,Ice,Lane Use Marking,Mahomet,2009,0,2,1394,-88.391786360765,40.195421653075,0.0008148398290423265,0.007810856642923044
A-Injury,Sideswipe Same Direction,Clear,Darkness,Dry,Lane Use Marking,Mahomet,2009,0,1,1495,-88.3606041196044,40.1856098770877,0.0011694408702119833,0.007567985628601048