crash_severity,collision_type,weather,light,road_surface,traffic_control,city,year,fatality,injury,id,x,y,norm_x,norm_y
A-Injury,Angle,Clear,Daylight,Dry,Stop Sign/Flasher,Champaign,2009,0,1,1543,-88.2577507153234,40.10903019856,0.0023390785514181807,0.005672407883599013
A-Injury,Sideswipe Same Direction,Clear,Daylight,Ice,Lane Use Marking,Unincorporated,2010,0,2,1639,-88.1839102808231,40.2900009849817,0.003178783908687869,0.010151980034223946
A-Injury,Fixed object,Clear,Daylight,Dry,No Controls,Unincorporated,2010,0,1,1687,-88.1795348011092,40.3557889051571,0.003228541386162788,0.011780429249107261
A-Injury,Pedalcyclist,Clear,Daylight,Dry,Traffic Signal,Urbana,2010,0,1,1736,-88.2191305958169,40.1006490504101,0.002778262332871477,0.005464949218115441
A-Injury,Fixed object,Snow,Darkness,Snow or Slush,Lane Use Marking,Unincorporated,2010,0,1,1784,-87.9945875815367,40.1199017886079,0.005331740969671869,0.005941512488682038
A-Injury,Pedalcyclist,Clear,Daylight,Dry,Traffic Signal,Urbana,2011,0,1,1832,-88.2192395145701,40.105978800357,0.0027770237207047537,0.005596876585532108
A-Injury,Sideswipe Same Direction,Clear,Daylight,Dry,No Controls,Champaign,2011,0,1,1881,-88.2590502169576,40.1271835169811,0.0023243007607482154,0.006121757202616119
A-Injury,Rear end,Clear,Daylight,Dry,No Controls,Urbana,2011,0,1,1930,-88.1956289779758,40.1066681126567,0.003045520164427193,0.005613939141549394
A-Injury,Angle,Clear,Daylight,Dry,Stop Sign/Flasher,Champaign,2012,0,2,2075,-88.2393607670386,40.1143982029415,0.0025482070350078883,0.005805282163516082
A-Injury,Fixed object,Clear,Daylight,Dry,Other Warning Sign,Unincorporated,2012,0,1,2125,-88.2111196503224,40.1858789196413,0.0028693619301863307,0.007574645242311404
A-Injury,Angle,Clear,Darkness,Dry,Stop Sign/Flasher,Unincorporated,2013,0,1,2174,-88.2898700015381,40.3112199997893,0.001973821536224689,0.010677214574423851
A-Injury,Fixed object,Clear,Daylight,Dry,No Controls,Unincorporated,2013,0,1,2224,-87.9490020332413,40.3044336438126,0.005850134846641465,0.010509231819645875
A-Injury,Fixed object,Snow,Darkness,Snow or Slush,Lane Use Marking,Champaign,2013,0,2,2273,-88.3044319733739,40.0839428296746,0.0018082243827724942,0.005051419926296192
A-Injury,Turning,Clear,Daylight,Dry,No Controls,Champaign,2014,0,1,2321,-88.2596276260463,40.1328953010133,0.0023177345276485357,0.0062631410645473395
A-Injury,Rear end,Snow,Daylight,Snow or Slush,No Controls,Urbana,2015,0,2,2466,-88.2049203670166,40.1076303339359,0.0029398595029368722,0.005637757016966091
A-Injury,Overturned,Clear,Daylight,Dry,Lane Use Marking,Unincorporated,2015,0,1,2564,-88.3049585300494,40.0966048954245,0.0018022364377620944,0.005364844198932459
A-Injury,Pedestrian,Rain,"Darkness, lighted road",Wet,Stop Sign/Flasher,Urbana,2008,0,1,3774,-88.2144568567194,40.1183410234458,0.0028314115834849225,0.005902878849009928
A-Injury,Turning,Clear,Daylight,Dry,No Controls,Urbana,2004,0,1,511,-88.2024084682726,40.1163310736991,0.0029684245411375956,0.00585312653767006
A-Injury,Pedestrian,Clear,Darkness,Dry,Lane Use Marking,Champaign,2006,0,1,3899,-88.2869533772499,40.1129274595469,0.002006989069115331,0.005768876833786192
A-Injury,Angle,Snow,Darkness,Ice,Stop Sign/Flasher,Unincorporated,2003,0,4,49,-88.1823697088366,40.1566222613745,0.0031963031250775683,0.006850454812553883
A-Injury,Pedestrian,Clear,Daylight,Dry,Stop Sign/Flasher,Urbana,2015,0,2,3912,-88.2191981155866,40.1037001924017,0.0027774945054242117,0.005540474174178505
A-Injury,Pedestrian,Clear,Daylight,Dry,No Controls,Urbana,2015,0,1,3915,-88.224260894264,40.1273999824244,0.0027199211391938545,0.006127115374454568
A-Injury,Sideswipe Same Direction,Clear,Daylight,Unknown,Lane Use Marking,St. Joseph,2001,0,1,117,-88.0501400788738,40.120415287819,0.004700004036657533,0.005954223141107796
A-Injury,Turning,Clear,Daylight,Dry,Traffic Signal,Champaign,2002,0,2,118,-88.2435184667744,40.1126019034444,0.002500926127660907,0.005760818339489552
A-Injury,Overturned,Clear,Darkness,Dry,No Controls,Rantoul,2002,0,3,119,-88.1715373529517,40.2802883643476,0.003319487493235185,0.00991156341360577
A-Injury,Overturned,Clear,Darkness,Dry,Lane Use Marking,Unincorporated,2002,0,3,120,-88.3031169956738,39.9387677163791,0.0018231781655735921,0.0014578985224219419
A-Injury,Parked Motor Vehicle,Clear,Daylight,Dry,Lane Use Marking,Ludlow,2001,0,1,121,-88.1208417626775,40.384562575234,0.003895992209536997,0.012492664266130434
A-Injury,Fixed object,Clear,Darkness,Dry,Other reg. sign,Unincorporated,2002,0,3,122,-88.1585588102175,40.1203538619472,0.0034670780638651534,0.005952702665731198
A-Injury,Overturned,Clear,Daylight,Dry,No Controls,Unincorporated,2002,0,4,123,-88.1839783856642,40.2711412563595,0.003178009427872322,0.009685144934621182
A-Injury,Other non collision,Clear,Daylight,Dry,No Controls,Unincorporated,2002,0,1,124,-88.3939561925929,40.2452170864314,0.000790164738455556,0.009043443630592138
A-Injury,Other Object,Clear,Darkness,Dry,No Controls,Urbana,2002,0,1,125,-88.2016782850117,40.1225840117907,0.002976728105439657,0.006007905592834454
A-Injury,Other non collision,Clear,Daylight,Other,No Controls,Urbana,2002,0,2,126,-88.1933412252524,40.1375733137528,0.0030715362385599,0.006378935972678639
A-Injury,Fixed object,Clear,Darkness,Dry,Lane Use Marking,Ogden,2002,0,1,135,-87.9642214910954,40.112003950222,0.00567706083399088,0.005746017195860701
A-Injury,Rear end,Clear,Darkness,Wet,Lane Use Marking,Unincorporated,2002,0,2,136,-88.0897143801729,40.1207355828414,0.004249969404061714,0.005962151407822481
A-Injury,Turning,Clear,Daylight,Dry,Traffic Signal,Champaign,2002,0,2,138,-88.2437181998154,40.1348199595666,0.0024986547853308276,0.006310782161905081
A-Injury,Sideswipe Same Direction,Rain,"Darkness, lighted road",Wet,Lane Use Marking,Unincorporated,2002,0,3,139,-88.185528742155,40.1297879348433,0.0031603789431682546,0.0061862243906899
A-Injury,Rear end,Clear,Daylight,Dry,No Passing,Unincorporated,2002,0,2,140,-88.0397683824157,40.3127330113267,0.004817949836120583,0.01071466616802365
A-Injury,Other non collision,Clear,Daylight,Dry,Lane Use Marking,Unincorporated,2002,0,4,141,-88.2333445415539,40.1930788139434,0.0026166228942079675,0.007752864316455195
A-Injury,Turning,Clear,Daylight,Dry,Traffic Signal,Champaign,2002,0,1,142,-88.2530553720713,40.1347084236352,0.002392473482118222,0.006308021311593529
A-Injury,Other non collision,Clear,Darkness,Dry,Lane Use Marking,Unincorporated,2002,0,1,143,-88.3038744252298,40.01130988026,0.0018145647593792408,0.003253535616630843
A-Injury,Turning,Clear,Daylight,Dry,Traffic Signal,Champaign,2002,0,2,144,-88.2435184667744,40.1126019034444,0.002500926127660907,0.005760818339489552
A-Injury,Angle,Clear,Dusk,Dry,Lane Use Marking,Unincorporated,2002,0,1,145,-88.2793818257659,40.3112949040678,0.0020930919257275454,0.010679068680970885
A-Injury,Rear end,Clear,Daylight,Dry,No Controls,Champaign,2002,0,1,146,-88.2554150993003,40.1126479286092,0.00236563892176807,0.005761957600972246
A-Injury,Turning,Clear,Daylight,Dry,Stop Sign/Flasher,Champaign,2002,0,1,147,-88.2729210970421,40.1383290241065,0.002166562627219893,0.006397642080560924
A-Injury,Angle,Clear,Daylight,Dry,No Controls,Urbana,2003,0,1,90,-88.2041559310787,40.1178500554209,0.0029485525849411226,0.0058907259113194325
A-Injury,Turning,Snow,Daylight,Wet,Stop Sign/Flasher,Mahomet,2003,0,1,27,-88.3988627750318,40.1960531688293,0.0007343676187918277,0.00782648856032573
A-Injury,Angle,Clear,"Darkness, lighted road",Dry,Stop Sign/Flasher,Champaign,2002,0,4,151,-88.2353975090455,40.1126698507946,0.002593276772091303,0.005762500241103052
A-Injury,Angle,Clear,Daylight,Dry,Traffic Signal,Champaign,2002,0,1,152,-88.2783607436508,40.1128633229475,0.0021047035600315115,0.0057672892597350756
A-Injury,Angle,Clear,Dusk,Dry,Stop Sign/Flasher,Unincorporated,2002,0,1,153,-88.3938981027963,40.2380032599097,0.0007908253292786533,0.008864879692041623
A-Injury,Rear end,Clear,Darkness,Dry,Lane Use Marking,Thomasboro,2002,0,2,155,-88.181955491296,40.2548252347284,0.0032010135617140546,0.00928127424613697
A-Injury,Overturned,Clear,Daylight,Dry,No Controls,Unincorporated,2002,0,2,156,-88.1430442254782,40.371513831967,0.0036435082272243137,0.01216966856005389
A-Injury,Turning,Clear,Daylight,Dry,Traffic Signal,Urbana,2004,0,2,512,-88.1836402000198,40.1160193594604,0.0031818552380884183,0.005845410671202128
A-Injury,Overturned,Clear,Daylight,Dry,Lane Use Marking,Unincorporated,2005,0,3,561,-88.3029257929425,39.9282032499688,0.0018253525021533358,0.0011963961526002792
A-Injury,Pedestrian,Clear,Daylight,Dry,Lane Use Marking,Champaign,2005,0,1,609,-88.2469754516474,40.1347511311834,0.0024616136732109758,0.006309078452070761
A-Injury,Other non collision,Clear,Darkness,Wet,Other Warning Sign,Unincorporated,2005,0,1,655,-88.4230179011202,40.3547037628046,0.00045967816281531303,0.011753568706818405
A-Injury,Rear end,Rain,Daylight,Wet,Traffic Signal,Urbana,2005,0,2,703,-88.2193658937399,40.1128267858457,0.002775586550587243,0.0057663848563950645
A-Injury,Rear end,Clear,Daylight,Dry,No Controls,Champaign,2005,0,1,752,-88.280001064052,40.1128840558782,0.002086050015562898,0.005767802462229257
A-Injury,Rear end,Clear,Daylight,Dry,Lane Use Marking,Unincorporated,2006,0,1,847,-88.1617516772991,40.0548639847093,0.0034307691280956324,0.004331630911425299
A-Injury,Pedalcyclist,Clear,"Darkness, lighted road",Dry,Stop Sign/Flasher,Champaign,2006,0,1,947,-88.2337976232451,40.1272304318773,0.0026114704986952854,0.006122918487631418
A-Injury,Rear end,Clear,Daylight,Dry,Traffic Signal,Urbana,2003,0,2,93,-88.1977061478239,40.1302365647255,0.0030218988157554765,0.006197329331802104
A-Injury,Rear end,Snow,Daylight,Snow or Slush,Lane Use Marking,Unincorporated,2007,0,1,1042,-88.3039500232974,40.1630833220537,0.0018137050664101886,0.007010385528744725
A-Injury,Rear end,Clear,Daylight,Dry,Lane Use Marking,Unincorporated,2007,0,2,1043,-88.0877336525064,40.1206206681014,0.004272494022776395,0.005959306921819191
A-Injury,Turning,Clear,Daylight,Ice,Traffic Signal,Champaign,2007,0,1,1089,-88.2768301750071,40.1164605206821,0.0021221090194992265,0.005856330740466964
A-Injury,Turning,Clear,Daylight,Dry,Traffic Signal,Champaign,2007,0,1,1090,-88.2452405250775,40.1271795019194,0.002481343068698279,0.006121657817743443
A-Injury,Angle,Clear,Daylight,Dry,Stop Sign/Flasher,Champaign,2007,0,1,1137,-88.2603614374059,40.1253995975963,0.002309389705004153,0.006077599823664996
A-Injury,Unknown,Clear,Daylight,Dry,Traffic Signal,Urbana,2007,0,1,1187,-88.2019290863485,40.1220232157111,0.002973876020026696,0.005994024200428452
A-Injury,Angle,Clear,Daylight,Dry,Stop Sign/Flasher,Champaign,2008,0,4,1234,-88.2468808394632,40.1211807325691,0.002462689592637407,0.005973170204626683
A-Injury,Turning,Clear,Daylight,Dry,No Controls,Unincorporated,2008,0,1,1283,-87.9582605312522,40.057389437627,0.0057448482183512836,0.004394143479235499
A-Injury,Angle,Clear,Daylight,Dry,Stop Sign/Flasher,Champaign,2008,0,2,1331,-88.2468109043477,40.112609881045,0.002463484887133548,0.005761015809137541
A-Injury,Rear end,Clear,"Darkness, lighted road",Dry,Traffic Signal,Urbana,2003,0,1,96,-88.2050046678331,40.1163119581311,0.002938900843257887,0.005852653369775089
A-Injury,Rear end,Clear,"Darkness, lighted road",Dry,No Controls,Champaign,2008,0,1,1378,-88.2580194433672,40.1341892339031,0.0023360226054509044,0.006295169801629939
A-Injury,Overturned,Clear,Darkness,Dry,No Controls,Unincorporated,2008,0,1,1379,-88.4398334476703,39.9672513919865,0.00026845360381745305,0.0021629553026971753
A-Injury,Rear end,Clear,Daylight,Dry,Lane Use Marking,Urbana,2009,0,1,1428,-88.1960212465654,40.1339987658463,0.0030410593288646873,0.0062904551434262755
A-Injury,Overturned,Clear,Darkness,Dry,Lane Use Marking,St. Joseph,2009,0,1,1475,-88.0202554688061,40.1135646824829,0.005039848558748739,0.0057846500211292135
A-Injury,Fixed object,Clear,Darkness,Dry,No Controls,Champaign,2009,0,1,1525,-88.2732561774787,40.1007641988591,0.0021627521290879027,0.00546779948912078
A-Injury,Rear end,Clear,Daylight,Dry,Other,Champaign,2009,0,2,1568,-88.2339735666161,40.1163523544832,0.0026094696898944065,0.005853653301186249
A-Injury,Angle,Fog/Smoke/Haze,Daylight,Wet,Stop Sign/Flasher,Urbana,2010,0,1,1623,-88.2257005470808,40.1173909184402,0.0027035495645808985,0.005879360887865976
A-Injury,Pedestrian,Clear,Darkness,Dry,No Controls,Unincorporated,2010,0,1,1672,-88.2283150119767,40.0835001766927,0.0026738181553017304,0.005040462931472339
A-Injury,Angle,Clear,Darkness,Dry,No Controls,Urbana,2010,0,3,1749,-88.2128186771125,40.1164907568937,0.0028500407830744532,0.005857079177792694
A-Injury,Sideswipe Same Direction,Clear,Darkness,Dry,No Controls,Unincorporated,2003,0,3,26,-88.3036126603073,40.047412274892,0.0018175415214914219,0.004147178644669128
A-Injury,Pedalcyclist,Clear,Daylight,Dry,Stop Sign/Flasher,Urbana,2010,0,2,1769,-88.1945610609635,40.1056791167094,0.0030576644000674907,0.005589458512436895
A-Injury,Rear end,Clear,Daylight,Ice,Lane Use Marking,Unincorporated,2011,0,2,1814,-88.2743846915474,39.9014495603343,0.002149918790339945,0.0005341617368536481
A-Injury,Angle,Clear,Daylight,Dry,Stop Sign/Flasher,Unincorporated,2011,0,2,1861,-88.258470329336,40.1856598968428,0.00233089517945343,0.00756922376822767
A-Injury,Turning,Clear,Daylight,Dry,Traffic Signal,Champaign,2011,0,2,1909,-88.2436806954761,40.1325986891195,0.0024990812805816627,0.006255799026612426
A-Injury,Angle,Clear,Daylight,Dry,No Controls,Unincorporated,2011,0,2,1959,-88.0977294372045,40.2687690030794,0.004158823050795864,0.009626424519365854
A-Injury,Fixed object,Clear,Daylight,Dry,Other Regualtory Sig,Unincorporated,2012,0,1,2008,-88.0088804013657,40.0350499996535,0.005169204583447743,0.003841175090329268
A-Injury,Rear end,Snow,Daylight,Ice,Lane Use Marking,Mahomet,2012,0,1,2056,-88.4027875012921,40.2010228065282,0.0006897360603660338,0.0079495020647419
A-Injury,Pedestrian,Rain,Daylight,Wet,Other,Urbana,2012,0,3,2109,-88.2191999584708,40.1037001637469,0.0027774735483463153,0.005540473464885807
A-Injury,Rear end,Clear,Dusk,Dry,No Controls,Champaign,2013,0,2,2205,-88.2821207164939,40.1128831076748,0.0020619455594737273,0.005767778991338575
A-Injury,Angle,Clear,"Darkness, lighted road",Dry,No Controls,Champaign,2013,0,2,2256,-88.2410900005371,40.1272099995374,0.0025285423805068356,0.006122412725665048
A-Injury,Rear end,Clear,Daylight,Dry,Lane Use Marking,Mahomet,2014,0,2,2305,-88.3525034420639,40.1829334457966,0.0012615608905545285,0.007501735891216727
A-Injury,Sideswipe Same Direction,Clear,Daylight,Dry,Lane Use Marking,Unincorporated,2003,0,1,29,-88.2881751397074,39.9119548229979,0.0019930953198731964,0.0007941986355893476
A-Injury,Sideswipe Same Direction,Clear,Daylight,Dry,Lane Use Marking,Pesotum,2003,0,3,30,-88.2770067381197,39.9035969267433,0.002120101163064731,0.0005873155245623475
A-Injury,Turning,Clear,Daylight,Dry,Traffic Signal,Unincorporated,2014,0,1,2446,-88.1617700328932,40.0548341873674,0.003430560390283992,0.004330893337446716
A-Injury,Fixed object,Clear,Daylight,Dry,Lane Use Marking,Unincorporated,2015,0,2,2590,-88.3846416892797,40.2810924068072,0.0008960882529273176,0.00993146588671293
A-Injury,Fixed object,Clear,Daylight,Dry,Lane Use Marking,Champaign,2003,0,1,41,-88.3050251169414,40.1183161804161,0.0018014792188981216,0.005902263909183573
A-Injury,Turning,Clear,Daylight,Dry,Traffic Signal,Champaign,2003,0,1,42,-88.2434791400742,40.1101911947013,0.002501373346600888,0.005701146035675328
A-Injury,Pedestrian,Clear,Dusk,Dry,Unknown,Urbana,2007,0,1,3732,-88.2195085825512,40.1200907205493,0.002773963909007771,0.005946189123401939
A-Injury,Pedestrian,Rain,Daylight,Wet,Unknown,Champaign,2007,0,1,3756,-88.2500885189161,40.1181050454494,0.0024262122121990193,0.005897037682699319
A-Injury,Pedestrian,Clear,Daylight,Dry,No Controls,Urbana,2006,0,1,3865,-88.1905821197357,40.0915004303551,0.0031029124851831217,0.0052384933109198275
A-Injury,Pedestrian,Clear,Daylight,Dry,No Controls,Urbana,2006,0,1,3868,-88.2049982390267,40.1135682050863,0.0029389739509422105,0.005784737216175446
A-Injury,Pedestrian,Clear,Darkness,Wet,No Controls,Champaign,2006,0,1,3870,-88.2335776551185,40.1090905058447,0.002613971952209002,0.005673900670575061
A-Injury,Pedestrian,Rain,Darkness,Wet,Other Warning Sign,Champaign,2006,0,1,3871,-88.233516993508,40.1054138733446,0.0026146617894188457,0.005582892940094564
A-Injury,Turning,Clear,Daylight,Dry,Traffic Signal,Champaign,2002,0,4,110,-88.2769570957819,40.1274234623449,0.0021206656903089136,0.006127696573221794
A-Injury,Overturned,Clear,Daylight,Dry,Lane Use Marking,Thomasboro,2002,0,1,111,-88.181955491296,40.2548252347284,0.0032010135617140546,0.00928127424613697
A-Injury,Fixed object,Clear,Daylight,Dry,No Controls,Unincorporated,2002,0,1,112,-88.2036749025419,40.2233468986994,0.0029540227889300512,0.008502090598810854
A-Injury,Turning,Clear,Daylight,Dry,No Controls,Urbana,2002,0,1,113,-88.2210900052937,40.1164327065274,0.002755980142281922,0.005855642256346159
A-Injury,Pedestrian,Clear,Daylight,Dry,No Controls,Champaign,2002,0,1,114,-88.2712736435792,40.1127988314314,0.002185297288087024,0.005765692900426588
A-Injury,Pedestrian,Clear,Daylight,Dry,Lane Use Marking,Unincorporated,2002,0,1,115,-88.2991353182762,40.113071373164,0.0018684573661134323,0.0057724391293587475
A-Injury,Angle,Clear,Daylight,Dry,Stop Sign/Flasher,Champaign,2002,0,2,116,-88.276998901843,40.1309486468119,0.002120190276347524,0.006214955508635811
A-Injury,Fixed object,Clear,Daylight,Dry,Lane Use Marking,Unincorporated,2001,0,2,238,-88.3037083622921,39.9965819877878,0.0018164532089715202,0.0028889759091754253
A-Injury,Overturned,Clear,Daylight,Dry,Lane Use Marking,Unincorporated,2001,0,1,239,-88.3036197560784,39.9864353841354,0.0018174608291572616,0.0026378169014513115
A-Injury,Angle,Clear,Daylight,Dry,No Controls,Unincorporated,2001,0,1,240,-88.0959379234413,40.1207264306448,0.004179195949665828,0.0059619248633850964
A-Injury,Turning,Clear,Darkness,Dry,School Zone,Champaign,2001,0,4,241,-88.2437174149009,40.1359892856108,0.00249866371129286,0.006339726504172496
A-Injury,Angle,Clear,Daylight,Dry,Lane Use Marking,Pesotum,2000,0,1,369,-88.2826651163257,39.9036372133442,0.0020557547040386368,0.0005883127393007153
A-Injury,Rear end,Clear,"Darkness, lighted road",Dry,No Controls,Champaign,1999,0,2,468,-88.2389254670918,40.1343236259909,0.002553157218465255,0.006298496410668244
A-Injury,Turning,Clear,Daylight,Dry,Traffic Signal,Champaign,2004,0,1,516,-88.2860458398548,40.1129354097116,0.0020173094852633626,0.005769073624312943
A-Injury,Rear end,Clear,Daylight,Dry,No Controls,Champaign,2005,0,1,564,-88.2762267014576,40.0982483564733,0.002128971654800846,0.0054055248109274165
A-Injury,Turning,Clear,Dawn,Dry,Traffic Signal,Rantoul,2013,0,2,2246,-88.200617016421,40.3116096495647,0.0029887967359553697,0.010686859580211202
A-Injury,Pedestrian,Clear,Daylight,Dry,Traffic Signal,Urbana,2005,0,1,712,-88.2239613691299,40.1127749752943,0.0027233273063088175,0.005765102389165198
A-Injury,Angle,Clear,Daylight,Dry,Stop Sign/Flasher,Champaign,2005,0,2,761,-88.2799591333026,40.1061469442633,0.002086526847466005,0.005601038653757895
A-Injury,Overturned,Clear,Daylight,Dry,No Controls,Unincorporated,2006,0,1,809,-87.9605117301135,40.1891499076683,0.005719247830746482,0.0076556120500516
A-Injury,Turning,Clear,Daylight,Dry,Traffic Signal,Urbana,2006,0,2,857,-88.1947507584393,40.1354612866267,0.0030555071810888764,0.006326656938683575
A-Injury,Rear end,Rain,"Darkness, lighted road",Wet,Traffic Signal,Champaign,2006,0,2,908,-88.2581109861752,40.1380122506909,0.0023349815906354874,0.006389800984223614
A-Injury,Pedestrian,Clear,Daylight,Ice,No Controls,Urbana,2008,0,1,1248,-88.2284266289458,40.1103735713161,0.0026725488593185207,0.0057056604063135214
A-Injury,Angle,Clear,Darkness,Dry,Stop Sign/Flasher,Unincorporated,2002,0,2,166,-88.1605868373514,39.9090642836262,0.0034440155607724883,0.0007226490781951961
A-Injury,Sideswipe Opposite Direction,Clear,Daylight,Dry,Lane Use Marking,Unincorporated,2002,0,2,167,-88.3938435123057,40.2307320127313,0.0007914461263761813,0.008684894419254128
A-Injury,Rear end,Clear,"Darkness, lighted road",Dry,No Controls,Champaign,2002,0,1,168,-88.2799323023457,40.1428151744784,0.00208683196617773,0.006508687817095801
A-Injury,Overturned,Clear,Daylight,Dry,Lane Use Marking,Unincorporated,2002,0,2,169,-88.0959379234413,40.1207264306448,0.004179195949665828,0.0059619248633850964
A-Injury,Overturned,Clear,Darkness,Dry,Lane Use Marking,Unincorporated,2002,0,1,170,-88.3062706640381,40.1652651913746,0.0017873149933364816,0.007064393367465341
A-Injury,Angle,Clear,Daylight,Ice,Stop Sign/Flasher,Unincorporated,2002,0,2,171,-88.0588891577612,40.3126339380106,0.004600510467007703,0.010712213804985125
A-Injury,Overturned,Clear,Dawn,Dry,Lane Use Marking,Unincorporated,2002,0,3,172,-88.3035368529167,39.9784667573287,0.0018184035948586677,0.0024405693819602925
A-Injury,Overturned,Clear,Daylight,Dry,Lane Use Marking,Unincorporated,2002,0,2,173,-88.2111478022795,40.1351170369319,0.0028690417892046145,0.006318135721661917
A-Injury,Fixed object,Clear,Daylight,Dry,Lane Use Marking,Unincorporated,2002,0,1,105,-88.2895612440969,39.8989117627181,0.0019773326921276846,0.0004713436005664066
A-Injury,Overturned,Severe cross wind,Dawn,Dry,No Controls,Unincorporated,2002,0,4,174,-88.237064775049,40.1894044138365,0.0025743168051759677,0.007661911844431459
A-Injury,Rear end,Clear,Daylight,Dry,Traffic Signal,Urbana,2002,0,4,176,-88.1970179461234,40.1314256587762,0.00302972497033733,0.006226762991782915
A-Injury,Fixed object,Clear,Darkness,Unknown,No Controls,Champaign,2002,0,1,177,-88.257736334075,40.1349794005616,0.002339242093404358,0.006314728806858041
A-Injury,Angle,Clear,"Darkness, lighted road",Dry,Traffic Signal,Urbana,2002,0,2,182,-88.2050046678331,40.1163119581311,0.002938900843257887,0.005852653369775089
A-Injury,Fixed object,Clear,Daylight,Wet,No Controls,Champaign,2002,0,1,183,-88.2769675912498,40.1290392676712,0.002120546336994078,0.006167692622770202
A-Injury,Rear end,Clear,Daylight,Dry,No Controls,Philo,2002,0,1,184,-88.1614115919341,40.0100150499497,0.0034346365417267824,0.0032214846656873587
A-Injury,Overturned,Rain,Daylight,Wet,Lane Use Marking,Unincorporated,2002,0,2,185,-88.1695051292776,40.1204956010839,0.0033425977189247527,0.005956211136363256
A-Injury,Angle,Clear,Daylight,Dry,Stop Sign/Flasher,Urbana,2002,0,4,186,-88.1621494561884,40.0839948488388,0.0034262456300065266,0.005052707557321405
A-Injury,Turning,Clear,Daylight,Wet,Lane Use Marking,Thomasboro,2002,0,5,187,-88.1830986618121,40.2388001328631,0.003188013551446789,0.008884604698271596
A-Injury,Rear end,Clear,"Darkness, lighted road",Wet,Traffic Signal,Champaign,2002,0,2,189,-88.2387337511384,40.1126458498797,0.002555337391350727,0.005761906146154773
A-Injury,Fixed object,Clear,Daylight,Dry,No Controls,Unincorporated,2002,0,1,190,-88.4406212364587,40.3109389501612,0.0002594949557475478,0.010670257749447434
A-Injury,Rear end,Clear,Daylight,Dry,No Controls,Rantoul,2001,0,2,191,-88.1546457027539,40.3082140327828,0.0035115774946038276,0.010602807835334793
A-Injury,Rear end,Clear,Daylight,Dry,No Controls,Rantoul,2001,0,1,192,-88.1558326292082,40.3123063167907,0.0034980798965857022,0.010704104192811712
A-Injury,Angle,Rain,"Darkness, lighted road",Wet,Stop Sign/Flasher,Champaign,2001,0,1,193,-88.251765150853,40.1126397725265,0.0024071457369119476,0.005761755713354675
A-Injury,Angle,Clear,Daylight,Wet,Lane Use Marking,Unincorporated,2001,0,2,194,-88.1451717160361,40.340479901555,0.0036193146369360688,0.011401485290550465
A-Injury,Fixed object,Clear,Darkness,Ice,No Controls,Champaign,2009,0,1,1407,-88.2699304360718,40.0966126180852,0.0022005720971740033,0.005365035358049936
A-Injury,Angle,Clear,Daylight,Dry,Traffic Signal,Champaign,2009,0,2,1453,-88.2435286786393,40.1211184252608,0.002500809999448585,0.00597162791104135
A-Injury,Angle,Clear,Daylight,Dry,Traffic Signal,Champaign,2012,0,1,2123,-88.2466701746299,40.0980900009237,0.0024650852501157364,0.005401605034018024
A-Injury,Angle,Clear,Daylight,Dry,Stop Sign/Flasher,Champaign,2013,0,2,2217,-88.2539600007749,40.1090300000623,0.0023821861432924327,0.005672402970182905
A-Injury,Head on,Clear,Daylight,Dry,Traffic Signal,Philo,2015,0,4,2455,-88.1613820349877,39.9966866147422,0.003434972660093445,0.002891565741492659
A-Injury,Head on,Clear,Daylight,Ice,No Controls,Champaign,2015,0,3,2549,-88.2769989238374,40.1289289438142,0.0021201900262296587,0.006164961774951374
A-Injury,Pedalcyclist,Rain,Daylight,Wet,Yield,Urbana,2006,0,1,2938,-88.2176793573504,40.1074309778382,0.0027947656582276124,0.005632822352974271
A-Injury,Pedestrian,Clear,Daylight,Dry,Unknown,Champaign,2007,0,1,3740,-88.2452332527128,40.118310888601,0.002481425769235595,0.0059021329208179
A-Injury,Turning,Clear,"Darkness, lighted road",Dry,Stop Sign/Flasher,Urbana,2003,0,1,1,-88.2024084682726,40.1163310736991,0.0029684245411375956,0.00585312653767006
A-Injury,Fixed object,Clear,Daylight,Snow or Slush,Lane Use Marking,Rantoul,2003,0,4,2,-88.1838912734298,40.3004963154009,0.003179000058688805,0.010411771079989118
A-Injury,Overturned,Snow,Daylight,Snow or Slush,Lane Use Marking,Unincorporated,2003,0,1,3,-87.9864257764816,40.3130709541677,0.005424556125435058,0.010723031271413977
A-Injury,Fixed object,Snow,Darkness,Snow or Slush,No Controls,Champaign,2003,0,1,4,-88.3146325852331,40.1285288928853,0.001692224138684438,0.00615505930928065
A-Injury,Pedalcyclist,Clear,"Darkness, lighted road",Dry,Traffic Signal,Champaign,2003,0,1,5,-88.2768180410923,40.1164359331432,0.0021222470050533187,0.0058557221248076805
A-Injury,Rear end,Clear,Daylight,Dry,No Controls,St. Joseph,2003,0,2,6,-88.0544999805344,40.1204474778668,0.00465042371110344,0.005955019941765462
A-Injury,Pedestrian,Clear,Daylight,Dry,No Controls,Champaign,2015,0,1,3946,-88.2771801939068,40.1369617840347,0.0021181286427962897,0.0063637987698811896