crash_severity,collision_type,weather,light,road_surface,traffic_control,city,year,fatality,injury,id,x,y,norm_x,norm_y
A-Injury,Pedestrian,Clear,Daylight,Dry,No Controls,Champaign,2015,0,1,3947,-88.2772405791414,40.1274145304489,0.002117441948502836,0.006127475481887907
B-Injury,Pedalcyclist,Clear,"Darkness, lighted road",Dry,Stop Sign/Flasher,Urbana,2016,0,1,3950,-88.2024503686935,40.1163773807688,0.002967948054126805,0.00585427277714836
B-Injury,Pedalcyclist,Clear,Darkness,Dry,No Controls,Unincorporated,2016,0,1,3952,-88.2378328805227,40.0067814226027,0.002565581993611331,0.0031414426473288255
C-Injury,Pedalcyclist,Clear,Daylight,Dry,Stop Sign/Flasher,Champaign,2016,0,1,3961,-88.2334290403349,40.1014595395309,0.002615661983298349,0.005485011265508379
C-Injury,Pedalcyclist,Clear,Daylight,Dry,Other,Champaign,2016,0,1,3962,-88.2333988087431,40.1005400168767,0.0026160057736587332,0.005462250309692964
Property Damage,Pedalcyclist,Clear,"Darkness, lighted road",Dry,Traffic Signal,Champaign,2016,0,0,3963,-88.2289300019827,40.1163999978895,0.0026668245561145124,0.005854832619021259
C-Injury,Pedalcyclist,Clear,"Darkness, lighted road",Dry,Stop Sign/Flasher,Urbana,2016,0,1,3966,-88.203729996469,40.111729745972,0.0029533962668078302,0.005739229814614485
B-Injury,Pedalcyclist,Clear,Dusk,Dry,Traffic Signal,Urbana,2016,0,1,3968,-88.2075099963015,40.116409793046,0.0029104105215137896,0.0058550750786532275
C-Injury,Pedalcyclist,Rain,Daylight,Wet,No Controls,Urbana,2016,0,1,3980,-88.2095914145807,40.0990999916665,0.0028867408601474364,0.0054266053475675235
B-Injury,Pedalcyclist,Clear,Daylight,Dry,No Controls,Urbana,2016,0,1,3984,-88.2265040393546,40.1104496169048,0.0026944123381900803,0.005707542763726282
C-Injury,Pedalcyclist,Clear,Daylight,Dry,No Controls,Champaign,2016,0,1,3992,-88.2302989861688,40.1052694047835,0.0026512566174523725,0.00557931690798598
C-Injury,Pedalcyclist,Snow,"Darkness, lighted road",Snow or Slush,Traffic Signal,Champaign,2016,0,1,3998,-88.2302901891497,40.1041699964005,0.0026513566561929534,0.005552103238464936
C-Injury,Pedalcyclist,Clear,"Darkness, lighted road",Dry,No Controls,Champaign,2016,0,1,4003,-88.2320800022827,40.1126775452395,0.002631003096703987,0.00576269070179427
B-Injury,Pedalcyclist,Clear,Daylight,Dry,Traffic Signal,Champaign,2016,0,1,4004,-88.2387331898101,40.116339896801,0.002555343774714766,0.00585334493602229
B-Injury,Pedalcyclist,Rain,Daylight,Wet,Stop Sign/Flasher,Urbana,2016,0,1,4007,-88.2175800025128,40.1006599982785,0.002795895510590607,0.005465220210839627
Fatal,Pedalcyclist,Cloudy/Overcast,Darkness,Wet,Lane Use Marking,Champaign,2016,1,0,4010,-88.2410654197096,40.1567492158148,0.0025288219109927718,0.006853597317410047
B-Injury,Pedalcyclist,Clear,Daylight,Dry,Traffic Signal,Unincorporated,2016,0,1,4011,-88.2289600019186,40.1103399975754,0.0026664834001197627,0.005704829355088007
B-Injury,Pedalcyclist,Rain,Daylight,Wet,No Controls,Urbana,2016,0,1,4018,-88.2204365028409,40.1164299991411,0.0027634117008084103,0.0058555752403790275
B-Injury,Pedalcyclist,Clear,Daylight,Dry,Traffic Signal,Urbana,2016,0,1,4032,-88.2127468006345,40.1164903592039,0.0028508581545327537,0.005857069333772182
B-Injury,Pedalcyclist,Cloudy/Overcast,Daylight,Dry,No Controls,Rantoul,2016,0,1,4064,-88.1440200014305,40.3099899989714,0.0036324118096560157,0.010646768348720529
B-Injury,Pedalcyclist,Clear,"Darkness, lighted road",Dry,No Controls,Rantoul,2016,0,1,4065,-88.1284190014134,40.3081799986824,0.0038098246781172657,0.010601965388819825
Property Damage,Pedalcyclist,Clear,Daylight,Dry,Traffic Signal,Champaign,2016,0,0,4082,-88.2772135546489,40.139231240087,0.0021177492680804102,0.006419974644064799
B-Injury,Pedalcyclist,Clear,Daylight,Dry,Stop Sign/Flasher,Champaign,2016,0,1,4085,-88.2817400025199,40.0983399978839,0.0020662749972096698,0.005407793211915658
B-Injury,Pedalcyclist,Clear,Daylight,Dry,Traffic Signal,Rantoul,2016,0,1,4091,-88.1365200024162,40.3121199979756,0.0037177009793967434,0.010699492240839917
B-Injury,Pedalcyclist,Clear,Daylight,Dry,No Controls,Unincorporated,2016,0,1,4100,-88.3082095139606,40.2339328821723,0.001765266603753033,0.008764125580753625
C-Injury,Pedalcyclist,Clear,Daylight,Dry,No Controls,Unincorporated,2016,0,1,4108,-88.2949125173056,40.0551095639588,0.0019164785975930233,0.004337709737674492
B-Injury,Pedalcyclist,Clear,Daylight,Dry,No Controls,Champaign,2016,0,1,4116,-88.2740030899939,40.1273886270874,0.002154258321532907,0.006126834295655067
B-Injury,Pedalcyclist,Clear,Darkness,Dry,Traffic Signal,Unincorporated,2016,0,1,4130,-88.2954508450981,40.1131193446294,0.0019103567927257227,0.005773626567644824
C-Injury,Pedalcyclist,Clear,Daylight,Dry,Traffic Signal,Champaign,2016,0,1,4135,-88.2768854735559,40.1196579647379,0.0021214801704413887,0.005935477113363679
B-Injury,Pedalcyclist,Clear,Darkness,Dry,Stop Sign/Flasher,Tolono,2016,0,1,4142,-88.2557799424365,39.9861227313075,0.0023614899654663827,0.002630077802073223
B-Injury,Pedalcyclist,Clear,Daylight,Dry,No Controls,Champaign,2016,0,1,4144,-88.2603735928306,40.1126636818119,0.0023092514748419314,0.005762347540196735
C-Injury,Pedalcyclist,Cloudy/Overcast,Daylight,Dry,Traffic Signal,Champaign,2016,0,1,4146,-88.2466700022763,40.0980899980044,0.002465087210101991,0.005401604961756545
Property Damage,Pedalcyclist,Clear,Daylight,Dry,Traffic Signal,Champaign,2016,0,0,4148,-88.2435595375961,40.1271999986936,0.0025004590747618027,0.006122165174652755
B-Injury,Pedalcyclist,Clear,Daylight,Dry,No Controls,Champaign,2016,0,1,4150,-88.2501409994595,40.1126108649269,0.002425615409190671,0.005761040163178499
Property Damage,Pedalcyclist,Clear,"Darkness, lighted road",Dry,Stop Sign/Flasher,Champaign,2016,0,0,4151,-88.2577385899044,40.132066789215,0.002339216440358766,0.006242632901591885
B-Injury,Pedalcyclist,Clear,Daylight,Dry,Stop Sign/Flasher,Champaign,2016,0,1,4184,-88.2488600018586,40.0981033980304,0.0024401827740146388,0.005401936652768678
C-Injury,Pedalcyclist,Clear,Daylight,Dry,No Controls,Savoy,2016,0,1,4187,-88.2495560387494,40.069007093878,0.002432267518504317,0.004681715470419939
B-Injury,Pedalcyclist,Clear,Daylight,Dry,Traffic Signal,Champaign,2016,0,1,4196,-88.2437287305277,40.1359700748984,0.002498535031220551,0.006339250981167152
C-Injury,Pedalcyclist,Clear,Daylight,Dry,Traffic Signal,Urbana,2016,0,1,4201,-88.2240200018755,40.1163996397898,0.0027226605411288696,0.005854823754974771
B-Injury,Pedalcyclist,Clear,Daylight,Dry,Traffic Signal,Urbana,2016,0,1,4202,-88.2193000019309,40.1090899981755,0.002776335865043378,0.005673888104232995
Property Damage,Pedalcyclist,Clear,Daylight,Dry,No Controls,Champaign,2016,0,0,4204,-88.2291389631984,40.1079911916239,0.002664448271989634,0.00564668933185222
C-Injury,Pedalcyclist,Clear,Daylight,Dry,No Controls,Urbana,2016,0,1,4205,-88.2159898084544,40.1058215263117,0.0028139790237630383,0.005592983579112275
B-Injury,Pedalcyclist,Clear,Daylight,Dry,Traffic Signal,Urbana,2016,0,1,4206,-88.2239900023151,40.1128099977867,0.0027230016928535493,0.00576596930135966
B-Injury,Pedalcyclist,Clear,Daylight,Dry,Stop Sign/Flasher,Urbana,2016,0,1,4210,-88.2238698502563,40.1070110588245,0.0027243680489447983,0.005622428092350836
C-Injury,Pedalcyclist,Clear,Daylight,Dry,Stop Sign/Flasher,Urbana,2016,0,1,4211,-88.2192600017488,40.1073899977532,0.0027767907427460534,0.00563180797241534
B-Injury,Pedalcyclist,Clear,Daylight,Dry,Traffic Signal,Urbana,2016,0,1,4212,-88.2094000021063,40.0837299977943,0.0028889175819027195,0.005046151696088451
B-Injury,Pedalcyclist,Clear,Daylight,Wet,No Controls,Unincorporated,2013,0,1,2602,-88.3651527082481,40.2011400010816,0.0011177148168920218,0.00795240298299496
B-Injury,Pedalcyclist,Rain,Daylight,Wet,Stop Sign/Flasher,Urbana,2013,0,1,2603,-88.1905702617457,40.0906899795286,0.0031030473329503056,0.005218432211426249
B-Injury,Pedalcyclist,Clear,Daylight,Dry,No Controls,Urbana,2013,0,1,2604,-88.2182720013475,40.110603167003,0.0027880261754133244,0.005711343591236682
B-Injury,Pedalcyclist,Clear,Daylight,Dry,No Controls,Champaign,2013,0,1,2605,-88.2879867151725,40.1093210851764,0.0019952380631069974,0.00567960820367039
B-Injury,Pedalcyclist,Clear,Daylight,Dry,No Controls,Rantoul,2013,0,1,2606,-88.157351538385,40.3083406294106,0.0034808070273021964,0.010605941483253745
C-Injury,Pedalcyclist,Clear,Daylight,Dry,Traffic Signal,Champaign,2013,0,1,2607,-88.2770402533457,40.1322199964001,0.0021197200315746564,0.006246425240970085
Property Damage,Pedalcyclist,Clear,Daylight,Dry,Stop Sign/Flasher,Urbana,2013,0,0,2608,-88.2193700481743,40.1155043477924,0.002775539306813018,0.0058326625809117785
C-Injury,Pedalcyclist,Clear,Daylight,Dry,No Controls,Champaign,2013,0,1,2609,-88.2418400006839,40.116339999128,0.0025200134607425034,0.005853347468923812
B-Injury,Pedalcyclist,Clear,Daylight,Dry,Stop Sign/Flasher,Champaign,2013,0,1,2611,-88.2847700003983,40.0983699996288,0.0020318181922324716,0.005408535845484299
B-Injury,Pedalcyclist,Clear,Daylight,Dry,Traffic Signal,Urbana,2013,0,1,2612,-88.1994294046144,40.127390007469,0.003002302127724897,0.006126868464258272
B-Injury,Pedalcyclist,Clear,Dawn,Dry,Stop Sign/Flasher,Unincorporated,2013,0,1,2613,-88.2091900011313,40.0691199999758,0.00289130569005694,0.00468451023647765
B-Injury,Pedalcyclist,Clear,"Darkness, lighted road",Dry,Stop Sign/Flasher,Urbana,2013,0,1,2614,-88.220739768023,40.1164299997457,0.002759963002276179,0.005855575255344719
B-Injury,Pedalcyclist,Clear,Daylight,Dry,Stop Sign/Flasher,Urbana,2013,0,1,2615,-88.2088699997781,40.1092199997006,0.0028949447104992753,0.005677106033617585
B-Injury,Pedalcyclist,Clear,Daylight,Dry,Stop Sign/Flasher,Urbana,2013,0,1,2617,-88.2089200020434,40.1115899988419,0.0028943760901988967,0.005735770652146889
B-Injury,Pedalcyclist,Fog/Smoke/Haze,Daylight,Dry,Stop Sign/Flasher,Champaign,2013,0,1,2618,-88.2767300009141,40.111909999698,0.002123248188345217,0.005743691637359492
C-Injury,Pedalcyclist,Clear,Daylight,Dry,No Controls,Champaign,2013,0,1,2619,-88.2355795562068,40.1102689280388,0.002591206551653729,0.00570307016995533
B-Injury,Pedalcyclist,Clear,"Darkness, lighted road",Dry,Stop Sign/Flasher,Champaign,2013,0,1,2620,-88.2370400199707,40.1090312055187,0.002574598317222977,0.005672432808860314
C-Injury,Pedalcyclist,Clear,Daylight,Dry,No Controls,Urbana,2013,0,1,2621,-88.2173869475873,40.1106240155123,0.0027980909101205493,0.005711859654649425
B-Injury,Pedalcyclist,Clear,Daylight,Dry,No Controls,Unincorporated,2013,0,1,2622,-88.3107922107709,40.1132187740745,0.0017358964576740861,0.005776087745948786
B-Injury,Pedalcyclist,Clear,Daylight,Dry,Stop Sign/Flasher,Champaign,2013,0,1,2623,-88.2578100010974,40.114402069297,0.0023384043600706513,0.005805377867462335
B-Injury,Pedalcyclist,Clear,Daylight,Dry,No Controls,Unincorporated,2013,0,1,2624,-88.3313508068796,40.127869810029,0.001502106347861701,0.0061387450230556626
C-Injury,Pedalcyclist,Clear,Daylight,Dry,Traffic Signal,Urbana,2013,0,2,2625,-88.2156220946917,40.1164542062709,0.0028181606245156615,0.005856174439767303
C-Injury,Pedalcyclist,Clear,Daylight,Dry,No Controls,Champaign,2013,0,1,2626,-88.2542100012711,40.1126499992084,0.002379343164951268,0.005762008854540301
C-Injury,Pedalcyclist,Clear,Daylight,Dry,No Controls,Urbana,2013,0,1,2627,-88.2206536645797,40.1129774099554,0.002760942161230253,0.00577011325687543
B-Injury,Pedalcyclist,Clear,Daylight,Dry,Stop Sign/Flasher,Champaign,2013,0,1,2628,-88.2578100418272,40.115331353362,0.002338403896895794,0.005828380447601993
B-Injury,Pedalcyclist,Clear,Daylight,Dry,Stop Sign/Flasher,Champaign,2013,0,1,2629,-88.2817427400956,40.0983400274701,0.002066243865797787,0.005407793944263331
B-Injury,Pedalcyclist,Clear,Daylight,Dry,Traffic Signal,Champaign,2013,0,1,2631,-88.2765100005749,40.0982599997562,0.0021257500081770693,0.005405813017255443
B-Injury,Pedalcyclist,Clear,"Darkness, lighted road",Dry,Traffic Signal,Tolono,2013,0,1,2632,-88.2625391032234,39.9863850076119,0.0022846255271431835,0.0026365699307320965
C-Injury,Pedalcyclist,,"Darkness, lighted road",,Stop Sign/Flasher,Urbana,2013,0,1,2633,-88.2214700006356,40.1059900002646,0.0027516588767518375,0.005597153816985607
C-Injury,Pedalcyclist,Clear,"Darkness, lighted road",Dry,Stop Sign/Flasher,Champaign,2013,0,1,2634,-88.2768100010656,40.1168735353814,0.0021223384353589213,0.0058665540985093695
C-Injury,Pedalcyclist,Clear,Daylight,Dry,Stop Sign/Flasher,Champaign,2013,0,1,2635,-88.2385960477227,40.1014700177572,0.0025569033395559716,0.005485270633175688
Property Damage,Pedalcyclist,Clear,"Darkness, lighted road",Dry,No Controls,Champaign,2013,0,0,2636,-88.2387121923846,40.1103663599539,0.0025555825551445903,0.005705481903374296
Property Damage,Pedalcyclist,Rain,Daylight,Wet,Stop Sign/Flasher,Champaign,2013,0,0,2637,-88.2579000015259,40.1212852560447,0.002337380885026396,0.005975757475531776
B-Injury,Pedalcyclist,Clear,Daylight,Dry,Traffic Signal,Urbana,2013,0,1,2638,-88.2089300014907,40.1124400002636,0.002894262377576203,0.005756810748020428
B-Injury,Pedalcyclist,Clear,"Darkness, lighted road",Dry,No Controls,Champaign,2013,0,1,2639,-88.2367440002443,40.1163478819405,0.0025779646212243375,0.005853542592280616
B-Injury,Pedalcyclist,Clear,Daylight,Dry,Other,Champaign,2013,0,1,2640,-88.238714593245,40.1123490711517,0.0025555552528221974,0.00575455997857086
B-Injury,Pedalcyclist,Clear,Daylight,Dry,Stop Sign/Flasher,Champaign,2013,0,1,2641,-88.2576900019534,40.1034099996803,0.002339768977231404,0.0055332910300987
C-Injury,Pedalcyclist,Clear,Daylight,Other,Stop Sign/Flasher,Unincorporated,2013,0,1,2642,-88.2981017055725,40.097050014578,0.0018802114969024386,0.005375862238933124
B-Injury,Pedalcyclist,Clear,Daylight,Dry,No Controls,Unincorporated,2013,0,1,2644,-88.0789400011198,40.3855100005483,0.004372494466019423,0.012516115896841984
B-Injury,Pedalcyclist,Clear,Daylight,Dry,No Controls,Champaign,2013,0,1,2645,-88.2435300388443,40.1199293513807,0.002500794531345816,0.005942194750343552
B-Injury,Pedalcyclist,Cloudy/Overcast,Dusk,Dry,No Controls,Urbana,2013,0,1,2646,-88.2279030163774,40.1104080534837,0.0026785033242643906,0.005706513943841462
C-Injury,Pedalcyclist,Clear,Darkness,Dry,No Controls,Unincorporated,2013,0,1,2647,-88.1834092042661,40.1301866615128,0.0031844820965731793,0.006196094076951033
C-Injury,Pedalcyclist,Clear,Daylight,Dry,Stop Sign/Flasher,Champaign,2013,0,1,2649,-88.2626899928629,40.1254193078248,0.0022829096266409497,0.0060780877111987625
C-Injury,Pedalcyclist,Clear,Daylight,Dry,Stop Sign/Flasher,Champaign,2013,0,1,2650,-88.257910079326,40.1221714237813,0.0023372662813842394,0.005997692796652711
B-Injury,Pedalcyclist,Clear,Daylight,Dry,Traffic Signal,Champaign,2013,0,1,2651,-88.2387099883208,40.1102334547257,0.0025556076195173134,0.005702192098590418
B-Injury,Pedalcyclist,Clear,Darkness,Dry,No Controls,Champaign,2013,0,1,2652,-88.2759700256145,40.1321109148627,0.002131890544457916,0.006243725144303885
B-Injury,Pedalcyclist,Clear,Daylight,Dry,Stop Sign/Flasher,Champaign,2013,0,1,2653,-88.2767100013924,40.1103300001003,0.0021234756207218785,0.005704581887461121
C-Injury,Pedalcyclist,Clear,Daylight,Dry,Traffic Signal,Champaign,2013,0,1,2654,-88.2689100558356,40.0982209181796,0.002212175749787729,0.005404845630498649
B-Injury,Pedalcyclist,Clear,Daylight,Dry,No Controls,Champaign,2013,0,1,2655,-88.2435300146987,40.119929766422,0.0025007948059268537,0.0059422050238660444
C-Injury,Pedalcyclist,Clear,Daylight,Wet,No Controls,Champaign,2014,0,1,2657,-88.2769880858015,40.1272433646411,0.002120313275190225,0.006123238612496342
B-Injury,Pedalcyclist,Clear,Daylight,Dry,No Controls,Champaign,2014,0,1,2658,-88.2466698418606,40.0978169475064,0.002465089034331917,0.005394846139348144
C-Injury,Pedalcyclist,Clear,Daylight,Dry,Stop Sign/Flasher,Champaign,2014,0,1,2659,-88.2367996531494,40.129519999539,0.0025773317424651644,0.006179592184735301
B-Injury,Pedalcyclist,Clear,Daylight,Dry,Traffic Signal,Champaign,2014,0,1,2660,-88.2765114897224,40.0982600210751,0.0021257330737544,0.005405813544962366
B-Injury,Pedalcyclist,Clear,Daylight,Dry,Stop Sign/Flasher,Champaign,2014,0,1,2661,-88.2767093889645,40.1103299954087,0.00212348258518504,0.005704581771329888
B-Injury,Pedalcyclist,Clear,Daylight,Dry,Traffic Signal,Champaign,2014,0,1,2662,-88.2768895778109,40.1196898405421,0.002121433497301601,0.00593626613554574
B-Injury,Pedalcyclist,Clear,Daylight,Dry,No Controls,Champaign,2014,0,1,2663,-88.2620000004639,40.1464800002951,0.0022907561448506464,0.0065994032965938105
B-Injury,Pedalcyclist,Clear,Daylight,Dry,No Controls,Champaign,2014,0,2,2664,-88.2699535526395,40.1306806079626,0.0022003092180905614,0.006208320739630566
C-Injury,Pedalcyclist,Clear,"Darkness, lighted road",Dry,Traffic Signal,Champaign,2014,0,1,2667,-88.2579800011622,40.1271699999251,0.002336471137898902,0.006121422614759146
B-Injury,Pedalcyclist,Clear,Daylight,Dry,No Controls,Champaign,2014,0,1,2668,-88.2688998904981,40.1273281079676,0.0022122913488956536,0.006125336265122112
C-Injury,Pedalcyclist,Clear,Daylight,Dry,Traffic Signal,Champaign,2014,0,1,2669,-88.2304501116662,40.1103199005694,0.002649538034799894,0.0057043318936459055
B-Injury,Pedalcyclist,Clear,Daylight,Dry,Lane Use Marking,Unincorporated,2014,0,1,2671,-88.3099014507924,40.1132106880814,0.0017460260828726978,0.005775887593260095
B-Injury,Pedalcyclist,Clear,Daylight,Dry,No Controls,Champaign,2014,0,1,2672,-88.2452300013243,40.1191049633898,0.0024814627436704506,0.005921788664044506
B-Injury,Pedalcyclist,Clear,Daylight,Dry,Traffic Signal,Urbana,2014,0,1,2673,-88.2239101363046,40.1105706389955,0.0027239099204031574,0.005710538425058199
Property Damage,Pedalcyclist,Clear,Daylight,Dry,Stop Sign/Flasher,Champaign,2014,0,0,2674,-88.2320504581696,40.1102999842875,0.0026313390691317965,0.005703838905669736
B-Injury,Pedalcyclist,Rain,Darkness,Wet,Traffic Signal,Champaign,2014,0,1,2676,-88.2335703994323,40.1102785519533,0.0026140544630800923,0.005703308390831918
B-Injury,Pedalcyclist,Clear,Daylight,Dry,Traffic Signal,Champaign,2014,0,1,2677,-88.2411691856378,40.1163417962186,0.0025276418961891903,0.00585339195232995
C-Injury,Pedalcyclist,Clear,Unknown,Dry,No Controls,Urbana,2014,0,1,2678,-88.2228399566932,40.0992384241729,0.002736079886073128,0.00543003196913827
B-Injury,Pedalcyclist,Clear,Daylight,Dry,Stop Sign/Flasher,Champaign,2014,0,1,2679,-88.2333299999426,40.0980899991059,0.0026167882598237113,0.005401604989022104
B-Injury,Pedalcyclist,Clear,Daylight,Dry,Traffic Signal,Urbana,2014,0,1,2680,-88.2239900011094,40.1128099997242,0.0027230017065647035,0.005765969349318642
B-Injury,Pedalcyclist,Clear,Daylight,Dry,Traffic Signal,Champaign,2014,0,2,2681,-88.2578400540231,40.1163213110743,0.00233806260148147,0.0058528848832957135
C-Injury,Pedalcyclist,Clear,Daylight,Dry,Stop Sign/Flasher,Champaign,2014,0,1,2682,-88.2414985360635,40.1027001278036,0.002523896559115374,0.005515719562613488
B-Injury,Pedalcyclist,Clear,Daylight,Dry,No Controls,Urbana,2014,0,1,2683,-88.1955488308168,40.0983800461904,0.003046431589166699,0.005408784528149808
B-Injury,Pedalcyclist,Clear,Daylight,Dry,Stop Sign/Flasher,Urbana,2014,0,1,2684,-88.1768001308093,40.1057399575865,0.003259639758169037,0.005590964507432294
B-Injury,Pedalcyclist,Clear,Daylight,Dry,No Controls,Urbana,2014,0,1,2686,-88.1768000402951,40.1057390513029,0.0032596407874865402,0.005590942074182883
C-Injury,Pedalcyclist,Clear,Daylight,Dry,No Controls,Urbana,2014,0,1,2687,-88.2001002383499,40.1016102780461,0.002994673479744331,0.005488742497869572
C-Injury,Pedalcyclist,Clear,Daylight,Dry,Stop Sign/Flasher,Urbana,2014,0,1,2688,-88.1945467304972,40.1109502051377,0.00305782736456527,0.005719933830546236
B-Injury,Pedalcyclist,Clear,Daylight,Dry,No Controls,Urbana,2014,0,1,2689,-88.20187906489,40.1128271695602,0.002974444858590149,0.0057663943544849095
C-Injury,Pedalcyclist,Clear,Daylight,Dry,Stop Sign/Flasher,Urbana,2014,0,1,2690,-88.2193699862805,40.1154985873974,0.002775540010662556,0.005832519993781816
Property Damage,Pedalcyclist,Clear,Dusk,Wet,No Controls,Urbana,2014,0,0,2691,-88.1906523960545,40.0938600356814,0.0031021133105602716,0.005296900651215907
B-Injury,Pedalcyclist,Clear,Daylight,Dry,Stop Sign/Flasher,Rantoul,2014,0,1,2692,-88.1364999963322,40.3160598354011,0.003717928486399195,0.010797015086146717
B-Injury,Pedalcyclist,Clear,Daylight,Dry,No Controls,Rantoul,2014,0,1,2693,-88.1611867615321,40.2879947964574,0.0034371932885053965,0.010102320824469286
C-Injury,Pedalcyclist,Clear,Daylight,Dry,No Controls,Rantoul,2014,0,2,2694,-88.1506380260902,40.309564337334,0.0035571523559583024,0.010636231940860497
B-Injury,Pedalcyclist,Clear,Daylight,Dry,No Controls,St. Joseph,2014,0,1,2695,-88.031308853649,40.1138928630157,0.004914150673418639,0.005792773477981914
B-Injury,Pedalcyclist,Clear,Dusk,Dry,Traffic Signal,Savoy,2014,0,1,2697,-88.2480596548735,40.0760921843796,0.002449284232525991,0.004857092804646998
B-Injury,Pedalcyclist,Clear,Darkness,Dry,Other Regualtory Sig,Rantoul,2012,0,1,2698,-88.1557400011812,40.3036099999333,0.0034991332523932055,0.010488844152350503
B-Injury,Pedalcyclist,Clear,Daylight,Dry,No Controls,Urbana,2012,0,1,2699,-88.2001571478328,40.1419630142613,0.0029940263113197633,0.006487594284532501
C-Injury,Pedalcyclist,Clear,Daylight,Dry,No Controls,Urbana,2012,0,1,2701,-88.2192600012576,40.1070799991612,0.0027767907483319055,0.005624134573371653
B-Injury,Pedalcyclist,Clear,Daylight,Dry,Stop Sign/Flasher,Rantoul,2012,0,1,2702,-88.1472089867743,40.3106600008055,0.00359614701658481,0.010663352912540051
B-Injury,Pedalcyclist,Clear,Daylight,Dry,Lane Use Marking,Champaign,2012,0,1,2703,-88.2401100009623,40.1145999996138,0.0025396868286489227,0.005810277239081585
B-Injury,Pedalcyclist,Clear,"Darkness, lighted road",Wet,No Controls,Urbana,2012,0,1,2704,-88.2194699924307,40.1231913507263,0.002774402751643758,0.006022939061140065
C-Injury,Pedalcyclist,Clear,Daylight,Dry,Traffic Signal,Champaign,2012,0,1,2705,-88.2289290633882,40.11639999916,0.0026668352297087856,0.005854832650469965
C-Injury,Pedalcyclist,Rain,"Darkness, lighted road",Wet,Lane Use Marking,Champaign,2012,0,1,2706,-88.2486664568641,40.1418331972631,0.002442383746555715,0.006484380922744508
C-Injury,Pedalcyclist,Snow,Daylight,Wet,No Controls,Urbana,2012,0,1,2707,-88.2238359304847,40.1045871874872,0.0027247537808832837,0.005562429974676952
B-Injury,Pedalcyclist,Clear,Daylight,Dry,Stop Sign/Flasher,Champaign,2012,0,1,2709,-88.250090001164,40.1182700002636,0.002426195356237818,0.005901120811288327
C-Injury,Pedalcyclist,Clear,Daylight,Dry,Stop Sign/Flasher,Tolono,2012,0,1,2710,-88.2616327687697,39.9902088719418,0.002294932263572925,0.0027312220925461254
B-Injury,Pedalcyclist,Clear,Daylight,Wet,No Controls,Unincorporated,2012,0,1,2712,-88.1771875757766,40.1343999996072,0.0032552337763124516,0.006300386887752215
B-Injury,Pedalcyclist,Clear,Daylight,Dry,No Controls,Champaign,2012,0,1,2713,-88.230372440783,40.1231100006877,0.0026504212996014734,0.006020925402612273
B-Injury,Pedalcyclist,Clear,Daylight,Dry,Stop Sign/Flasher,Unincorporated,2012,0,1,2715,-88.2732299660131,40.1416030836141,0.002163050203012186,0.006478684916698981
B-Injury,Pedalcyclist,Clear,Daylight,Dry,Traffic Signal,Urbana,2012,0,1,2717,-88.212820016904,40.1164907322092,0.0028500255471117187,0.005857078566777049
B-Injury,Pedalcyclist,Clear,Daylight,Dry,Stop Sign/Flasher,Urbana,2012,0,1,2718,-88.203600000262,40.118899999048,0.002954874569477309,0.005916715179115949
B-Injury,Pedalcyclist,Clear,Daylight,Dry,Stop Sign/Flasher,Champaign,2012,0,1,2719,-88.2813208961514,40.1092600112363,0.002071041029063009,0.005678096439663667
B-Injury,Pedalcyclist,Clear,"Darkness, lighted road",Dry,Traffic Signal,Champaign,2012,0,1,2720,-88.2445877629711,40.0980941980025,0.002488766208086426,0.005401708924362352
Fatal,Pedalcyclist,Clear,"Darkness, lighted road",Dry,No Controls,Champaign,2012,1,0,2721,-88.2828291545506,40.1128159897989,0.0020538892792591975,0.005766117621712911
C-Injury,Pedalcyclist,Clear,Daylight,Dry,Traffic Signal,Champaign,2012,0,1,2722,-88.243560001211,40.1272000001441,0.002500453802583837,0.006122165210557047
C-Injury,Pedalcyclist,Clear,Daylight,Dry,Traffic Signal,Champaign,2012,0,1,2723,-88.2335703878845,40.1102800935974,0.002614054594400383,0.005703346551167774
B-Injury,Pedalcyclist,Rain,Daylight,Wet,Traffic Signal,Champaign,2012,0,1,2724,-88.2302900003686,40.1041699994591,0.002651358802991018,0.005552103314174556
Property Damage,Pedalcyclist,Clear,Daylight,Dry,No Controls,Mahomet,2012,0,0,2725,-88.4078276903185,40.1880096704169,0.0006324195811800241,0.00762738774303794
B-Injury,Pedalcyclist,Clear,Darkness,Dry,No Controls,Champaign,2012,0,1,2726,-88.238940034532,40.1380118988571,0.0025529915591261227,0.0063897922752771995
B-Injury,Pedalcyclist,Clear,Daylight,Dry,No Controls,Urbana,2012,0,1,2727,-88.20666926695,40.11247346864,0.00291997120388574,0.005757639191162091
B-Injury,Pedalcyclist,Clear,Daylight,Dry,Traffic Signal,Urbana,2012,0,1,2730,-88.212820016904,40.1164907322092,0.0028500255471117187,0.005857078566777049
B-Injury,Pedalcyclist,Clear,Darkness,Dry,Stop Sign/Flasher,Urbana,2012,0,1,2731,-88.2176301012774,40.1046602259416,0.002795325792910817,0.0055642378964566854
C-Injury,Pedalcyclist,Clear,Daylight,Dry,No Controls,Champaign,2012,0,1,2732,-88.2558480473334,40.0981258067158,0.0023607154840163775,0.005402491335239908
C-Injury,Pedalcyclist,Clear,Daylight,Dry,Traffic Signal,Urbana,2012,0,1,2733,-88.2193000242912,40.109091722821,0.0027763356107645258,0.005673930794404735
B-Injury,Pedalcyclist,Clear,"Darkness, lighted road",Dry,Traffic Signal,Champaign,2012,0,1,2734,-88.2435601671057,40.1272030174149,0.002500451916047378,0.006122239897099065
B-Injury,Pedalcyclist,Rain,"Darkness, lighted road",Wet,Traffic Signal,Urbana,2012,0,1,2735,-88.2019300004382,40.1220199997604,0.0029738656250984934,0.005993944595960217
C-Injury,Pedalcyclist,Rain,Daylight,Wet,No Controls,Champaign,2012,0,1,2736,-88.2375286237845,40.1014750881869,0.0025690419680113215,0.005485396141585798