crash_severity,collision_type,weather,light,road_surface,traffic_control,city,year,fatality,injury,id,x,y,norm_x,norm_y
C-Injury,Pedalcyclist,Clear,"Darkness, lighted road",Wet,No Controls,Champaign,2011,0,1,2737,-88.2420231149755,40.1179099637252,0.002517931105015709,0.005892208822328519
Fatal,Pedalcyclist,Clear,Daylight,Dry,No Controls,Unincorporated,2011,1,1,2740,-88.3698391356001,40.1477644951671,0.0010644212768342017,0.0066311984143032346
C-Injury,Pedalcyclist,Clear,Daylight,Dry,No Controls,Champaign,2011,0,1,2743,-88.2813090549498,40.108429350229,0.0020711756859144426,0.005657535077310758
B-Injury,Pedalcyclist,Clear,Daylight,Dry,Stop Sign/Flasher,Champaign,2011,0,1,2744,-88.2485019425828,40.1221491150599,0.0024442545849965424,0.005997140588591403
B-Injury,Pedalcyclist,Clear,Daylight,Dry,No Controls,Unincorporated,2011,0,1,2745,-88.2944877471019,40.0548360766153,0.0019213090379618491,0.004330940102023846
B-Injury,Pedalcyclist,Clear,Daylight,Dry,No Controls,Urbana,2011,0,1,2746,-88.2237126808465,40.109079003542,0.0027261553623091337,0.005673615953931827
B-Injury,Pedalcyclist,Clear,Daylight,Dry,Traffic Signal,Champaign,2011,0,1,2747,-88.2333293245917,40.0980898346394,0.0026167959398404397,0.0054016009179807855
C-Injury,Pedalcyclist,Clear,Daylight,Dry,Stop Sign/Flasher,Champaign,2011,0,1,2748,-88.2402887647171,40.1102013331694,0.0025376539467514923,0.005701396993303592
C-Injury,Pedalcyclist,Clear,Daylight,Dry,Traffic Signal,Champaign,2011,0,1,2749,-88.2763515477156,40.0836994746131,0.0021275519167888715,0.0050453961554005585
B-Injury,Pedalcyclist,Clear,"Darkness, lighted road",Dry,No Controls,Champaign,2011,0,1,2750,-88.2769375481417,40.1222511605,0.002120887983938453,0.00599966652065268
B-Injury,Pedalcyclist,Clear,Daylight,Dry,No Controls,Unincorporated,2011,0,1,2752,-88.270456659633,40.141583073666,0.002194587940303213,0.0064781896102021385
B-Injury,Pedalcyclist,Clear,Daylight,Dry,No Controls,Champaign,2011,0,1,2753,-88.2768415000781,40.1184291454859,0.0021219802320285863,0.0059050601349759126
B-Injury,Pedalcyclist,Clear,Daylight,Dry,Traffic Signal,Champaign,2011,0,1,2755,-88.2434693608159,40.1125810085619,0.0025014845552583866,0.005760301128200353
B-Injury,Pedalcyclist,Clear,Daylight,Dry,Traffic Signal,Urbana,2011,0,1,2756,-88.2049686952829,40.1163195845287,0.0029393099191702475,0.005852842146090827
B-Injury,Pedalcyclist,Clear,Daylight,Dry,Stop Sign/Flasher,Champaign,2011,0,1,2758,-88.2386321630873,40.1026992480365,0.0025564926395736853,0.005515697785727403
C-Injury,Pedalcyclist,Clear,"Darkness, lighted road",Dry,Traffic Signal,Champaign,2011,0,1,2759,-88.2333293259122,40.0980899093077,0.002616795924823846,0.0054016027662461535
B-Injury,Pedalcyclist,Clear,Daylight,Dry,Stop Sign/Flasher,Champaign,2011,0,1,2760,-88.2322600497075,40.1273000646645,0.0026289556170514755,0.006124642108888132
B-Injury,Pedalcyclist,Clear,Daylight,Dry,Traffic Signal,Urbana,2011,0,1,2761,-88.212820007025,40.1164902520797,0.002850025659454656,0.0058570666821254865
B-Injury,Pedalcyclist,Clear,Daylight,Dry,Stop Sign/Flasher,Champaign,2011,0,1,2762,-88.2854658330229,40.0692894907608,0.0020239052596150737,0.004688705644008939
B-Injury,Pedalcyclist,Clear,Dawn,Wet,Stop Sign/Flasher,Champaign,2011,0,1,2763,-88.2504896022705,40.1023148050956,0.002421651136093709,0.005506181664779901
B-Injury,Pedalcyclist,Clear,Daylight,Dry,No Controls,Champaign,2011,0,1,2764,-88.27668651083,40.0982683638359,0.002123742752832147,0.005406020053425305
B-Injury,Pedalcyclist,Clear,Daylight,Dry,Traffic Signal,Champaign,2011,0,1,2765,-88.2335492036491,40.1126691988351,0.0026142954992118173,0.005762484103141274
Property Damage,Pedalcyclist,Clear,Daylight,Dry,No Controls,Champaign,2011,0,0,2766,-88.2320788799469,40.1126803353451,0.002631015859784172,0.005762759765313183
C-Injury,Pedalcyclist,,Daylight,Dry,Stop Sign/Flasher,Champaign,2011,0,1,2767,-88.2381891461246,40.0872488201599,0.002561530580093168,0.0051332531503265055
B-Injury,Pedalcyclist,Clear,Daylight,Dry,Stop Sign/Flasher,Champaign,2011,0,1,2768,-88.2859106259705,40.1023990610225,0.002018847122789272,0.00550826725279734
Fatal,Pedalcyclist,Clear,Darkness,Dry,Stop Sign/Flasher,Champaign,2011,1,0,2769,-88.2389207435103,40.1352585336411,0.002553210934518198,0.006321638191482925
Property Damage,Pedalcyclist,Clear,Dawn,Wet,Stop Sign/Flasher,Champaign,2011,0,0,2770,-88.2504872686089,40.1023086529975,0.002421677674238714,0.0055060293818182645
B-Injury,Pedalcyclist,Rain,Daylight,Wet,Stop Sign/Flasher,Urbana,2011,0,1,2771,-88.2238300737954,40.104202076347,0.002724820382514401,0.005552897313783814
B-Injury,Pedalcyclist,Clear,Daylight,Dry,Stop Sign/Flasher,Champaign,2011,0,1,2773,-88.2558093318651,40.1090421592176,0.0023611557520939754,0.005672703945906953
B-Injury,Pedalcyclist,Clear,Daylight,Dry,Traffic Signal,Champaign,2011,0,1,2775,-88.257974745177,40.1271698729756,0.0023365309083886172,0.006121419472376538
B-Injury,Pedalcyclist,Clear,Daylight,Dry,Traffic Signal,Champaign,2011,0,1,2777,-88.2772307654633,40.1392311607897,0.002117553548578525,0.006419972681217707
B-Injury,Pedalcyclist,Clear,Daylight,Dry,No Controls,Champaign,2011,0,1,2778,-88.2583376836432,40.1271743217515,0.002332403611786172,0.006121529592982226
C-Injury,Pedalcyclist,Clear,Daylight,Dry,Stop Sign/Flasher,Rantoul,2011,0,1,2779,-88.1541015194244,40.3036788156807,0.0035177658879984,0.010490547549410664
B-Injury,Pedalcyclist,Clear,Daylight,Dry,Stop Sign/Flasher,Champaign,2011,0,1,2780,-88.2355401114839,40.1272697460614,0.002591655112734936,0.006123891632124526
Property Damage,Pedalcyclist,Clear,Daylight,Dry,No Controls,Champaign,2011,0,0,2781,-88.2768114463501,40.1174487105356,0.0021223219997414614,0.005880791416329639
B-Injury,Pedalcyclist,Rain,Daylight,Wet,Other Regualtory Sig,Champaign,2011,0,1,2782,-88.2334746401103,40.1034844765586,0.002615143427632248,0.005535134557203153
B-Injury,Pedalcyclist,Rain,Daylight,Wet,No Controls,Champaign,2011,0,1,2783,-88.2775287975569,40.1274200017734,0.0021141643601572412,0.006127610913651996
B-Injury,Pedalcyclist,Clear,Daylight,Dry,Stop Sign/Flasher,Champaign,2011,0,1,2784,-88.2353912846054,40.1126505224321,0.0025933475557443626,0.005762021805903054
B-Injury,Pedalcyclist,Clear,Daylight,Dry,No Controls,Champaign,2011,0,1,2785,-88.2451298638109,40.1084699972061,0.002482601496537146,0.005658541212445688
B-Injury,Pedalcyclist,Clear,"Darkness, lighted road",Dry,Lane Use Marking,Urbana,2011,0,1,2786,-88.2274372878953,40.1041997392328,0.002683799537702153,0.005552839463166564
Property Damage,Pedalcyclist,Clear,Daylight,Dry,No Controls,Mahomet,2011,0,0,2788,-88.4077701201898,40.1922989155287,0.0006330742623965965,0.007733559481194878
B-Injury,Pedalcyclist,Snow,Daylight,Wet,No Controls,Champaign,2011,0,1,2789,-88.2765975389406,40.1128482914263,0.002124754531442049,0.005766917184302054
B-Injury,Pedalcyclist,Clear,Daylight,Dry,No Controls,Champaign,2011,0,1,2790,-88.2421324672409,40.1210992181735,0.002516687562995444,0.005971152477767894
B-Injury,Pedalcyclist,Rain,"Darkness, lighted road",Wet,Traffic Signal,Rantoul,2011,0,1,2791,-88.1365218068296,40.3121193046817,0.003717680459804602,0.010699475079727329
B-Injury,Pedalcyclist,Fog/Smoke/Haze,Darkness,Wet,No Controls,Urbana,2010,0,1,2792,-88.2238716539837,40.1070091109749,0.0027243475371539426,0.005622379877205278
C-Injury,Pedalcyclist,Rain,"Darkness, lighted road",Wet,Stop Sign/Flasher,Champaign,2010,0,1,2793,-88.246880834317,40.1211802785248,0.002462689651159491,0.005973158965662311
C-Injury,Pedalcyclist,Clear,Daylight,Dry,Stop Sign/Flasher,Champaign,2010,0,1,2795,-88.2443010592385,40.0999195520227,0.002492026571623576,0.005446891935364235
Property Damage,Pedalcyclist,Clear,Dawn,Dry,Stop Sign/Flasher,Champaign,2010,0,0,2796,-88.3070907063154,40.0840607036957,0.001777989562112979,0.0050543376634218555
B-Injury,Pedalcyclist,Clear,Daylight,Dry,No Controls,Urbana,2010,0,1,2797,-88.2239323404314,40.1111294551185,0.002723657417497942,0.005724370807573763
B-Injury,Pedalcyclist,,"Darkness, lighted road",Dry,Stop Sign/Flasher,Champaign,2010,0,1,2798,-88.2335514793695,40.1068911526372,0.002614269619968057,0.005619460052989845
B-Injury,Pedalcyclist,Clear,"Darkness, lighted road",Dry,No Controls,Champaign,2010,0,1,2799,-88.2517384878314,40.1182692163714,0.0024074489458818073,0.005901101407594913
Property Damage,Pedalcyclist,Clear,Daylight,Dry,No Controls,Urbana,2010,0,0,2800,-88.2241628126953,40.1070077329356,0.002721036512082048,0.005622345766581156
C-Injury,Pedalcyclist,Snow,Daylight,Dry,Traffic Signal,Champaign,2010,0,1,2801,-88.2333293259122,40.0980899093077,0.002616795924823846,0.0054016027662461535
C-Injury,Pedalcyclist,Clear,Daylight,Dry,Lane Use Marking,Urbana,2010,0,1,2802,-88.2255784421369,40.1105595132652,0.0027049381286683963,0.005710263029716357
B-Injury,Pedalcyclist,Clear,Darkness,Dry,Stop Sign/Flasher,Urbana,2010,0,1,2804,-88.220648973634,40.1128401241373,0.0027609955061524845,0.005766715019294713
B-Injury,Pedalcyclist,Clear,Darkness,Dry,No Controls,Champaign,2010,0,1,2805,-88.2488594867079,40.0981014970707,0.00244018863225217,0.005401889598289271
B-Injury,Pedalcyclist,Clear,Daylight,Dry,Traffic Signal,Champaign,2010,0,1,2806,-88.2335492036491,40.1126691988351,0.0026142954992118173,0.005762484103141274
B-Injury,Pedalcyclist,Clear,Daylight,Dry,No Controls,Unincorporated,2010,0,2,2807,-88.423585428203,40.040196981665,0.0004532243068075248,0.003968578400743904
B-Injury,Pedalcyclist,Clear,Daylight,Dry,Stop Sign/Flasher,Champaign,2010,0,1,2808,-88.2750369173955,40.1354155567111,0.0021425017492227643,0.0063255249855080665
B-Injury,Pedalcyclist,Clear,"Darkness, lighted road",Dry,Stop Sign/Flasher,Urbana,2010,0,1,2809,-88.1957493804543,40.1109501430664,0.003044150960590432,0.005719932294094543
C-Injury,Pedalcyclist,Clear,"Darkness, lighted road",Dry,Stop Sign/Flasher,Champaign,2010,0,1,2810,-88.2402900575361,40.110201311698,0.002537639244955086,0.005701396461821742
B-Injury,Pedalcyclist,Clear,Daylight,Dry,Traffic Signal,Champaign,2010,0,1,2811,-88.2574894074614,40.0835994364498,0.002342050115888173,0.005042919909487268
B-Injury,Pedalcyclist,Clear,Daylight,Dry,No Controls,Champaign,2010,0,1,2812,-88.2402899835312,40.1102013105405,0.002537640086530747,0.005701396433170243
B-Injury,Pedalcyclist,Clear,Daylight,Dry,Other,Champaign,2010,0,1,2813,-88.2816982407808,40.1187932912495,0.0020667499071460316,0.0059140738396387844
C-Injury,Pedalcyclist,Clear,Dusk,Dry,Traffic Signal,Champaign,2010,0,1,2814,-88.2579798328102,40.1271692784025,0.00233647305237949,0.006121404754901075
B-Injury,Pedalcyclist,Clear,Daylight,Dry,Traffic Signal,Urbana,2010,0,1,2815,-88.2239132988055,40.110569828607,0.0027238739567882553,0.005710518365501488
B-Injury,Pedalcyclist,Clear,"Darkness, lighted road",Dry,Traffic Signal,Champaign,2010,0,1,2816,-88.2289311531276,40.1164012665383,0.002666811465420419,0.005854864021900823
B-Injury,Pedalcyclist,Clear,"Darkness, lighted road",Dry,,Champaign,2010,0,1,2817,-88.2452295346321,40.1183096222001,0.002481468050843178,0.005902101573580493
B-Injury,Pedalcyclist,Clear,Daylight,Dry,No Controls,Champaign,2010,0,1,2818,-88.2877129280474,40.0838412205775,0.001998351540394207,0.005048904795038699
B-Injury,Pedalcyclist,Clear,Daylight,Dry,Stop Sign/Flasher,Champaign,2010,0,1,2819,-88.2531108282894,40.1221512715086,0.002391842840062265,0.00599719396719321
C-Injury,Pedalcyclist,Clear,Daylight,Dry,Traffic Signal,Champaign,2010,0,1,2820,-88.2578894483318,40.1407502199765,0.0023375008947972412,0.006457573972359279
B-Injury,Pedalcyclist,Clear,Daylight,Dry,Traffic Signal,Urbana,2010,0,1,2824,-88.2193194650557,40.1105696712672,0.0027761145325136474,0.005710514470867489
B-Injury,Pedalcyclist,Clear,Daylight,Dry,No Controls,Urbana,2010,0,1,2825,-88.2049250852805,40.1094738520919,0.0029398058473551225,0.005683389645049771
C-Injury,Pedalcyclist,Clear,Daylight,Dry,Lane Use Marking,Urbana,2010,0,1,2826,-88.2266493570216,40.1104894902643,0.002692759801550553,0.005708529749495032
C-Injury,Pedalcyclist,Clear,Daylight,Dry,No Controls,Champaign,2010,0,1,2827,-88.2962000021287,40.0839500002026,0.0019018374607867121,0.005051597418465908
C-Injury,Pedalcyclist,Clear,Daylight,Dry,Stop Sign/Flasher,Urbana,2010,0,1,2828,-88.2049100886999,40.0983310739398,0.002939976386831853,0.005407572317415175
C-Injury,Pedalcyclist,Clear,Daylight,Dry,Traffic Signal,Champaign,2010,0,1,2829,-88.2387094344258,40.1126207405397,0.0025556139183508363,0.00576128461434617
C-Injury,Pedalcyclist,Clear,Daylight,Dry,Stop Sign/Flasher,Urbana,2010,0,1,2830,-88.1906696577784,40.0947593252494,0.003101917012121206,0.005319160777194241
B-Injury,Pedalcyclist,Clear,Daylight,Dry,No Controls,Champaign,2010,0,1,2831,-88.2765633931357,40.1025083809037,0.002125142833806463,0.00551097324919048
B-Injury,Pedalcyclist,Clear,Daylight,Dry,Traffic Signal,Champaign,2010,0,1,2833,-88.244587325001,40.0980934391913,0.0024887711886344244,0.0054016901414992565
B-Injury,Pedalcyclist,Clear,Daylight,Dry,No Controls,Urbana,2010,0,1,2835,-88.2050034479456,40.1127165894957,0.00293891471568525,0.005763657164758622
B-Injury,Pedalcyclist,,Darkness,,Stop Sign/Flasher,Champaign,2010,0,1,2836,-88.232059000465,40.107980663143,0.0026312419270813335,0.005646428720232198
C-Injury,Pedalcyclist,Clear,Dusk,Dry,No Controls,Urbana,2010,0,1,2838,-88.1763160301714,40.1039134344801,0.0032651448977561175,0.005545752558024914
Property Damage,Pedalcyclist,Clear,Daylight,Dry,No Controls,Urbana,2010,0,0,2839,-88.2013172070143,40.1233983761479,0.002980834244993929,0.006028063564002576
Property Damage,Pedalcyclist,Rain,"Darkness, lighted road",Wet,No Controls,Urbana,2010,0,0,2840,-88.2129958633545,40.1164874026829,0.0028480258404803642,0.00585699615097068
C-Injury,Pedalcyclist,Clear,Dusk,Dry,No Controls,Champaign,2010,0,1,2842,-88.2289407656534,40.1115408520182,0.0026667021528267608,0.005734554120202228
B-Injury,Pedalcyclist,Clear,Daylight,Dry,No Controls,Champaign,2010,0,1,2843,-88.2305635867562,40.1014981101747,0.0026482476084686095,0.005485966005139152
B-Injury,Pedalcyclist,Clear,Daylight,Dry,No Controls,Unincorporated,2005,0,1,2844,-88.4076016502466,40.1494425784445,0.0006349900841925184,0.006672736030757764
C-Injury,Pedalcyclist,Clear,Daylight,Dry,No Controls,Urbana,2005,0,1,2846,-88.2255099696115,40.1059660652504,0.0027057167907495773,0.00559656135327836
C-Injury,Pedalcyclist,Clear,Daylight,Dry,Yield,Champaign,2005,0,1,2847,-88.2334792705186,40.1054186557579,0.002615090771134748,0.00558301131923106
B-Injury,Pedalcyclist,Clear,Dawn,Unknown,No Controls,Thomasboro,2005,0,1,2848,-88.1903078388056,40.2387914072745,0.00310603157796691,0.00888438871366732
C-Injury,Pedalcyclist,Clear,Daylight,Dry,No Controls,Rantoul,2005,0,1,2849,-88.1364851714829,40.3189669941749,0.003718097072966484,0.010868976023809995
C-Injury,Pedalcyclist,Clear,Daylight,Dry,Traffic Signal,Champaign,2005,0,1,2850,-88.2579581466968,40.1358384865631,0.002336719664492798,0.006335993773449748
B-Injury,Pedalcyclist,Clear,Daylight,Dry,No Controls,Champaign,2005,0,1,2851,-88.2399271172527,40.1102203396634,0.0025417665622223568,0.0057018674612884365
B-Injury,Pedalcyclist,Clear,Daylight,Dry,Yield,Champaign,2005,0,1,2852,-88.2817374927142,40.0983280748165,0.0020663035384459643,0.005407498080078529
B-Injury,Pedalcyclist,Clear,Daylight,Dry,Stop Sign/Flasher,Rantoul,2005,0,1,2853,-88.158879005872,40.3036081465493,0.0034634368338497296,0.01048879827551308
B-Injury,Pedalcyclist,Rain,Daylight,Wet,Traffic Signal,Rantoul,2005,0,1,2854,-88.1533438558287,40.3082176082557,0.003526381955666859,0.010602896339060487
B-Injury,Pedalcyclist,Clear,Daylight,Dry,No Controls,Rantoul,2005,0,1,2855,-88.1434566641898,40.3050229147889,0.0036388180192371434,0.010523818051527793
B-Injury,Pedalcyclist,Clear,Dusk,Dry,No Controls,Unincorporated,2005,0,1,2857,-88.1536799866207,40.1859214104549,0.0035225595130078747,0.007575697017954577
B-Injury,Pedalcyclist,Clear,Daylight,Dry,No Controls,Champaign,2005,0,1,2859,-88.2418785499684,40.1163574404194,0.0025195750824888808,0.005853779193428973
B-Injury,Pedalcyclist,Clear,Daylight,Ice,Traffic Signal,Urbana,2005,0,1,2860,-88.2019300070184,40.122021411026,0.0029738655502690825,0.005993979529035359
B-Injury,Pedalcyclist,Clear,Daylight,Dry,Stop Sign/Flasher,Champaign,2005,0,1,2861,-88.281465682926,40.1024083526773,0.002069394529673961,0.005508497249245339
C-Injury,Pedalcyclist,Clear,Daylight,Dry,No Controls,Champaign,2005,0,1,2862,-88.2413725066234,40.1038483531503,0.0025253297521448956,0.005544141599050451
B-Injury,Pedalcyclist,Rain,Darkness,Dry,No Controls,Champaign,2005,0,1,2864,-88.238675717834,40.109027792163,0.0025559973397507227,0.005672348318023789
C-Injury,Pedalcyclist,Clear,Daylight,Dry,No Controls,Champaign,2005,0,1,2865,-88.2386607698389,40.1063154061101,0.002556167326718553,0.005605208591968801
B-Injury,Pedalcyclist,Clear,Daylight,Dry,Traffic Signal,Unincorporated,2005,0,3,2866,-88.238385419215,40.0833340589336,0.0025592985839433587,0.005036351016493663
C-Injury,Pedalcyclist,Clear,"Darkness, lighted road",Dry,No Controls,Champaign,2005,0,1,2867,-88.2386491654897,40.105389642528,0.0025562992901103504,0.005582293154386761
B-Injury,Pedalcyclist,Clear,Daylight,Dry,Stop Sign/Flasher,Urbana,2005,0,1,2868,-88.204940341452,40.1020072537487,0.0029396323558388057,0.0054985688424249715
B-Injury,Pedalcyclist,Clear,Daylight,Dry,Traffic Signal,Champaign,2005,0,1,2869,-88.2435603436002,40.1272276081802,0.00250044990897125,0.0061228485926215674
B-Injury,Pedalcyclist,Clear,Daylight,Dry,No Controls,Champaign,2005,0,1,2870,-88.2452017847364,40.094607848824,0.0024817836196266902,0.0053154112793326255
C-Injury,Pedalcyclist,Clear,Daylight,Dry,Stop Sign/Flasher,Urbana,2005,0,1,2871,-88.2095261861744,40.0909155171137,0.0028874826304604966,0.005224014946104699
B-Injury,Pedalcyclist,Snow,Daylight,Dry,Yield,Champaign,2005,0,1,2874,-88.2508399296572,40.1372380728598,0.0024176672513102626,0.006370637750641078
B-Injury,Pedalcyclist,Clear,Darkness,Dry,Stop Sign/Flasher,Urbana,2005,0,1,2875,-88.2131668675867,40.1106915165713,0.0028460811990265846,0.005713530509211166
B-Injury,Pedalcyclist,Clear,Daylight,Dry,Traffic Signal,Urbana,2005,0,1,2876,-88.2156904460654,40.1164623282156,0.002817383340158385,0.005856375482366421
Property Damage,Pedalcyclist,Clear,Daylight,Dry,Traffic Signal,Urbana,2005,0,0,2878,-88.2193700773236,40.1164391840334,0.0027755389753303028,0.005855802594133715
C-Injury,Pedalcyclist,Clear,Daylight,Dry,Traffic Signal,Urbana,2005,0,1,2879,-88.2191277277582,40.1006242984507,0.002778294948121811,0.005464336532553316
B-Injury,Pedalcyclist,Clear,Daylight,Dry,No Controls,Urbana,2005,0,1,2880,-88.2191763627947,40.103759969965,0.0027777418757980905,0.005541953848953969
C-Injury,Pedalcyclist,Snow,"Darkness, lighted road",Wet,No Controls,Champaign,2005,0,1,2881,-88.2579236849834,40.1245505535316,0.002337111559334107,0.006056583425261196
B-Injury,Pedalcyclist,Clear,Daylight,Dry,No Controls,Urbana,2005,0,1,2882,-88.2194476723342,40.1224214716961,0.0027746565733437127,0.006003882235830125
B-Injury,Pedalcyclist,Clear,Daylight,Dry,Stop Sign/Flasher,Urbana,2005,0,1,2883,-88.2192328082642,40.1064645407987,0.002777099984083196,0.00560890012478991
B-Injury,Pedalcyclist,Clear,"Darkness, lighted road",Dry,Stop Sign/Flasher,Urbana,2005,0,1,2884,-88.2192879009825,40.1082938992783,0.0027764734757071974,0.005654182258225792
C-Injury,Pedalcyclist,Clear,Daylight,Dry,Stop Sign/Flasher,Urbana,2005,0,1,2886,-88.2255091488259,40.1059658212693,0.002705726124633638,0.005596555314011164
B-Injury,Pedalcyclist,Clear,Daylight,Dry,No Controls,Urbana,2005,0,1,2887,-88.2256229392537,40.1126478186264,0.002704432112315487,0.005761954878566621
B-Injury,Pedalcyclist,Clear,Daylight,Dry,No Controls,Urbana,2005,0,1,2888,-88.1757397510289,40.1129829803541,0.0032716982812311833,0.005770251141024426
B-Injury,Pedalcyclist,Clear,Daylight,Dry,Other Warning Sign,Urbana,2005,0,1,2889,-88.2282241718718,40.1127403927023,0.0026748511790543436,0.005764246365830791
B-Injury,Pedalcyclist,Clear,"Darkness, lighted road",Dry,No Controls,Urbana,2005,0,1,2890,-88.2196940314048,40.1164366724091,0.0027718550048968856,0.005855740423865796
B-Injury,Pedalcyclist,Clear,Daylight,Dry,Stop Sign/Flasher,Champaign,2005,0,1,2891,-88.2501874869362,40.1271984436117,0.00242508675868244,0.0061221266816909045
C-Injury,Pedalcyclist,Clear,Unknown,Dry,No Passing,Champaign,2005,0,1,2892,-88.2604353058371,40.1309460744117,0.002308549681271458,0.006214891833981366
C-Injury,Pedalcyclist,Clear,Daylight,Dry,Traffic Signal,Champaign,2005,0,1,2893,-88.2860457003968,40.1129354384783,0.002017311071164456,0.005769074336375411
B-Injury,Pedalcyclist,Rain,"Darkness, lighted road",Wet,Stop Sign/Flasher,Champaign,2005,0,1,2894,-88.2304362563524,40.1135175193298,0.0026496955959152877,0.005783482591007674
B-Injury,Pedalcyclist,Clear,Daylight,Dry,No Controls,Champaign,2005,0,1,2895,-88.2483528278687,40.1125723056086,0.0024459503012410266,0.00576008570388807
B-Injury,Pedalcyclist,Clear,Daylight,Dry,Traffic Signal,Champaign,2005,0,1,2896,-88.2451371508181,40.112631524087,0.0024825186294871347,0.005761551539628085
B-Injury,Pedalcyclist,Clear,Daylight,Dry,Traffic Signal,Champaign,2005,0,1,2897,-88.233598529755,40.1126947291111,0.00261373456812232,0.005763116054383906
B-Injury,Pedalcyclist,Rain,"Darkness, lighted road",Wet,Stop Sign/Flasher,Champaign,2005,0,1,2898,-88.2767496691821,40.1119204484132,0.002123024522949477,0.005743950274538188
B-Injury,Pedalcyclist,Clear,Daylight,Dry,Traffic Signal,Urbana,2005,0,1,2899,-88.2192975701454,40.1090815505928,0.002776363519042558,0.005673679001112235
B-Injury,Pedalcyclist,Clear,Daylight,Dry,Traffic Signal,Champaign,2005,0,1,2900,-88.2386878465894,40.1102299835603,0.0025558594128688443,0.0057021061767896595
B-Injury,Pedalcyclist,Clear,Daylight,Dry,Stop Sign/Flasher,Urbana,2005,0,1,2901,-88.1957025647103,40.1077435258105,0.003044683344118605,0.0056405588568605135
C-Injury,Pedalcyclist,Clear,Daylight,Dry,Stop Sign/Flasher,Urbana,2005,0,1,2902,-88.2096558490404,40.1055976150296,0.0028860081185083774,0.0055874411003325065
B-Injury,Pedalcyclist,Clear,Daylight,Dry,Other Regualtory Sig,Champaign,2005,0,1,2903,-88.2300647139041,40.1068720201975,0.002653920736062513,0.005618986467469416
C-Injury,Pedalcyclist,Clear,Daylight,Unknown,Other,Champaign,2005,0,1,2904,-88.2332996474712,40.1054179693135,0.0026171334248137625,0.005582994327664156
B-Injury,Pedalcyclist,Clear,Daylight,Dry,No Controls,Champaign,2005,0,1,2905,-88.2327599098289,40.1041497601197,0.002623271262339039,0.005551602329551879
B-Injury,Pedalcyclist,Clear,Daylight,Dry,Stop Sign/Flasher,Champaign,2005,0,1,2906,-88.2824567400415,40.0973045195306,0.0020581243363865507,0.005382162003223306
B-Injury,Pedalcyclist,Clear,Daylight,Dry,No Controls,Champaign,2005,0,1,2908,-88.2906630238582,40.0773594923907,0.001964803373003883,0.004888462495772531
B-Injury,Pedalcyclist,Clear,"Darkness, lighted road",Dry,No Controls,Urbana,2005,0,1,2909,-88.2175590773702,40.0982262735974,0.00279613346902717,0.00540497819322271
C-Injury,Pedalcyclist,Other,Daylight,Wet,No Controls,Rantoul,2006,0,1,2911,-88.1558158279455,40.3097027058176,0.0034982709587103493,0.010639656977673906
B-Injury,Pedalcyclist,Clear,Daylight,Dry,Traffic Signal,Savoy,2006,0,1,2912,-88.2483722267825,40.0741220434174,0.0024457296989118674,0.004808325880650148
C-Injury,Pedalcyclist,Clear,Daylight,Dry,Traffic Signal,Savoy,2006,0,1,2913,-88.2491690221417,40.0690017715107,0.0024366686291023283,0.004681583725795258
C-Injury,Pedalcyclist,Clear,Daylight,Dry,No Controls,Rantoul,2006,0,1,2914,-88.1405813324882,40.3120341259084,0.0036715159773423782,0.01069736664848126
B-Injury,Pedalcyclist,Clear,Daylight,Dry,No Controls,Thomasboro,2006,0,1,2915,-88.1886574873231,40.2414184512593,0.0031247991947964725,0.00894941596643818
B-Injury,Pedalcyclist,Clear,Daylight,Dry,Traffic Signal,Rantoul,2006,0,1,2916,-88.1523653136136,40.308210018821,0.0035375098308735755,0.010602708477687928
B-Injury,Pedalcyclist,Clear,Daylight,Dry,No Controls,Unincorporated,2006,0,1,2917,-88.2383863781942,40.0702993042714,0.0025592876785366227,0.004713701570527509
B-Injury,Pedalcyclist,Clear,Daylight,Dry,Stop Sign/Flasher,Unincorporated,2006,0,1,2918,-88.1048478918572,40.128022430872,0.004077872761868086,0.006142522848700574
Fatal,Pedalcyclist,Clear,Daylight,Dry,Lane Use Marking,Unincorporated,2006,1,0,2919,-88.1620729026061,40.0798615792923,0.003427116188984321,0.00495039668429252
B-Injury,Pedalcyclist,Clear,Daylight,Dry,Lane Use Marking,Unincorporated,2006,0,1,2920,-88.1604949850494,39.8836262486983,0.0034450600951200184,9.298107993541057e-05
C-Injury,Pedalcyclist,Clear,Daylight,Dry,No Controls,Urbana,2006,0,1,2921,-88.2037493276406,40.1186313390941,0.0029531764348354837,0.005910065035900807
B-Injury,Pedalcyclist,Clear,Daylight,Dry,Stop Sign/Flasher,Urbana,2006,0,1,2922,-88.1904464690897,40.0837402698292,0.003104455089515494,0.0050464059598974015
B-Injury,Pedalcyclist,Clear,Daylight,Dry,Stop Sign/Flasher,Champaign,2006,0,1,2923,-88.3084472115432,40.0995399944151,0.0017625635328019679,0.0054374967411334055
C-Injury,Pedalcyclist,Clear,Daylight,Dry,No Controls,Champaign,2006,0,1,2924,-88.2386899367371,40.109010588367,0.002555835643937425,0.005671922472245233
B-Injury,Pedalcyclist,Clear,Daylight,Dry,No Controls,Champaign,2006,0,1,2927,-88.2335284384328,40.1058225791496,0.002614531638983944,0.005593009640022099
B-Injury,Pedalcyclist,Clear,Daylight,Dry,Traffic Signal,Champaign,2006,0,1,2929,-88.2446019306359,40.0981116134431,0.0024886050949495084,0.0054021400089824525
B-Injury,Pedalcyclist,Clear,Daylight,Dry,No Controls,Champaign,2006,0,1,2931,-88.2436165470843,40.1298933213651,0.0024998107690877834,0.006188833024588512
C-Injury,Pedalcyclist,Clear,Daylight,Dry,Stop Sign/Flasher,Champaign,2006,0,1,2932,-88.2435194420392,40.1143618641728,0.002500915037056142,0.005804382669517726