crash_severity,collision_type,weather,light,road_surface,traffic_control,city,year,fatality,injury,id,x,y,norm_x,norm_y
B-Injury,Pedalcyclist,Clear,Daylight,Dry,Traffic Signal,Champaign,2006,0,2,2933,-88.2438210709038,40.1027702484826,0.0024974849465477346,0.005517455260661967
C-Injury,Pedalcyclist,Clear,"Darkness, lighted road",Dry,Traffic Signal,Champaign,2006,0,1,2934,-88.2436152350724,40.1272082944496,0.0024998256891438702,0.0061223705196053755
B-Injury,Pedalcyclist,Clear,Daylight,Dry,Stop Sign/Flasher,Champaign,2006,0,1,2935,-88.245139392038,40.1116409746349,0.002482493142579154,0.005737032456591695
B-Injury,Pedalcyclist,Clear,Daylight,Dry,No Controls,Champaign,2006,0,1,2936,-88.2468386029274,40.1151356328062,0.002463169901910068,0.005823535774224546
C-Injury,Pedalcyclist,Clear,"Darkness, lighted road",Dry,Traffic Signal,Champaign,2006,0,1,2937,-88.2468635183287,40.1183086905043,0.0024628865666874392,0.005902078511302612
B-Injury,Pedalcyclist,Clear,Daylight,Dry,Stop Sign/Flasher,Champaign,2006,0,1,2939,-88.2579317394677,40.1212621920213,0.002337019964618281,0.005975186571470646
B-Injury,Pedalcyclist,Clear,Daylight,Dry,Traffic Signal,Champaign,2006,0,1,2940,-88.2579510659314,40.1271694235645,0.002336800186183658,0.006121408348098011
C-Injury,Pedalcyclist,Clear,Unknown,Dry,Stop Sign/Flasher,Urbana,2006,0,1,2941,-88.2194386139409,40.1173307463923,0.0027747595844031174,0.00587787144840804
C-Injury,Pedalcyclist,Clear,Daylight,Dry,Traffic Signal,Champaign,2006,0,1,2942,-88.2580180051909,40.1399603714048,0.0023360389602347076,0.006438022840737505
C-Injury,Pedalcyclist,Clear,Daylight,Dry,Traffic Signal,Champaign,2006,0,1,2943,-88.2581094432226,40.1380109402771,0.002334999136923988,0.0063897685475343404
B-Injury,Pedalcyclist,Clear,Daylight,Dry,Traffic Signal,Urbana,2006,0,1,2944,-88.219553400739,40.1274154093055,0.0027734542414705222,0.006127497236236281
B-Injury,Pedalcyclist,Clear,Daylight,Dry,Stop Sign/Flasher,Urbana,2006,0,1,2945,-88.2238802234854,40.1090791828511,0.0027242500857164336,0.005673620392372167
B-Injury,Pedalcyclist,Clear,Daylight,Dry,No Controls,Urbana,2006,0,1,2946,-88.2238493764341,40.1055521100858,0.0027246008750150224,0.005586314715886775
B-Injury,Pedalcyclist,Clear,Daylight,Dry,No Controls,Urbana,2006,0,1,2947,-88.2254902383238,40.1060029365245,0.0027059411727984395,0.005597474028389481
B-Injury,Pedalcyclist,Clear,Daylight,Dry,Traffic Signal,Champaign,2006,0,1,2948,-88.2769894893843,40.1274149221728,0.0021202973137999016,0.006127485178234382
B-Injury,Pedalcyclist,Clear,Darkness,Dry,Traffic Signal,Champaign,2006,0,1,2950,-88.2769918222689,40.1274116505962,0.0021202707844910963,0.006127404196857801
C-Injury,Pedalcyclist,Clear,Daylight,Dry,Stop Sign/Flasher,Champaign,2006,0,1,2951,-88.2787026678152,40.1092369172089,0.0021008152357743243,0.005677524792913078
C-Injury,Pedalcyclist,Clear,Daylight,Dry,Stop Sign/Flasher,Champaign,2006,0,1,2952,-88.2786112701583,40.1274628304957,0.0021018545999473845,0.0061286710535533384
B-Injury,Pedalcyclist,Clear,"Darkness, lighted road",Dry,No Controls,Champaign,2006,0,1,2954,-88.2320774515802,40.1164079324464,0.0026310321030143125,0.005855029023207866
B-Injury,Pedalcyclist,Clear,"Darkness, lighted road",Dry,No Controls,Champaign,2006,0,1,2956,-88.2388908350877,40.1163905407916,0.0025535510498338547,0.005854598527358015
B-Injury,Pedalcyclist,Clear,Daylight,Dry,Stop Sign/Flasher,Urbana,2006,0,1,2957,-88.2173795495612,40.1164396975797,0.0027981750396654363,0.005855815305951659
B-Injury,Pedalcyclist,Clear,Daylight,Dry,Stop Sign/Flasher,Urbana,2006,0,1,2958,-88.2090489676502,40.1174420106683,0.002892909507402211,0.005880625574430183
B-Injury,Pedalcyclist,Clear,Daylight,Dry,No Controls,Champaign,2006,0,1,2961,-88.2718902632294,40.1273609226611,0.0021782851567640625,0.006126148527642653
B-Injury,Pedalcyclist,Clear,Darkness,Wet,No Controls,Urbana,2006,0,1,2962,-88.207717745722,40.1274793142183,0.002908048017791521,0.006129079075345931
B-Injury,Pedalcyclist,Clear,Daylight,Dry,No Controls,Urbana,2006,0,1,2963,-88.2208850562763,40.1105054695945,0.0027583108001260144,0.005708925286056301
C-Injury,Pedalcyclist,Clear,"Darkness, lighted road",Dry,No Controls,Champaign,2006,0,1,2964,-88.256963501715,40.112630541337,0.0023480306586038226,0.005761527213604928
B-Injury,Pedalcyclist,Clear,Daylight,Dry,Traffic Signal,Champaign,2006,0,1,2965,-88.2767799154103,40.1128514858879,0.0021226805661454027,0.005766996256850144
B-Injury,Pedalcyclist,Clear,Dawn,Dry,No Controls,Champaign,2006,0,1,2966,-88.2856606022994,40.1129144671898,0.00202169036467277,0.005768555233807628
B-Injury,Pedalcyclist,Clear,Daylight,Dry,Stop Sign/Flasher,Champaign,2006,0,1,2967,-88.2484910535452,40.1126108763599,0.002444378413943101,0.005761040446179743
B-Injury,Pedalcyclist,Clear,Daylight,Dry,Traffic Signal,Champaign,2006,0,1,2968,-88.2387470180682,40.1126218572036,0.002555186521273898,0.005761312255141786
B-Injury,Pedalcyclist,Clear,Daylight,Dry,Traffic Signal,Urbana,2006,0,1,2969,-88.20495040223,40.1093016445178,0.0029395179457701436,0.005679126988803805
B-Injury,Pedalcyclist,Rain,Daylight,Wet,No Controls,Urbana,2006,0,1,2970,-88.2196862399273,40.1090883188311,0.00277194360872814,0.0056738465353999455
C-Injury,Pedalcyclist,Clear,Daylight,Dry,Stop Sign/Flasher,Champaign,2006,0,1,2971,-88.2320503025876,40.1102997843074,0.002631340838393317,0.005703833955559807
C-Injury,Pedalcyclist,Clear,"Darkness, lighted road",Dry,No Controls,Champaign,2006,0,1,2972,-88.2439534509828,40.1102184011857,0.0024959795347461937,0.0057018194781255195
C-Injury,Pedalcyclist,Clear,Daylight,Dry,Stop Sign/Flasher,Urbana,2006,0,1,2974,-88.2193203176796,40.108269546644,0.002776104836567785,0.005653579457162954
C-Injury,Pedalcyclist,Clear,Daylight,Dry,No Controls,Champaign,2006,0,1,2975,-88.2447861429864,40.1102123067359,0.002486510252216791,0.005701668622133162
B-Injury,Pedalcyclist,Clear,Darkness,Dry,No Controls,Champaign,2006,0,2,2978,-88.2714755514848,40.108969335006,0.002183001213434329,0.005670901327282016
B-Injury,Pedalcyclist,Clear,Daylight,Dry,Stop Sign/Flasher,Urbana,2006,0,1,2979,-88.2192194701732,40.1046387206819,0.002777251663397375,0.005563705576492997
B-Injury,Pedalcyclist,Clear,Daylight,Dry,No Controls,Champaign,2006,0,1,2980,-88.2782955579024,40.0982866080974,0.002105444845243567,0.005406471653859601
B-Injury,Pedalcyclist,Clear,Daylight,Dry,Stop Sign/Flasher,Champaign,2006,0,1,2981,-88.2817411248467,40.0983327947409,0.0020662622342317804,0.005407614912426469
C-Injury,Pedalcyclist,Clear,Daylight,Dry,Lane Use Marking,Champaign,2006,0,1,2982,-88.2927364019534,40.0984561125454,0.0019412251437319306,0.00541066739959107
C-Injury,Pedalcyclist,Clear,"Darkness, lighted road",Dry,Traffic Signal,Urbana,2006,0,1,2983,-88.1906998651565,40.0984103686583,0.003101573497116267,0.005409535100578814
B-Injury,Pedalcyclist,Clear,Daylight,Wet,Unknown,Champaign,2007,0,1,2985,-88.2370996220854,40.1053743525026,0.0025739205284836817,0.005581914680195823
C-Injury,Pedalcyclist,Clear,Daylight,Dry,Unknown,Champaign,2007,0,1,2986,-88.2304504921992,40.1126402022523,0.002649533707420228,0.005761766350362843
B-Injury,Pedalcyclist,Clear,"Darkness, lighted road",Dry,Unknown,Urbana,2007,0,1,2987,-88.1888201949068,40.0983112798236,0.0031229489019234135,0.005407082353408152
B-Injury,Pedalcyclist,Fog/Smoke/Haze,"Darkness, lighted road",Wet,Unknown,Urbana,2007,0,1,2988,-88.2176287861648,40.1046576381825,0.0027953407482276668,0.005564173841623197
B-Injury,Pedalcyclist,Clear,Daylight,Dry,Unknown,Champaign,2007,0,1,2990,-88.2416992757009,40.1163804062139,0.0025216137698810515,0.005854347666028849
B-Injury,Pedalcyclist,Clear,Daylight,Dry,Unknown,Urbana,2007,0,1,2992,-88.2042469047165,40.1177102162679,0.0029475180426670306,0.0058872644710078045
C-Injury,Pedalcyclist,Rain,Darkness,Dry,Unknown,Champaign,2007,0,1,2993,-88.2951986176454,40.0984713647621,0.0019132250957729676,0.00541104493790269
B-Injury,Pedalcyclist,Clear,Daylight,Dry,Unknown,Champaign,2007,0,1,2994,-88.2500719193022,40.1163095801152,0.0024264009811955055,0.005852594506717637
B-Injury,Pedalcyclist,Clear,Daylight,Dry,Unknown,Champaign,2007,0,1,2995,-88.2626494228959,40.0872700854042,0.0022833709838751435,0.005133779529185904
B-Injury,Pedalcyclist,Clear,Daylight,Dry,Unknown,Urbana,2007,0,1,2996,-88.2240190415343,40.1163821489437,0.002722671462024084,0.005854390803841501
B-Injury,Pedalcyclist,Fog/Smoke/Haze,Daylight,Dry,Unknown,Champaign,2007,0,1,2997,-88.242321287702,40.1249036236975,0.002514540317332374,0.006065322975514892
B-Injury,Pedalcyclist,Clear,Daylight,Dry,Unknown,Urbana,2007,0,1,2998,-88.2194228544194,40.1154987006214,0.002774938799960442,0.00583252279641702
B-Injury,Pedalcyclist,Clear,Daylight,Dry,Unknown,Urbana,2007,0,1,2999,-88.2193314832511,40.1090919835547,0.0027759778629081193,0.005673937248349276
B-Injury,Pedalcyclist,Clear,Daylight,Dry,Unknown,Urbana,2007,0,1,3000,-88.2191849101375,40.1027694736099,0.002777644676349178,0.005517436080228214
C-Injury,Pedalcyclist,Clear,Daylight,Dry,Unknown,Urbana,2007,0,1,3002,-88.2193996882871,40.1136104471964,0.0027752022426871577,0.005785782835657571
B-Injury,Pedalcyclist,Clear,Darkness,Dry,Unknown,Urbana,2007,0,1,3003,-88.1978096914353,40.1109128528611,0.0030207213291142624,0.005719009249174143
B-Injury,Pedalcyclist,Clear,Daylight,Dry,Unknown,Champaign,2007,0,1,3004,-88.27647165112,40.0935303280318,0.0021261861139901415,0.005288739393621664
B-Injury,Pedalcyclist,Clear,Daylight,Dry,Unknown,Champaign,2007,0,1,3005,-88.2768946466232,40.1196916748218,0.002121375855321677,0.005936311539494221
B-Injury,Pedalcyclist,Clear,Daylight,Dry,Unknown,Champaign,2007,0,1,3006,-88.2766919245779,40.1090135454468,0.0021236811882822484,0.005671995668878699
C-Injury,Pedalcyclist,Clear,Daylight,Dry,Unknown,Champaign,2007,0,1,3007,-88.2437290111783,40.1359601117176,0.0024985318396926214,0.006339004362427568
B-Injury,Pedalcyclist,Clear,Daylight,Wet,Unknown,Champaign,2007,0,1,3008,-88.2434682883775,40.1125597007389,0.0025014967509106867,0.00575977369538991
B-Injury,Pedalcyclist,Clear,Unknown,Unknown,Unknown,Champaign,2007,0,1,3009,-88.272879057055,40.1346520097805,0.002167040701362233,0.006306624898739152
C-Injury,Pedalcyclist,Rain,Daylight,Wet,Unknown,Urbana,2007,0,1,3012,-88.2093984377135,40.08374115344,0.0028889353720068416,0.005046427831926695
B-Injury,Pedalcyclist,Clear,Daylight,Dry,Unknown,Urbana,2007,0,1,3014,-88.1784422705228,40.1129941058709,0.0032409655246797616,0.0057705265310815795
B-Injury,Pedalcyclist,Clear,Daylight,Dry,Unknown,Urbana,2007,0,1,3015,-88.205002218461,40.1135672278448,0.0029389286972498073,0.005784713026504179
B-Injury,Pedalcyclist,Rain,"Darkness, lighted road",Wet,Unknown,Champaign,2007,0,1,3016,-88.241210341359,40.1211186201491,0.002527173877822275,0.00597163273511374
B-Injury,Pedalcyclist,Clear,Daylight,Dry,Unknown,Champaign,2007,0,1,3017,-88.2289634213178,40.1163601947735,0.002666444515085408,0.005853847371990612
B-Injury,Pedalcyclist,Clear,Daylight,Dry,Unknown,Urbana,2007,0,1,3018,-88.1994297781363,40.1273950199076,0.0030022978800746457,0.0061269925372139135
B-Injury,Pedalcyclist,Clear,"Darkness, lighted road",Dry,Unknown,Champaign,2007,0,1,3019,-88.2321201476977,40.1239313393968,0.0026305465674287608,0.00604125601000057
B-Injury,Pedalcyclist,Clear,Daylight,Dry,Unknown,Champaign,2007,0,1,3020,-88.2321210057336,40.1232601339189,0.0026305368099381675,0.006024641652370814
C-Injury,Pedalcyclist,Clear,Daylight,Dry,Unknown,Champaign,2007,0,1,3021,-88.2389672230544,40.136066045806,0.002552682374218612,0.006341626550248936
B-Injury,Pedalcyclist,Rain,Dusk,Wet,Unknown,Urbana,2007,0,1,3022,-88.2239313420938,40.1059592100241,0.0027236687704840752,0.005596391665775704
C-Injury,Pedalcyclist,Clear,Daylight,Dry,Unknown,Champaign,2007,0,1,3023,-88.2579794123891,40.1319540022871,0.0023364778333621918,0.006239841085348133
C-Injury,Pedalcyclist,Clear,"Darkness, lighted road",Dry,Unknown,Champaign,2007,0,1,3024,-88.2383142361548,40.110249340067,0.002560108069930289,0.005702585308643214
C-Injury,Pedalcyclist,Clear,Daylight,Dry,Unknown,Champaign,2007,0,1,3025,-88.2470826791877,40.1126021006951,0.002460394293332674,0.0057608232220385915
B-Injury,Pedalcyclist,Rain,"Darkness, lighted road",Wet,Unknown,Champaign,2007,0,1,3026,-88.2828122952764,40.0983412636892,0.0020540810010842223,0.005407824544410215
C-Injury,Pedalcyclist,Clear,Daylight,Dry,Unknown,Champaign,2007,0,1,3027,-88.2446681358807,40.097703378298,0.002487852216135624,0.005392034959305301
B-Injury,Pedalcyclist,Clear,Daylight,Dry,Unknown,Urbana,2007,0,2,3028,-88.2073100228441,40.109250592906,0.002912684597832891,0.005677863307615374
C-Injury,Pedalcyclist,Clear,Daylight,Dry,Unknown,Champaign,2007,0,1,3029,-88.2351958204336,40.1126412769807,0.002595570352960034,0.005761792953128491
B-Injury,Pedalcyclist,Clear,Daylight,Dry,Unknown,Champaign,2007,0,1,3030,-88.230630581071,40.1115280346314,0.0026474857564370135,0.0057342368512656
Property Damage,Pedalcyclist,Clear,"Darkness, lighted road",Ice,No Controls,Urbana,2008,0,0,3031,-88.2234445650962,40.1059659235792,0.0027292043453415404,0.005596557846489341
C-Injury,Pedalcyclist,Clear,"Darkness, lighted road",Dry,Stop Sign/Flasher,Champaign,2008,0,1,3032,-88.2414800019752,40.1026999950676,0.0025241073267434516,0.005515716276997656
B-Injury,Pedalcyclist,Rain,Daylight,Wet,Stop Sign/Flasher,Champaign,2008,0,1,3034,-88.270289453332,40.1183686746179,0.0021964893920981485,0.005903563298820346
C-Injury,Pedalcyclist,Clear,Daylight,Dry,No Controls,Champaign,2008,0,1,3035,-88.2462473357693,40.0878407163985,0.002469893727461667,0.0051479043653592385
B-Injury,Pedalcyclist,Clear,Daylight,Dry,Stop Sign/Flasher,Champaign,2008,0,1,3036,-88.2451896259823,40.1153385268503,0.0024819218876503723,0.0058285580130480194
C-Injury,Pedalcyclist,Clear,"Darkness, lighted road",Dry,No Controls,Champaign,2008,0,1,3037,-88.2434497215044,40.1088131171156,0.0025017078913638965,0.005667034463877706
B-Injury,Pedalcyclist,Clear,Daylight,Dry,Traffic Signal,Champaign,2008,0,1,3039,-88.2436201899012,40.1336183098363,0.0024997693433719006,0.006281037711029426
Property Damage,Pedalcyclist,Clear,Daylight,Dry,No Controls,Champaign,2008,0,0,3040,-88.246835868912,40.1148287647047,0.0024632009928345824,0.005815939864251497
B-Injury,Pedalcyclist,Clear,Daylight,Dry,Stop Sign/Flasher,Champaign,2008,0,1,3041,-88.2451400213483,40.111640648995,0.002482485986131068,0.005737024396023094
C-Injury,Pedalcyclist,Clear,Daylight,Dry,Traffic Signal,Champaign,2008,0,1,3042,-88.2580144466879,40.1358605657861,0.0023360794271423306,0.00633654030073417
B-Injury,Pedalcyclist,Clear,Daylight,Dry,Traffic Signal,Urbana,2008,0,1,3044,-88.2193810318502,40.1164311332551,0.0027754144016500994,0.005855603313117146
B-Injury,Pedalcyclist,Clear,Daylight,Dry,Stop Sign/Flasher,Champaign,2008,0,1,3046,-88.2320989373846,40.1154008886824,0.0026307877687929515,0.005830101656261718
B-Injury,Pedalcyclist,Clear,Daylight,Dry,Traffic Signal,Champaign,2008,0,1,3047,-88.2577993595687,40.1126598131871,0.0023385253743729425,0.005762251780078396
C-Injury,Pedalcyclist,Clear,Daylight,Dry,Lane Use Marking,Unincorporated,2008,0,1,3048,-88.1825889187416,40.2260688376119,0.0031938102939771166,0.008569466786919626
B-Injury,Pedalcyclist,Clear,Daylight,Dry,No Controls,St. Joseph,2008,0,1,3049,-88.0382702268195,40.1168488107027,0.004834986697951936,0.005865942088226719
B-Injury,Pedalcyclist,Clear,Daylight,Dry,Stop Sign/Flasher,Unincorporated,2008,0,1,3051,-88.2378607324278,40.0104694930694,0.002565265264788122,0.0032327335019404625
B-Injury,Pedalcyclist,Clear,Daylight,Dry,Stop Sign/Flasher,St. Joseph,2008,0,1,3053,-88.0416992415873,40.1131799202504,0.004795992316483908,0.005775125996752695
C-Injury,Pedalcyclist,Unknown,Daylight,Unknown,No Controls,Champaign,2008,0,1,3054,-88.2545396112958,40.1306872650088,0.0023755948757460737,0.006208485521578807
B-Injury,Pedalcyclist,Clear,Daylight,Dry,No Controls,Rantoul,2008,0,1,3056,-88.1558211519176,40.3106815579413,0.003498210415080995,0.010663886516593491
C-Injury,Pedalcyclist,Clear,Daylight,Dry,No Controls,Champaign,2008,0,1,3058,-88.2575811779356,40.0927182971592,0.002341006512077525,0.00526863918322722
B-Injury,Pedalcyclist,Clear,Daylight,Dry,No Controls,Champaign,2008,0,1,3059,-88.2517122608464,40.1036540137135,0.0024077471962910633,0.0055393311125291125
B-Injury,Pedalcyclist,Clear,Daylight,Dry,Traffic Signal,Champaign,2008,0,1,3060,-88.2468109043477,40.112609881045,0.002463484887133548,0.005761015809137541
Property Damage,Pedalcyclist,Clear,Daylight,Dry,No Controls,Urbana,2008,0,0,3061,-88.2159669695075,40.1127594041028,0.002814238745772908,0.005764716955266381
Property Damage,Pedalcyclist,Clear,Daylight,Dry,Traffic Signal,Urbana,2008,0,0,3062,-88.2019300852411,40.1220186704026,0.002973864660729107,0.005993911690350045
C-Injury,Pedalcyclist,Clear,Daylight,Dry,Stop Sign/Flasher,Champaign,2008,0,1,3064,-88.2603695333102,40.1309505064084,0.0023092976392646725,0.006215001539251211
C-Injury,Pedalcyclist,Clear,Darkness,Dry,Stop Sign/Flasher,Champaign,2008,0,1,3065,-88.2355401104111,40.1272697460605,0.0025916551249347665,0.006123891632102189
C-Injury,Pedalcyclist,Clear,Daylight,Dry,Stop Sign/Flasher,Champaign,2008,0,1,3066,-88.2468315149459,40.1144191366273,0.002463250505661646,0.0058058003353036805
B-Injury,Pedalcyclist,Rain,"Darkness, lighted road",Wet,Traffic Signal,Champaign,2008,0,1,3068,-88.2434716004798,40.11022125248,0.0025014590860451057,0.0057018900562492755
B-Injury,Pedalcyclist,Clear,Daylight,Dry,Traffic Signal,Champaign,2008,0,1,3069,-88.2387094344258,40.1126207405397,0.0025556139183508363,0.00576128461434617
B-Injury,Pedalcyclist,Clear,Daylight,Dry,Traffic Signal,Champaign,2008,0,1,3070,-88.2387294870562,40.1163404613301,0.002555385882027761,0.005853358909818084
Property Damage,Pedalcyclist,Clear,"Darkness, lighted road",Dry,Traffic Signal,Champaign,2008,0,0,3071,-88.2445883723397,40.0980934446604,0.002488759278413112,0.0054016902768758875
C-Injury,Pedalcyclist,Clear,Daylight,Dry,Stop Sign/Flasher,Champaign,2008,0,1,3072,-88.2386321630873,40.1026992480365,0.0025564926395736853,0.005515697785727403
B-Injury,Pedalcyclist,Clear,Daylight,Dry,Traffic Signal,Champaign,2008,0,1,3073,-88.2451799422975,40.0944788596928,0.0024820320094564936,0.0053122184097470155
B-Injury,Pedalcyclist,Clear,Daylight,Dry,Stop Sign/Flasher,Urbana,2008,0,1,3074,-88.2191595348441,40.1018902481519,0.0027779332414146207,0.005495672601416954
C-Injury,Pedalcyclist,Clear,Daylight,Dry,Traffic Signal,Urbana,2008,0,1,3075,-88.2191305958169,40.1006490504101,0.002778262332871477,0.005464949218115441
C-Injury,Pedalcyclist,Unknown,Daylight,Dry,Stop Sign/Flasher,Urbana,2008,0,1,3076,-88.2240900822153,40.1200593498641,0.0027218635951579482,0.005945412604436942
C-Injury,Pedalcyclist,Clear,Daylight,Dry,No Controls,Urbana,2008,0,1,3077,-88.21933744834,40.1115290947101,0.0027759100285685437,0.005734263091407037
B-Injury,Pedalcyclist,Clear,Daylight,Dry,No Controls,Champaign,2008,0,1,3078,-88.2320795238633,40.1126803348099,0.002631008537237098,0.005762759752065494
Property Damage,Pedalcyclist,Clear,Daylight,Dry,No Controls,Champaign,2008,0,0,3079,-88.2626419423549,40.1227121607272,0.0022834560517704804,0.006011077665070062
B-Injury,Pedalcyclist,Clear,"Darkness, lighted road",Dry,Traffic Signal,Champaign,2008,0,1,3080,-88.2302902575577,40.1041713181658,0.0026513558782646565,0.005552135956137927
B-Injury,Pedalcyclist,Clear,Daylight,Dry,No Controls,Rantoul,2008,0,1,3081,-88.1388731095017,40.3220663714364,0.00369094170259545,0.010945694948114933
B-Injury,Pedalcyclist,Clear,Daylight,Dry,No Controls,Rantoul,2008,0,1,3083,-88.1668686934244,40.2870546379989,0.003372578979530867,0.010079049070330762
C-Injury,Pedalcyclist,Clear,Daylight,Dry,Stop Sign/Flasher,Champaign,2008,0,1,3084,-88.2574009487223,40.0792197761649,0.0023430560590089328,0.004934510123414182
B-Injury,Pedalcyclist,Rain,Daylight,Wet,No Controls,Urbana,2008,0,1,3085,-88.223840518449,40.1048456705617,0.0027247016070543204,0.005568828209468594
B-Injury,Pedalcyclist,Clear,Daylight,Dry,Stop Sign/Flasher,St. Joseph,2008,0,1,3086,-88.0416992415873,40.1131799202504,0.004795992316483908,0.005775125996752695
B-Injury,Pedalcyclist,Clear,Daylight,Dry,Stop Sign/Flasher,Champaign,2008,0,1,3087,-88.2764182126058,40.0908492168316,0.002126793810937786,0.005222373814388657
B-Injury,Pedalcyclist,Clear,Daylight,Dry,No Controls,Champaign,2008,0,1,3088,-88.2320504643395,40.1102999222534,0.002631338998968386,0.005703837370138779
C-Injury,Pedalcyclist,Rain,"Darkness, lighted road",Wet,Traffic Signal,Champaign,2008,0,1,3089,-88.2335714564492,40.1079702414535,0.0026140424427993107,0.00564617075202097
Property Damage,Pedalcyclist,Clear,Daylight,Dry,No Controls,Urbana,2008,0,0,3090,-88.227896559306,40.1104079863899,0.002678576753375118,0.005706512283067769
Property Damage,Pedalcyclist,Clear,Daylight,Dry,No Controls,Urbana,2008,0,0,3091,-88.2205237740483,40.1105419862068,0.0027624192621683915,0.00570982918221942
B-Injury,Pedalcyclist,Clear,Daylight,Dry,No Controls,Urbana,2008,0,1,3092,-88.2139149031105,40.1123495268726,0.0028375746207402494,0.0057545712590360495
B-Injury,Pedalcyclist,Clear,Daylight,Dry,No Controls,Urbana,2008,0,1,3093,-88.1966397425302,40.1162959916424,0.0030340258602968525,0.005852258151079728
B-Injury,Pedalcyclist,Rain,"Darkness, lighted road",Wet,Stop Sign/Flasher,Rantoul,2009,0,1,3096,-88.1426490041412,40.3110406320735,0.003648002641107888,0.010672774683100425
C-Injury,Pedalcyclist,Clear,Darkness,Dry,Traffic Signal,Champaign,2009,0,1,3097,-88.280343065598,40.1274604133518,0.002082160811330609,0.006128611221959913
B-Injury,Pedalcyclist,Clear,Dawn,Dry,Other,Champaign,2009,0,1,3098,-88.2289518759245,40.1108671920113,0.002666575808037253,0.00571787900558521
C-Injury,Pedalcyclist,Clear,Daylight,Dry,Stop Sign/Flasher,Urbana,2009,0,1,3100,-88.2254916288391,40.1059973710058,0.0027059253600103697,0.0055973362650351965
B-Injury,Pedalcyclist,Clear,Daylight,Dry,Traffic Signal,Champaign,2009,0,1,3101,-88.2334296306626,40.1014889489332,0.0026156552701561966,0.005485739236813157
B-Injury,Pedalcyclist,Rain,Daylight,Wet,Other,Rantoul,2009,0,1,3102,-88.1523714333113,40.3082188344007,0.003537440238339626,0.010602926689842966
Property Damage,Pedalcyclist,Clear,Daylight,Dry,No Controls,Champaign,2009,0,0,3103,-88.2374487058732,40.101474606997,0.0025699507857709788,0.005485384230686147
B-Injury,Pedalcyclist,Clear,Daylight,Dry,No Controls,Rantoul,2009,0,1,3104,-88.1344805815276,40.3094146095479,0.0037408930510236305,0.010632525727089429
B-Injury,Pedalcyclist,Clear,Daylight,Dry,No Controls,Champaign,2009,0,1,3106,-88.2747995738443,40.1309691358844,0.002145200794167414,0.0062154626749048305
C-Injury,Pedalcyclist,Clear,Daylight,Dry,No Controls,Gifford,2009,0,1,3107,-88.0215275635981,40.3060300008075,0.0050253824356953445,0.010548746464402714
B-Injury,Pedalcyclist,Clear,Daylight,Dry,Traffic Signal,Urbana,2009,0,1,3108,-88.1994296526096,40.1273891908135,0.0030022993075506928,0.0061268482495744035
C-Injury,Pedalcyclist,Clear,Daylight,Dry,No Controls,Champaign,2009,0,1,3109,-88.2536151612636,40.1101399827695,0.0023861076205561596,0.005699878386083945
Fatal,Pedalcyclist,Clear,Darkness,Dry,Lane Use Marking,Urbana,2009,1,0,3110,-88.2210743189357,40.1105456634408,0.0027561585258320137,0.005709920204838966
C-Injury,Pedalcyclist,Clear,Daylight,Dry,Stop Sign/Flasher,Urbana,2009,0,1,3111,-88.2195508347957,40.1299005957636,0.002773483421097568,0.00618901308786597
B-Injury,Pedalcyclist,Clear,Daylight,Dry,Stop Sign/Flasher,Champaign,2009,0,1,3112,-88.2423414702532,40.1272100979434,0.0025143108035642365,0.006122415161509953
B-Injury,Pedalcyclist,Clear,Daylight,Dry,Traffic Signal,Champaign,2009,0,1,3113,-88.2468767239029,40.0835694618433,0.0024627363943397085,0.005042177947675739
B-Injury,Pedalcyclist,Clear,Daylight,Dry,Traffic Signal,Champaign,2009,0,1,3115,-88.2335703588865,40.1102806096532,0.0026140549241624976,0.005703359325103453
B-Injury,Pedalcyclist,Rain,Daylight,Wet,Stop Sign/Flasher,Unincorporated,2009,0,1,3117,-88.2324500107769,40.083481760132,0.0026267954005153265,0.005040007066113895
B-Injury,Pedalcyclist,Clear,Dusk,Dry,No Controls,Champaign,2009,0,1,3119,-88.2304881818471,40.1273089204917,0.0026491051048603055,0.006124861317290032
B-Injury,Pedalcyclist,Clear,Daylight,Dry,Stop Sign/Flasher,Champaign,2009,0,1,3121,-88.2452188245063,40.1211595077322,0.002481589845224234,0.005972644825972167
B-Injury,Pedalcyclist,Clear,Daylight,Dry,No Controls,Champaign,2009,0,1,3122,-88.2626944460395,40.1257789687896,0.002282858985602962,0.006086990403580381
C-Injury,Pedalcyclist,Clear,Daylight,Dry,No Controls,Champaign,2009,0,1,3123,-88.2468808394632,40.1211807325691,0.002462689592637407,0.005973170204626683
B-Injury,Pedalcyclist,Clear,Daylight,Dry,Stop Sign/Flasher,Urbana,2009,0,1,3124,-88.2159889217593,40.1065197764927,0.0028139891071627767,0.005610267374617815
B-Injury,Pedalcyclist,Clear,Daylight,Dry,Traffic Signal,Champaign,2009,0,1,3126,-88.2468109054203,40.1126098810458,0.0024634848749359797,0.00576101580915724
B-Injury,Pedalcyclist,Clear,Daylight,Dry,No Controls,Urbana,2009,0,1,3127,-88.1813407827234,40.0988187252745,0.0032080039604713705,0.005419643157031539
B-Injury,Pedalcyclist,Clear,Daylight,Dry,No Controls,Urbana,2009,0,1,3128,-88.2050098267973,40.1135204560582,0.0029388421760803995,0.005783555283882666
B-Injury,Pedalcyclist,Clear,Daylight,Dry,No Controls,Urbana,2009,0,1,3129,-88.1758300659368,40.1128806401233,0.003270671229961606,0.005767717912005373
B-Injury,Pedalcyclist,Clear,Daylight,Dry,Traffic Signal,Champaign,2009,0,1,3130,-88.2574894074614,40.0835994364498,0.002342050115888173,0.005042919909487268
B-Injury,Pedalcyclist,Clear,Daylight,Dry,No Controls,Champaign,2009,0,1,3131,-88.2951612673934,40.0850819984946,0.0019136498387598217,0.0050796177864141055
C-Injury,Pedalcyclist,Clear,Daylight,Dry,Stop Sign/Flasher,Urbana,2009,0,1,3132,-88.2011386118059,40.1238004141076,0.0029828652102000253,0.00603801521467165