crash_severity,collision_type,weather,light,road_surface,traffic_control,city,year,fatality,injury,id,x,y,norm_x,norm_y
B-Injury,Pedalcyclist,Clear,Daylight,Dry,No Controls,Rantoul,2009,0,1,3133,-88.1676522382209,40.307236426647,0.003363668593673489,0.010578609138369433
B-Injury,Pedalcyclist,Clear,Daylight,Dry,No Controls,Urbana,2009,0,1,3135,-88.2194098198148,40.1105676110277,0.0027750870280605594,0.0057104634737331905
B-Injury,Pedalcyclist,Clear,Daylight,Dry,No Controls,Champaign,2009,0,1,3136,-88.2767183795046,40.1090130801824,0.002123380345744901,0.005671984152183173
B-Injury,Pedalcyclist,Clear,Daylight,Dry,Traffic Signal,Champaign,2009,0,1,3137,-88.2385206855859,40.0980392268295,0.002557760349545587,0.005400348222226233
B-Injury,Pedalcyclist,Clear,Daylight,Dry,No Controls,Unincorporated,2009,0,1,3138,-88.2844800936991,39.9669357549642,0.0020351149795559656,0.0021551423355173575
C-Injury,Pedalcyclist,Clear,Daylight,Dry,No Controls,Urbana,2009,0,1,3139,-88.2239802363309,40.1125357637069,0.0027231127505593913,0.005759181181736052
B-Injury,Pedalcyclist,Clear,Daylight,Dry,Stop Sign/Flasher,Champaign,2009,0,1,3140,-88.2386711103913,40.1053707230294,0.002556049735085997,0.00558182483980013
B-Injury,Pedalcyclist,Clear,Daylight,Dry,Traffic Signal,Urbana,2009,0,1,3141,-88.2193009113469,40.1090901853342,0.002776325523263917,0.00567389273697476
C-Injury,Pedalcyclist,Clear,"Darkness, lighted road",Dry,No Controls,Champaign,2009,0,1,3142,-88.2384577909813,40.1102344109719,0.0025584755801205472,0.005702215768564547
B-Injury,Pedalcyclist,Clear,Daylight,Dry,No Controls,Champaign,2009,0,1,3143,-88.2434678390386,40.1100161321476,0.00250150186074357,0.005696812710083481
C-Injury,Pedalcyclist,Clear,"Darkness, lighted road",Dry,No Controls,Champaign,2009,0,1,3144,-88.2766696780761,40.1090099664696,0.0021239341730712497,0.0056719070784110905
B-Injury,Pedalcyclist,Clear,Daylight,Dry,Stop Sign/Flasher,Champaign,2009,0,1,3147,-88.27869854065,40.109239176685,0.0021008621694462424,0.005677580721753498
C-Injury,Pedalcyclist,Rain,Dawn,Wet,No Controls,Urbana,2009,0,1,3148,-88.2169098797258,40.1183302075219,0.002803516073742491,0.005902611122309691
B-Injury,Pedalcyclist,Clear,"Darkness, lighted road",Dry,Traffic Signal,Champaign,2009,0,1,3149,-88.2435606625618,40.1272001708531,0.0025004462817746435,0.006122169436119087
C-Injury,Pedalcyclist,Clear,Daylight,Dry,Stop Sign/Flasher,Mahomet,2009,0,1,3151,-88.3935737917266,40.1893084197261,0.0007945133593463987,0.007659535701010439
B-Injury,Pedalcyclist,Clear,Darkness,Dry,No Controls,Champaign,2009,0,1,3152,-88.244301098171,40.0999193016981,0.0024920261288874593,0.005446885739076349
B-Injury,Pedalcyclist,Rain,"Darkness, lighted road",Wet,Traffic Signal,Urbana,2009,0,1,3154,-88.2195408352587,40.1273696092058,0.0027735971347403084,0.0061263635457928555
C-Injury,Pedalcyclist,Rain,Darkness,Wet,Stop Sign/Flasher,Urbana,2009,0,1,3155,-88.2001112433637,40.1018847482944,0.0029945483319293417,0.005495536463375113
B-Injury,Pedalcyclist,Clear,Daylight,Dry,Stop Sign/Flasher,Champaign,2009,0,1,3156,-88.2468687778308,40.1202115310633,0.0024628267562038946,0.0059491795475732035
C-Injury,Pedalcyclist,Clear,Daylight,Dry,Traffic Signal,Champaign,2009,0,1,3157,-88.2335492036491,40.1126691988351,0.0026142954992118173,0.005762484103141274
C-Injury,Pedalcyclist,Clear,Daylight,Dry,No Controls,Champaign,2009,0,1,3158,-88.235034639666,40.1126541587057,0.002597403283047231,0.005762111814629273
B-Injury,Pedalcyclist,Rain,Darkness,Wet,No Controls,Champaign,2009,0,1,3162,-88.233487616609,40.1040218505862,0.002614995860306207,0.0055484361832617525
B-Injury,Pedalcyclist,Clear,"Darkness, lighted road",Dry,No Controls,Champaign,2009,0,1,3163,-88.2367327789247,40.1102621950123,0.0025780922288453426,0.005702903507265696
C-Injury,Pedalcyclist,Clear,Daylight,Dry,Lane Use Marking,Champaign,2009,0,1,3164,-88.2353988490858,40.1102708484918,0.002593261533299362,0.005703117706952623
B-Injury,Pedalcyclist,Clear,Daylight,Dry,No Controls,Urbana,2015,0,1,3166,-88.2072499739941,40.1055699651064,0.0029133674667973864,0.0055867566814359415
B-Injury,Pedalcyclist,Clear,Daylight,Dry,Stop Sign/Flasher,Urbana,2015,0,1,3167,-88.2193707315639,40.1154999936259,0.0027755315353811074,0.0058325548021737
B-Injury,Pedalcyclist,Clear,Daylight,Dry,Traffic Signal,Champaign,2015,0,1,3168,-88.2289300008879,40.1163999997306,0.0026668245685645066,0.005854832664593891
B-Injury,Pedalcyclist,Clear,Daylight,Dry,No Controls,Urbana,2015,0,1,3169,-88.2252148883495,40.1042136483741,0.002709072422636152,0.0055531837563160096
B-Injury,Pedalcyclist,Clear,Daylight,Dry,Traffic Signal,Urbana,2015,0,1,3170,-88.2193001887649,40.1090899996023,0.0027763337403875253,0.005673888139550549
B-Injury,Pedalcyclist,Clear,Daylight,Dry,Stop Sign/Flasher,Urbana,2015,0,1,3171,-88.1955501823641,40.098380045602,0.003046416219518433,0.005408784513585126
C-Injury,Pedalcyclist,Clear,Daylight,Snow or Slush,No Controls,Urbana,2015,0,1,3172,-88.2191893970843,40.1029077483141,0.0027775936512800937,0.005520858795719171
C-Injury,Pedalcyclist,Clear,"Darkness, lighted road",Dry,No Controls,Urbana,2015,0,1,3174,-88.2215090422385,40.1068176708729,0.0027512148999073844,0.005617641157954566
B-Injury,Pedalcyclist,Clear,Daylight,Dry,No Controls,Urbana,2015,0,1,3175,-88.2207322033508,40.1059866961782,0.0027600490269021906,0.005597072030893467
B-Injury,Pedalcyclist,Clear,Daylight,Dry,Stop Sign/Flasher,Champaign,2015,0,1,3176,-88.2304205127321,40.1144299349871,0.0026498746306461408,0.005806067627239586
C-Injury,Pedalcyclist,Clear,Daylight,Dry,Stop Sign/Flasher,Urbana,2015,0,1,3178,-88.2089200016849,40.1115899993905,0.002894376094275688,0.005735770665726464
B-Injury,Pedalcyclist,Rain,Daylight,Wet,Traffic Signal,Urbana,2015,0,1,3179,-88.2239121105077,40.1105706570567,0.002723887469981084,0.005710538872127323
B-Injury,Pedalcyclist,Clear,Daylight,Dry,No Controls,Urbana,2015,0,1,3180,-88.2028967355153,40.1108242693232,0.0029628720193756314,0.00571681653974736
B-Injury,Pedalcyclist,Clear,Daylight,Dry,Stop Sign/Flasher,Urbana,2015,0,1,3182,-88.2241700015015,40.1006299999464,0.0027209547617629147,0.005464477661748086
B-Injury,Pedalcyclist,Clear,Daylight,Dry,Traffic Signal,Champaign,2015,0,1,3184,-88.233550014713,40.1126683411381,0.002614286275881735,0.005762462872556575
B-Injury,Pedalcyclist,Clear,Daylight,Dry,Traffic Signal,Champaign,2015,0,1,3185,-88.246809997927,40.1126096599355,0.0024634951948507037,0.005761010336011253
B-Injury,Pedalcyclist,Cloudy/Overcast,Daylight,Dry,Traffic Signal,Champaign,2015,0,1,3186,-88.2452108908721,40.1163499942577,0.0024816800656458833,0.00585359487849493
B-Injury,Pedalcyclist,Clear,Daylight,Dry,Traffic Signal,Champaign,2015,0,1,3187,-88.2579800011622,40.1271699999251,0.002336471137898902,0.006121422614759146
B-Injury,Pedalcyclist,Clear,Daylight,Dry,Stop Sign/Flasher,Champaign,2015,0,1,3189,-88.2532000005823,40.1271899993884,0.0023908287824855852,0.0061219176617255
B-Injury,Pedalcyclist,Clear,Darkness,Dry,No Controls,Savoy,2015,0,1,3190,-88.2525670892199,40.0481498508447,0.00239802618138068,0.004165435871495833
B-Injury,Pedalcyclist,Clear,Daylight,Dry,Traffic Signal,Champaign,2015,0,1,3191,-88.2414400014603,40.0980498217995,0.0025245622082305757,0.005400610479651794
C-Injury,Pedalcyclist,Clear,Daylight,Dry,Stop Sign/Flasher,Champaign,2015,0,1,3192,-88.2521800011096,40.129652928758,0.002402428105098423,0.006182882583363763
B-Injury,Pedalcyclist,Clear,Daylight,Dry,Traffic Signal,Champaign,2015,0,1,3193,-88.2436783008073,40.1325999996979,0.002499108512493714,0.006255831467376153
C-Injury,Pedalcyclist,Clear,Daylight,Dry,No Controls,Champaign,2015,0,1,3194,-88.2320733491679,40.1116736519038,0.0026310787551988724,0.005737841317439392
C-Injury,Pedalcyclist,Rain,"Darkness, lighted road",Wet,No Controls,Champaign,2015,0,1,3195,-88.257865350391,40.1378328417663,0.002337774933948304,0.006385360072858244
B-Injury,Pedalcyclist,Clear,"Darkness, lighted road",Dry,Traffic Signal,Champaign,2015,0,1,3196,-88.24369329452,40.1370202168184,0.002498938005630345,0.006365245157310366
B-Injury,Pedalcyclist,Clear,Daylight,Dry,Stop Sign/Flasher,Champaign,2015,0,1,3197,-88.2388900015543,40.1330296980372,0.0025535605286847187,0.006266467795768934
B-Injury,Pedalcyclist,Cloudy/Overcast,Daylight,Dry,Stop Sign/Flasher,Champaign,2015,0,2,3198,-88.2388406402394,40.1297499939781,0.0025541218601671007,0.006185285239976837
Property Damage,Pedalcyclist,Clear,Daylight,Wet,No Controls,Champaign,2015,0,0,3200,-88.2918510470554,40.0693085220719,0.0019512933029453613,0.004689176726291713
C-Injury,Pedalcyclist,Clear,Daylight,Dry,Traffic Signal,Champaign,2015,0,1,3201,-88.2736910551401,40.1273863918155,0.002157806747813943,0.006126778965941633
C-Injury,Pedalcyclist,Clear,Daylight,Dry,No Controls,Champaign,2015,0,1,3202,-88.2716895984006,40.1273695509441,0.0021805670952831932,0.006126362103640321
C-Injury,Pedalcyclist,Clear,Daylight,Dry,Traffic Signal,Champaign,2015,0,1,3203,-88.2768100005602,40.1164599996991,0.0021223384411062163,0.005856317844568374
C-Injury,Pedalcyclist,Clear,"Darkness, lighted road",Dry,Stop Sign/Flasher,Champaign,2015,0,1,3204,-88.2724507549628,40.1184100096738,0.0021719113059811613,0.005904586465978618
C-Injury,Pedalcyclist,Clear,Daylight,Dry,No Controls,Champaign,2015,0,1,3206,-88.2729948780661,40.139079803337,0.0021657235974723485,0.006416226128288832
C-Injury,Pedalcyclist,Clear,Daylight,Dry,Stop Sign/Flasher,Champaign,2015,0,1,3207,-88.2672199186839,40.1102399917627,0.0022313958049025944,0.005702353909949316
B-Injury,Pedalcyclist,Clear,Dusk,Dry,No Controls,Champaign,2017,0,1,4230,-88.2321000013499,40.1162999989035,0.0026307756694957537,0.005852357342864026
C-Injury,Pedalcyclist,Clear,Daylight,Dry,Other,Champaign,2017,0,1,4231,-88.2629676926275,40.1358103235144,0.002279751655244638,0.006335296653151247
B-Injury,Pedalcyclist,Cloudy/Overcast,Daylight,Dry,Stop Sign/Flasher,Urbana,2017,0,1,4270,-88.2238000011252,40.1090999991498,0.0027251623656357727,0.005674135658475513
C-Injury,Pedalcyclist,Clear,Daylight,Dry,Traffic Signal,Urbana,2017,0,1,4282,-88.2194792848033,40.1200702220384,0.0027742970797973872,0.005945681723504034
B-Injury,Pedalcyclist,Clear,Daylight,Dry,No Controls,Champaign,2017,0,1,4284,-88.2452000012414,40.1271999991707,0.0024818039013369967,0.006122165186462442
B-Injury,Pedalcyclist,Clear,Daylight,Dry,Yield,Rantoul,2017,0,1,4287,-88.1405430014423,40.308252998673,0.0036719518738103476,0.010603772358504564
B-Injury,Pedalcyclist,Clear,"Darkness, lighted road",Dry,Traffic Signal,Champaign,2017,0,1,4306,-88.2767000013441,40.1127999989358,0.002123589340179141,0.005765721799677691
Property Damage,Pedalcyclist,Clear,Daylight,Dry,Stop Sign/Flasher,Mahomet,2017,0,0,4307,-88.4077000010377,40.185699999377,0.000633871649736786,0.007570216426760707
C-Injury,Pedalcyclist,Clear,Dusk,Dry,Traffic Signal,Champaign,2017,0,1,4315,-88.257800001037,40.1181999994935,0.002338518079665439,0.005899388081346282
B-Injury,Pedalcyclist,Clear,Daylight,Dry,No Controls,Urbana,2017,0,1,4317,-88.2119000012751,40.100799999538,0.0028604878643718077,0.0054686856637753715
C-Injury,Pedalcyclist,Clear,Daylight,Dry,No Controls,Champaign,2017,0,1,4319,-88.2457670749325,40.1153400769674,0.0024753552012500186,0.005828596383116022
B-Injury,Pedalcyclist,Clear,Daylight,Dry,No Controls,Unincorporated,2017,0,1,4322,-88.3339000008634,39.9672999994398,0.0014731171922669469,0.002164158483599615
B-Injury,Pedalcyclist,Clear,Daylight,Dry,Stop Sign/Flasher,Champaign,2017,0,1,4324,-88.2678000011462,40.1272999995027,0.0022247991704902777,0.00612464049593729
C-Injury,Pedalcyclist,Clear,Daylight,Dry,Traffic Signal,Champaign,2017,0,1,4328,-88.2452000011047,40.1270999993876,0.002481803902891468,0.006119689890574733
B-Injury,Pedalcyclist,Clear,Daylight,Dry,No Controls,Mahomet,2017,0,1,4330,-88.3634000013599,40.2306999990429,0.0011376464082173275,0.00868410198402273
C-Injury,Pedalcyclist,Clear,Daylight,Dry,Stop Sign/Flasher,Mahomet,2017,0,1,4332,-88.365200000373,40.1965999987649,0.0011171770160123885,0.007840024248593883
B-Injury,Pedalcyclist,Clear,Daylight,Dry,Other RR Crossing,Ogden,2017,0,1,4338,-87.9808000011787,40.1780999992531,0.005488531827807504,0.007382093528181703
B-Injury,Pedalcyclist,Clear,Daylight,Dry,Stop Sign/Flasher,Champaign,2017,0,1,4342,-88.2542000011444,40.1181999987301,0.0023794568853001013,0.005899388062449832
B-Injury,Pedalcyclist,Clear,Daylight,Dry,Lane Use Marking,Champaign,2017,0,1,4343,-88.2385000012697,40.1162999988817,0.002557995569330521,0.005852357342324425
B-Injury,Pedalcyclist,Clear,Darkness,Dry,No Controls,Unincorporated,2017,0,1,4346,-88.1627000014216,40.1270999993905,0.0034199848897378316,0.0061196898906464925
B-Injury,Pedalcyclist,Clear,Daylight,Dry,Stop Sign/Flasher,Urbana,2017,0,1,4357,-88.2180000007983,40.1324999993489,0.0027911193359545796,0.0062533561574806
B-Injury,Pedalcyclist,Clear,Daylight,Dry,No Controls,Urbana,2017,0,1,4366,-88.2191000012715,40.1035999993958,0.002778610250700721,0.0055379940954441475
C-Injury,Pedalcyclist,Clear,Daylight,Dry,Stop Sign/Flasher,Pesotum,2017,0,1,4406,-88.2734000012463,39.9144999996052,0.0021611165809092554,0.0008571994241360203
B-Injury,Pedalcyclist,Clear,Daylight,Dry,No Controls,Champaign,2017,0,1,4409,-88.2371000011291,40.11069999888,0.002573916218040145,0.005713740471905036
B-Injury,Pedalcyclist,Clear,Daylight,Dry,No Controls,Champaign,2017,0,1,4413,-88.2386000003657,40.1079999991515,0.0025568583905314453,0.005646907344693582
Fatal,Pedalcyclist,Clear,Daylight,Dry,Lane Use Marking,Champaign,2017,1,0,4414,-88.2770247632839,40.1318329663588,0.002119896182865812,0.006236845081493766
B-Injury,Pedalcyclist,Clear,"Darkness, lighted road",Dry,Traffic Signal,Champaign,2017,0,1,4416,-88.2469000010192,40.1124999988605,0.002462471689515179,0.005758295894043598
B-Injury,Pedalcyclist,Clear,Daylight,Dry,Traffic Signal,Champaign,2017,0,1,4417,-88.2579000011834,40.1379999987849,0.0023373808889212205,0.006389497712640423
C-Injury,Pedalcyclist,Clear,Daylight,Dry,No Controls,Champaign,2017,0,1,4418,-88.270700001286,40.127299998792,0.0021918206855997837,0.006124640478345171
C-Injury,Pedalcyclist,Clear,Daylight,Dry,Stop Sign/Flasher,Tolono,2017,0,1,4420,-88.2616000007117,39.9899999994632,0.002295304898350075,0.0027260518694583098
C-Injury,Pedalcyclist,Cloudy/Overcast,Dusk,Dry,Lane Use Marking,Savoy,2017,0,1,4422,-88.2443000014885,40.0544999990631,0.002492038600241038,0.0043226211701504905
B-Injury,Pedalcyclist,Clear,Daylight,Dry,Traffic Signal,Champaign,2017,0,1,4425,-88.2579000011834,40.1379999987849,0.0023373808889212205,0.006389497712640423
B-Injury,Pedalcyclist,Clear,Daylight,Dry,Stop Sign/Flasher,Champaign,2017,0,1,4426,-88.2652000013655,40.127199999402,0.0022543660840590794,0.006122165192187888
C-Injury,Pedalcyclist,Clear,Daylight,Dry,Traffic Signal,Champaign,2017,0,1,4427,-88.2771000003939,40.1360999995049,0.002119040594667327,0.006342467006584595
C-Injury,Pedalcyclist,Cloudy/Overcast,Daylight,Dry,No Controls,Champaign,2017,0,1,4428,-88.2321000013499,40.1162999989035,0.0026307756694957537,0.005852357342864026
C-Injury,Pedalcyclist,Clear,Daylight,Dry,No Controls,Champaign,2017,0,1,4430,-88.2369000008046,40.1052999989997,0.002576190599888959,0.0055800742070040345
C-Injury,Pedalcyclist,Clear,Daylight,Dry,No Controls,Champaign,2017,0,1,4435,-88.2452180230997,40.1171353123001,0.0024815989587325675,0.005873033865867759
B-Injury,Pedalcyclist,Clear,Daylight,Dry,No Controls,Champaign,2017,0,1,4436,-88.2299077988171,40.1054531482975,0.002655705157295749,0.005583865113497207
C-Injury,Pedalcyclist,Clear,Daylight,Dry,Stop Sign/Flasher,Urbana,2017,0,1,4437,-88.2214000004674,40.1058999990914,0.0027524549110202103,0.005594926016814344
B-Injury,Pedalcyclist,Clear,Daylight,Dry,No Controls,Champaign,2017,0,1,4441,-88.2414771220259,40.0998459465218,0.0025241400772124563,0.00544506997747557
B-Injury,Pedalcyclist,Rain,Darkness,Wet,Stop Sign/Flasher,Champaign,2017,0,1,4442,-88.2385299496538,40.0945286741132,0.0025576549995771423,0.005313451466721218
B-Injury,Pedalcyclist,Clear,Daylight,Dry,No Controls,Champaign,2011,0,1,2757,-88.2724851646816,40.1201713224778,0.0021715200024168134,0.00594818426395111
B-Injury,Pedalcyclist,Clear,Daylight,Dry,Unknown,Urbana,2007,0,1,2991,-88.2158099179254,40.1141211860494,0.0028160247192135514,0.005798425160904581
B-Injury,Pedalcyclist,Clear,Daylight,Dry,No Controls,Fisher,2008,0,1,3067,-88.3467987348582,40.3228373637862,0.0013264341979057923,0.01096477933143888
B-Injury,Pedalcyclist,Clear,Daylight,Dry,Traffic Signal,Champaign,2013,0,1,2616,-88.2436799727255,40.1326005692279,0.0024990894996225446,0.006255845564959271
Fatal,Pedalcyclist,Clear,Darkness,Dry,No Controls,Unincorporated,2005,1,1,2858,-88.1826239323491,40.2220267412715,0.0031934121230563304,0.008469412725407174
B-Injury,Pedalcyclist,Clear,Darkness,Dry,Traffic Signal,Champaign,2006,0,1,2955,-88.2468471003272,40.1163430845293,0.0024630732704074673,0.005853423841900873
B-Injury,Pedalcyclist,Rain,Darkness,Wet,No Controls,Urbana,2009,0,1,3105,-88.2193009113786,40.109090166393,0.0027763255229035395,0.005673892268122983
C-Injury,Pedalcyclist,Clear,"Darkness, lighted road",Dry,Traffic Signal,Unincorporated,2015,0,1,3205,-88.3145268231587,40.1132450885206,0.0016934268534445666,0.005776739107763878
Fatal,Pedalcyclist,Clear,Darkness,Dry,No Controls,Unincorporated,2005,1,1,3287,-88.1826239323491,40.2220267412715,0.0031934121230563304,0.008469412725407174
Fatal,Pedalcyclist,Clear,Daylight,Dry,Lane Use Marking,Unincorporated,2006,1,0,3299,-88.1620729026061,40.0798615792923,0.003427116188984321,0.00495039668429252
Fatal,Pedalcyclist,Clear,Darkness,Dry,Lane Use Marking,Urbana,2009,1,0,3351,-88.2210743189357,40.1105456634408,0.0027561585258320137,0.005709920204838966
Fatal,Pedalcyclist,Clear,Daylight,Dry,No Controls,Unincorporated,2011,1,1,3377,-88.3698391356001,40.1477644951671,0.0010644212768342017,0.0066311984143032346
Fatal,Pedalcyclist,Clear,Darkness,Dry,Stop Sign/Flasher,Champaign,2011,1,0,3381,-88.2389207435103,40.1352585336411,0.002553210934518198,0.006321638191482925
Fatal,Pedalcyclist,Clear,"Darkness, lighted road",Dry,No Controls,Champaign,2012,1,0,3398,-88.2828291545506,40.1128159897989,0.0020538892792591975,0.005766117621712911
B-Injury,Pedalcyclist,Clear,Daylight,Dry,Unknown,Champaign,2007,0,1,2984,-88.2387083485979,40.1102309748258,0.002555626266267181,0.005702130713596904
B-Injury,Pedalcyclist,Clear,Daylight,Dry,Stop Sign/Flasher,Champaign,2010,0,1,2832,-88.2375703811274,40.1040897189691,0.0025685671080680544,0.005550116130196589
C-Injury,Pedalcyclist,Clear,Daylight,Dry,No Controls,Mahomet,2009,0,1,3114,-88.3891365739632,40.1925759639537,0.0008449729151779781,0.0077404172643406235
B-Injury,Pedalcyclist,Clear,Daylight,Dry,Stop Sign/Flasher,Urbana,2015,0,1,3165,-88.2088686406063,40.1092203389082,0.002894960166852605,0.005677114430027631
B-Injury,Pedalcyclist,Clear,Dusk,Dry,Stop Sign/Flasher,Urbana,2011,0,1,2751,-88.2193607883053,40.1145093416236,0.0027756446090320824,0.005808033180710847
C-Injury,Pedalcyclist,Rain,Daylight,Dry,Yield,Champaign,2005,0,1,2873,-88.2451986294542,40.1221300210182,0.0024818195011513007,0.005996667953537313
Fatal,Pedestrian,Cloudy/Overcast,"Darkness, lighted road",Dry,Traffic Signal,Urbana,2016,1,0,3983,-88.2073256276964,40.1163970594705,0.0029125071411565968,0.005854759884298788
Fatal,Turning,Clear,Daylight,Dry,Traffic Signal,Champaign,2016,1,1,4005,-88.2388200020428,40.1272299976793,0.002554356555485034,0.006122907739922861
Fatal,Rear end,Clear,Daylight,Dry,Lane Use Marking,Urbana,2016,1,1,4037,-88.1631866185844,40.1202474189004,0.0034144511325042326,0.005950067879655963
Fatal,Fixed object,Cloudy/Overcast,Darkness,Dry,Lane Use Marking,Unincorporated,2016,1,0,4043,-87.985074909203,40.0760051902479,0.00543991804060362,0.004854939437811758
Fatal,Fixed object,Clear,Darkness,Dry,Lane Use Marking,Unincorporated,2016,1,0,4044,-87.9575887948365,39.9705920241908,0.005752487131512495,0.0022456460136331866
Fatal,Pedestrian,Clear,"Darkness, lighted road",Dry,Lane Use Marking,St. Joseph,2016,1,0,4055,-88.0404600025063,40.1131599979591,0.004810084807979895,0.005774632860025748
Fatal,Overturned,Clear,Daylight,Dry,Lane Use Marking,Unincorporated,2016,1,1,4059,-87.9752691592768,40.1197406652534,0.005551427957910957,0.005937524200263327
Fatal,Rear end,Clear,Darkness,Dry,Lane Use Marking,St. Joseph,2016,1,1,4061,-88.0189810260455,40.1200899573769,0.005054341382644679,0.005946170232585888
Fatal,Fixed object,Clear,Darkness,Dry,No Controls,Unincorporated,2016,1,2,4062,-88.1777992751756,39.981771477543,0.0032482775975486537,0.002522371162956592
Fatal,Overturned,Clear,"Darkness, lighted road",Dry,Lane Use Marking,Mahomet,2016,1,0,4072,-88.3942594946906,40.2068943969808,0.0007867156201230579,0.008094841617005603
Fatal,Pedestrian,Rain,Daylight,Wet,Lane Use Marking,Mahomet,2016,1,0,4077,-88.3959800014458,40.1905199979813,0.000767150205193668,0.007689525912787631
Fatal,Fixed object,Clear,Darkness,Dry,Other,Unincorporated,2016,1,0,4094,-87.9553245852797,40.2253381312605,0.0057782354753256335,0.008551379603420414
Fatal,Overturned,Clear,Daylight,Dry,Lane Use Marking,Unincorporated,2016,1,0,4115,-88.3090463713513,40.1675592728565,0.0017557499528964558,0.00712117879521739
Fatal,Angle,Clear,Dawn,Dry,No Controls,Unincorporated,2016,1,1,4124,-88.4066900021481,40.0111199978943,0.0006453572468107076,0.0032488354560462744
Fatal,Angle,Clear,Daylight,Dry,No Controls,Unincorporated,2016,1,2,4131,-88.3319302592149,40.0110899980318,0.0014955168791847074,0.0032480928690728373
Fatal,Angle,Clear,Daylight,Dry,Stop Sign/Flasher,Unincorporated,2016,1,3,4132,-88.3696707983077,40.1276199973367,0.001066335590139908,0.006132561406343772
Fatal,Pedestrian,Clear,"Darkness, lighted road",Dry,Lane Use Marking,Champaign,2016,1,0,4145,-88.2603228562209,40.1272000389334,0.0023098284460267575,0.006122166170709138
Fatal,Angle,Clear,Daylight,Dry,Stop Sign/Flasher,Champaign,2016,1,0,4173,-88.2468305465304,40.1144199944908,0.0024632615183768614,0.005805821570009793
Fatal,Rear end,Fog/Smoke/Haze,Darkness,Wet,Lane Use Marking,Unincorporated,2016,1,1,4186,-88.2670699786282,40.1606555140601,0.0022331009068416357,0.006950289966968005
Fatal,Head on,Clear,Darkness,Dry,Lane Use Marking,Unincorporated,2016,2,0,4190,-88.2659514124905,39.9627011816725,0.002245821118804744,0.002050323889610491
Fatal,Angle,Clear,Dusk,Dry,Stop Sign/Flasher,Champaign,2016,1,1,4197,-88.2501607910205,40.1271899973131,0.0024253903417203308,0.006121917610355663
Fatal,Head on,Clear,"Darkness, lighted road",Dry,Lane Use Marking,Urbana,2017,1,1,4218,-88.2230085268287,40.1350883375178,0.0027341629249012034,0.006317425324703971
Fatal,Rear end,Cloudy/Overcast,Dusk,Ice,Lane Use Marking,Rantoul,2017,1,1,4219,-88.1841448979837,40.3083258497697,0.003176115867959276,0.010605575642616816
Fatal,Other Object,Clear,"Darkness, lighted road",Dry,Traffic Signal,Urbana,2017,1,0,4220,-88.2090200022449,40.1165099978658,0.0028932388988281385,0.005857555449816918
Fatal,Overturned,Clear,Daylight,Dry,No Controls,Unincorporated,2017,1,1,4263,-88.2378125985048,40.3407579259902,0.0025658126385039565,0.011408367232888928
Fatal,Fixed object,Clear,Daylight,Dry,Lane Use Marking,Unincorporated,2017,1,1,4269,-87.9390345188581,39.9086632401872,0.005963484331688264,0.0007127220449096069
Fatal,Rear end,Clear,Daylight,Dry,Lane Use Marking,Champaign,2017,1,2,4281,-88.2849035942587,40.1454131984637,0.002030298977441374,0.00657299673745428
Fatal,Fixed object,Clear,Darkness,Dry,Lane Use Marking,Broadlands,2017,1,0,4356,-88.0027593240457,39.9082499988168,0.00523881280626837,0.000702493076074666
Fatal,Fixed object,Clear,Darkness,Dry,Lane Use Marking,Unincorporated,2017,1,0,4365,-88.2257789513649,40.0105625857487,0.0027026579596244266,0.0032350378262011154
Fatal,Head on,Snow,Dusk,Ice,Lane Use Marking,Unincorporated,2017,1,3,4375,-88.3036878212881,39.9756712548118,0.0018166867990258538,0.002371372273027415
Fatal,Fixed object,Clear,Daylight,Dry,Lane Use Marking,Unincorporated,2017,1,1,4393,-88.3330237845423,40.1204000067144,0.0014830814285817066,0.005953844887733536
Fatal,Fixed object,Clear,Daylight,Dry,Lane Use Marking,Unincorporated,2017,2,1,4396,-88.1610776842222,39.9416493895405,0.003438433703761458,0.0015292286144012624
Fatal,Pedestrian,Clear,"Darkness, lighted road",Dry,Lane Use Marking,Champaign,2017,1,0,4431,-88.2603936658455,40.127201050911,0.002309023206708656,0.006122191220203267
Fatal,Fixed object,Clear,Dusk,Dry,Other Warning Sign,Unincorporated,2003,1,0,3209,-87.9567541231314,39.9085415813712,0.005761978926991094,0.000709710622708248
Fatal,Pedestrian,Clear,"Darkness, lighted road",Dry,Traffic Signal,Champaign,2003,1,0,3210,-88.2446384669096,40.0980915312516,0.0024881896084348676,0.005401642914243764
Fatal,Angle,Snow,Darkness,Snow or Slush,No Controls,Unincorporated,2003,1,2,3211,-87.958508078575,40.0798187773275,0.0057420331372302165,0.004949337206720027
Fatal,Angle,Severe cross wind,Daylight,Snow or Slush,Lane Use Marking,Unincorporated,2003,1,1,3212,-88.1611787393342,39.9515071205069,0.0034372845160637135,0.0017732371528984625
Fatal,Pedestrian,Clear,Darkness,Dry,No Controls,Unincorporated,2003,1,1,3213,-88.1843627639032,40.1528232072532,0.0031736383205151855,0.0067564167781451415
Fatal,Head on,Clear,Daylight,Dry,Lane Use Marking,St. Joseph,2003,1,3,3214,-88.0246888909703,40.1202181038844,0.00498943216605674,0.005949342244696491
Fatal,Overturned,Clear,Daylight,Dry,Lane Use Marking,Unincorporated,2003,1,2,3215,-88.2979909676911,39.9193674528747,0.0018814707959964024,0.0009776835560871978
Fatal,Head on,Clear,Dawn,Dry,Lane Use Marking,Unincorporated,2003,1,1,3216,-88.0281470761307,40.3127851493218,0.0049501060620695736,0.010715956740471553
Fatal,Pedestrian,Clear,Darkness,Dry,No Controls,Champaign,2003,1,0,3217,-88.2885369174994,40.1129521835239,0.001988981222331185,0.005769488826699564
Fatal,Rear end,Clear,Darkness,Dry,Lane Use Marking,Mahomet,2003,1,0,3218,-88.367547450232,40.1880463690074,0.0010904820725729921,0.007628296143709766