crash_severity,collision_type,weather,light,road_surface,traffic_control,city,year,fatality,injury,id,x,y,norm_x,norm_y
Fatal,Head on,Clear,Daylight,Dry,Other Warning Sign,Unincorporated,2003,1,1,3219,-88.0104332293484,40.1115288772904,0.005151545993207733,0.0057342577096143816
Fatal,Fixed object,Unknown,Darkness,Unknown,No Controls,Unincorporated,2003,1,0,3220,-87.9582800607411,40.0605654749689,0.005744626131136154,0.0044727599714738855
Fatal,Angle,Clear,Daylight,Dry,Stop Sign/Flasher,Unincorporated,2003,2,2,3221,-88.288965715176,40.3112248396648,0.0019841049819803967,0.01067733437592296
Fatal,Fixed object,Clear,"Darkness, lighted road",Dry,Lane Use Marking,Champaign,2002,1,0,3222,-88.260127676361,40.1352609984782,0.0023120480100786087,0.006321699203626698
Fatal,Angle,Clear,Daylight,Dry,Stop Sign/Flasher,Urbana,2002,1,3,3223,-88.1621494561884,40.0839948488388,0.0034262456300065266,0.005052707557321405
Fatal,Rear end,Rain,Daylight,Wet,No Controls,Champaign,2002,1,2,3224,-88.2718667765039,40.1379165020626,0.002178552245241496,0.006387430917224067
Fatal,Angle,Clear,Daylight,Dry,Stop Sign/Flasher,Unincorporated,2002,1,1,3225,-88.3332847957248,40.1133087720451,0.0014801132379186155,0.005778315466846207
Fatal,Fixed object,Clear,Daylight,Dry,No Controls,Unincorporated,2002,1,2,3226,-88.3036425777428,39.9893330498423,0.0018172013036819622,0.002709542857110364
Fatal,Angle,Clear,Daylight,Snow or Slush,Lane Use Marking,Unincorporated,2002,1,0,3227,-88.1355034700915,40.3655665983302,0.0037292608739811026,0.01202245661110096
Fatal,Angle,Other,Daylight,Snow or Slush,Lane Use Marking,Unincorporated,2002,1,2,3228,-88.1614362073395,40.014622747992,0.0034343566180246466,0.0033355390732350883
Fatal,Angle,Clear,Daylight,Dry,Lane Use Marking,Unincorporated,2002,1,1,3229,-88.3332847957248,40.1133087720451,0.0014801132379186155,0.005778315466846207
Fatal,Angle,Fog/Smoke/Haze,Darkness,Dry,Stop Sign/Flasher,Unincorporated,2002,1,4,3230,-87.9483173778569,40.3132710971307,0.005857920672903977,0.010727985412692457
Fatal,Turning,Clear,Daylight,Dry,Traffic Signal,Champaign,2002,1,0,3231,-88.2860458398548,40.1129354097116,0.0020173094852633626,0.005769073624312943
Fatal,Angle,Clear,Darkness,Dry,Stop Sign/Flasher,Unincorporated,2002,1,2,3232,-88.048052519096,40.1862384115146,0.004723743538475135,0.007583543749169176
Fatal,Pedestrian,Clear,Darkness,Dry,Lane Use Marking,Unincorporated,2001,1,0,3233,-88.1009506161777,40.3123608627256,0.004122192155286945,0.010705454369023646
Fatal,Head on,Clear,Daylight,Dry,Lane Use Marking,Unincorporated,2001,1,1,3234,-88.2928479781373,39.8800977687605,0.0019399563115535118,5.64057169132537e-06
Fatal,Turning,Rain,"Darkness, lighted road",Wet,Traffic Signal,Rantoul,2001,1,0,3235,-88.1997377235443,40.311508996801,0.0029987959585246,0.010684368121086424
Fatal,Overturned,Snow,Darkness,Wet,No Controls,Unincorporated,2001,1,0,3236,-88.1819670176422,40.170976829818,0.0032008824853638302,0.007205773625635173
Fatal,Fixed object,Clear,"Darkness, lighted road",Dry,Traffic Signal,Champaign,2001,1,1,3237,-88.246877418792,40.0835447688794,0.0024627284921368,0.005041566722430056
Fatal,Angle,Clear,Daylight,Dry,Stop Sign/Flasher,Unincorporated,2001,4,3,3238,-87.9483173778569,40.3132710971307,0.005857920672903977,0.010727985412692457
Fatal,Head on,Clear,Daylight,Dry,No Controls,Unincorporated,2001,1,1,3239,-88.2681235016118,39.948728984967,0.002221120358523908,0.001704469928965294
Fatal,Head on,Rain,Darkness,Snow or Slush,No Passing,Unincorporated,2001,1,5,3240,-88.3850424515154,40.2802339538957,0.0008915308285488518,0.009910216591006212
Fatal,Overturned,Clear,Darkness,Dry,Lane Use Marking,Unincorporated,2001,1,0,3241,-88.3863245109616,40.2792056421754,0.0008769513885361368,0.009884762778070332
Fatal,Angle,Clear,Darkness,Dry,Stop Sign/Flasher,Champaign,2001,1,0,3242,-88.3145129624667,40.1132597945671,0.0016935844757203957,0.005777103126717701
Fatal,Head on,Snow,Dawn,Snow or Slush,Lane Use Marking,Unincorporated,2001,1,1,3243,-88.1023501980961,40.1206925402557,0.004106276262554507,0.005961085974157846
Fatal,Rear end,Clear,Daylight,Dry,Lane Use Marking,Champaign,2001,1,0,3244,-88.2997233510387,40.1322360383039,0.0018617703217554524,0.006246822326416407
Fatal,Rear end,Clear,Daylight,Dry,Lane Use Marking,St. Joseph,2001,1,1,3245,-88.0506851617886,40.1204221131337,0.004693805413276982,0.005954392088208322
Fatal,Fixed object,Clear,Daylight,Dry,No Controls,Unincorporated,2001,1,1,3246,-88.1837997445982,40.2934978497844,0.003180040914566082,0.01023853797263158
Fatal,Rear end,Clear,Daylight,Dry,No Controls,St. Joseph,2001,1,7,3247,-88.046964116245,40.1203929711553,0.004736120736835979,0.005953670736450699
Fatal,Fixed object,Clear,"Darkness, lighted road",Dry,Lane Use Marking,Champaign,2001,1,0,3248,-88.2772631125603,40.140903354082,0.0021171857009239085,0.0064613645027971085
Fatal,Head on,Clear,Daylight,Dry,Lane Use Marking,Unincorporated,2001,2,1,3249,-88.2130396707403,40.2131511370123,0.0028475276676730166,0.008249714781636051
Fatal,Rear end,Clear,"Darkness, lighted road",Dry,Lane Use Marking,Champaign,2000,1,3,3250,-88.2406955356535,40.1348235096931,0.0025330281920849206,0.00631087003823096
Fatal,Fixed object,Snow,Daylight,Ice,No Controls,Unincorporated,2000,1,0,3251,-88.2358207968833,40.1906269611078,0.002588463189025641,0.0076921735724022645
Fatal,Head on,Clear,Daylight,Dry,No Controls,Unincorporated,2000,1,1,3252,-88.3939561925929,40.2452170864314,0.000790164738455556,0.009043443630592138
Fatal,Angle,Clear,Darkness,Dry,Lane Use Marking,Unincorporated,2000,1,7,3253,-88.303488221999,40.0353141056609,0.0018189566203438094,0.0038477125096495553
Fatal,Angle,Clear,Daylight,Dry,Stop Sign/Flasher,Unincorporated,2000,1,2,3254,-88.4265190137861,40.1106163446657,0.0004198638919235244,0.00571166977808714
Fatal,Overturned,Rain,Darkness,Wet,No Controls,Unincorporated,2000,1,0,3255,-88.303322441748,39.9574585225382,0.0018208418552539815,0.0019205522821725894
Fatal,Fixed object,Clear,Darkness,Dry,No Controls,Unincorporated,2000,1,0,3256,-87.9945990452404,40.1199639648495,0.005331610605685304,0.0059430515379717275
Fatal,Fixed object,Clear,Daylight,Dry,No Controls,Unincorporated,2000,2,2,3257,-88.3035002968761,39.9748446594084,0.0018188193061601866,0.002350911546618842
Fatal,Turning,Clear,Daylight,Dry,Traffic Signal,Champaign,2000,1,0,3258,-88.2434791400742,40.1101911947013,0.002501373346600888,0.005701146035675328
Fatal,Fixed object,Clear,Daylight,Snow or Slush,No Controls,St. Joseph,1999,1,1,3259,-88.0613458618196,40.113374695899,0.0045725730967440025,0.005779947280830179
Fatal,Overturned,Clear,Daylight,Dry,No Controls,Champaign,1999,2,3,3260,-88.285293564362,40.1448668264268,0.0020258642800139903,0.006559472383558411
Fatal,Angle,Clear,Darkness,Ice,Lane Use Marking,Champaign,1999,1,0,3261,-88.2708052904112,40.1575636451472,0.0021906233491662654,0.0068737568969102075
Fatal,Angle,Unknown,Darkness,Dry,Stop Sign/Flasher,Unincorporated,1999,1,5,3262,-88.288965715176,40.3112248396648,0.0019841049819803967,0.01067733437592296
Fatal,Overturned,Clear,"Darkness, lighted road",Dry,No Controls,Champaign,1999,1,0,3264,-88.2768090878502,40.1392671663138,0.002122348820344743,0.006420863926408293
Fatal,Turning,Clear,Daylight,Dry,Stop Sign/Flasher,Unincorporated,1999,1,3,3265,-88.3065265325992,40.0254024320214,0.0017844052840022297,0.00360236872748724
Fatal,Angle,Rain,Darkness,Wet,No Controls,Unincorporated,1999,1,0,3266,-88.108548795214,40.1206447353918,0.0040357864930578614,0.005959902659760852
Fatal,Fixed object,Clear,Daylight,Dry,Lane Use Marking,Urbana,1999,1,0,3267,-88.1797970228809,40.1246376280628,0.0032255594288113122,0.006058738782226323
Fatal,Overturned,Rain,Daylight,Wet,Lane Use Marking,Unincorporated,2004,1,0,3268,-88.1000131060092,40.3123708473885,0.004132853418540745,0.010705701519509959
Fatal,Angle,Clear,Daylight,Dry,Lane Use Marking,Unincorporated,2004,1,1,3269,-88.3149345750782,40.1605537267694,0.0016887899431452804,0.00694777042488204
Fatal,Head on,Clear,Darkness,Dry,Lane Use Marking,Champaign,2004,1,1,3270,-88.2848851560778,40.1172021002355,0.002030508654420859,0.005874687068472129
Fatal,Head on,Clear,Darkness,Dry,Lane Use Marking,Unincorporated,2004,1,5,3271,-88.3031137085639,39.9386227979012,0.0018232155462284594,0.0014543113535174
Fatal,Fixed object,Clear,Darkness,Dry,Lane Use Marking,Unincorporated,2004,1,0,3272,-88.2049754379672,40.2214093324064,0.0029392332421006658,0.008454129996010229
Fatal,Fixed object,Clear,Darkness,Dry,Unknown,Unincorporated,2004,1,0,3273,-88.0723077621375,40.1205834425797,0.004447915563441493,0.005958385478012684
Fatal,Fixed object,Clear,Daylight,Dry,Lane Use Marking,St. Joseph,2004,2,1,3274,-88.0168214512372,40.1201574889548,0.005078899831524574,0.005947841842582462
Fatal,Fixed object,Clear,Daylight,Dry,Lane Use Marking,Unincorporated,2004,1,0,3275,-87.9989302817855,40.1200125566093,0.005282356256694346,0.0059442543304129005
Fatal,Fixed object,Clear,Darkness,Dry,Lane Use Marking,Unincorporated,2005,3,4,3276,-88.3033901037129,39.9644605361929,0.0018200724107782125,0.0020938732141644826
Fatal,Angle,Clear,Daylight,Dry,Stop Sign/Flasher,Unincorporated,2005,1,1,3277,-88.1049317143974,40.186112330209,0.004076919541095018,0.007580422857027096
Fatal,Fixed object,Clear,Daylight,Dry,Lane Use Marking,Unincorporated,2005,1,0,3278,-88.3740058144752,40.1901575556219,0.0010170382596957372,0.007680554372510546
Fatal,Fixed object,Clear,Darkness,Dry,No Controls,Unincorporated,2005,1,0,3279,-88.1117172005801,40.3122355782706,0.003999755733245597,0.010702353201334652
Fatal,Pedestrian,Clear,Daylight,Dry,Lane Use Marking,Champaign,2005,1,0,3280,-88.2469286585144,40.1347510603195,0.002462145799609273,0.006309076697975807
Fatal,Turning,Clear,Daylight,Dry,Traffic Signal,Urbana,2005,1,3,3281,-88.2193906464908,40.1201060447035,0.0027753050650072986,0.005946568442383387
Fatal,Head on,Clear,Daylight,Dry,Lane Use Marking,Unincorporated,2005,2,0,3282,-88.3036927269259,39.9949296145751,0.0018166310126484198,0.002848074694275465
Fatal,Angle,Clear,Daylight,Dry,Stop Sign/Flasher,Unincorporated,2005,1,1,3283,-88.1605867862211,39.90906420339,0.003444016142220676,0.0007226470921075755
Fatal,Head on,Clear,Daylight,Dry,No Controls,Unincorporated,2005,1,1,3284,-88.4486810680535,40.2004298926502,0.00016783943103874723,0.007934825660068345
Fatal,Turning,Clear,Daylight,Dry,No Controls,Rantoul,2005,1,0,3285,-88.1466543327464,40.3083757380804,0.0036024544816182676,0.010606810528598503
Fatal,Angle,Rain,Daylight,Wet,Stop Sign/Flasher,Unincorporated,2005,1,1,3286,-88.4264722509124,40.098611864833,0.00042039567421651893,0.005414522737923534
Fatal,Pedestrian,Clear,Daylight,Dry,Stop Sign/Flasher,Champaign,2005,1,0,3288,-88.2303310649335,40.106869885038,0.002650891821243534,0.0056189336158395265
Fatal,Angle,Clear,Dusk,Dry,Stop Sign/Flasher,Champaign,2005,1,0,3289,-88.2625181932978,40.1127038052891,0.002284863312533713,0.005763340717132076
Fatal,Pedestrian,Clear,Daylight,Dry,No Controls,Champaign,2005,1,0,3290,-88.2734324870798,40.1050861082534,0.0021607471555583567,0.005574779766672949
Fatal,Pedestrian,Clear,Daylight,Dry,Stop Sign/Flasher,Mahomet,2006,1,0,3291,-88.4103563600608,40.2002228372178,0.0006036638250181343,0.007929700414348057
Fatal,Fixed object,Clear,Daylight,Dry,No Controls,Unincorporated,2006,1,0,3292,-88.4330801339645,40.3579131700999,0.00034525154977294145,0.011833011205932843
Fatal,Angle,Clear,Daylight,Dry,Stop Sign/Flasher,Unincorporated,2006,1,1,3293,-88.2395977903905,40.1709884844247,0.002545511631334609,0.007206062112261159
Fatal,Fixed object,Clear,Daylight,Other,No Controls,Unincorporated,2006,1,0,3294,-88.1247561640692,40.1344968877369,0.0038514780643893486,0.006302785160844411
Fatal,Fixed object,Clear,Darkness,Dry,No Controls,Unincorporated,2006,1,1,3295,-88.3201953376226,39.9672879198335,0.0016289651260007556,0.0021638594769530593
Fatal,Angle,Rain,Daylight,Wet,Stop Sign/Flasher,Unincorporated,2006,1,1,3296,-88.3693302420828,40.0842094755105,0.0010702083583384446,0.005058020214023269
Fatal,Train,Clear,Darkness,Dry,RR Crossing Gate,Unincorporated,2006,1,0,3297,-88.2103318393149,40.1892473021539,0.002878320830929388,0.00765802285697765
Fatal,Overturned,Clear,Darkness,Dry,Lane Use Marking,Unincorporated,2006,1,0,3298,-88.3040288996513,40.020476889299,0.0018128080931275028,0.0034804467065784107
Fatal,Angle,Clear,Daylight,Dry,Stop Sign/Flasher,Unincorporated,2006,1,4,3300,-88.1612416876183,39.9818818221079,0.003436568675051342,0.002525102523358359
Fatal,Angle,Rain,"Darkness, lighted road",Wet,Stop Sign/Flasher,Champaign,2006,1,0,3301,-88.2392964941077,40.1566995768344,0.0025489379397590425,0.006852368603104377
Fatal,Sideswipe Same Direction,Clear,"Darkness, lighted road",Dry,Lane Use Marking,Champaign,2006,1,0,3302,-88.2835379793163,40.1457696666581,0.0020458286014319394,0.0065818203991500615
Fatal,Fixed object,Clear,"Darkness, lighted road",Dry,Traffic Signal,Champaign,2006,1,0,3303,-88.2304267377958,40.1097673365476,0.002649803839901562,0.005690654269469947
Fatal,Overturned,Clear,"Darkness, lighted road",Dry,No Controls,Champaign,2006,1,0,3304,-88.2289346313351,40.1118152992648,0.002666771911624696,0.0057413475163463085
Fatal,Pedestrian,Clear,Darkness,Dry,No Controls,Urbana,2006,1,0,3305,-88.1844244035989,40.1420286026266,0.0031729373606271347,0.006489217794163107
Fatal,Angle,Clear,"Darkness, lighted road",Dry,No Controls,Champaign,2006,1,0,3306,-88.2411305659329,40.112622463461,0.0025280810752557315,0.0057613272618388675
Fatal,Overturned,Snow,Darkness,Snow or Slush,Lane Use Marking,Unincorporated,2007,1,3,3307,-88.3036496757465,40.0349678998424,0.001817120585959122,0.0038391428726732707
Fatal,Fixed object,Unknown,Unknown,Unknown,No Controls,Unincorporated,2007,1,0,3308,-88.2978825961346,40.3549873687738,0.0018827031855021073,0.011760588808938235
Fatal,Fixed object,Clear,Darkness,Dry,Lane Use Marking,Unincorporated,2007,1,0,3309,-88.059829757714,40.1204041527727,0.004589814067064263,0.0059539475151667905
Fatal,Turning,Clear,Daylight,Dry,Stop Sign/Flasher,Unincorporated,2007,2,0,3310,-88.3147901420116,40.1421110774116,0.001690432420205542,0.006491259293552608
Fatal,Rear end,Fog/Smoke/Haze,Daylight,Wet,No Passing,Unincorporated,2007,1,3,3311,-88.303916038159,40.0253803338546,0.0018140915416926839,0.0036018217312866686
Fatal,Head on,Clear,Daylight,Dry,Lane Use Marking,Unincorporated,2007,1,1,3312,-88.3863503006412,40.2791850903958,0.0008766581111161623,0.009884254059611635
Fatal,Head on,Clear,Daylight,Dry,Lane Use Marking,Unincorporated,2007,1,0,3313,-88.1032114550165,40.1205980446527,0.004096482142910694,0.005958746923309197
Fatal,Head on,Clear,Daylight,Dry,Other Warning Sign,Unincorporated,2007,1,1,3314,-87.9939493791767,40.1918955186906,0.00533899853721393,0.007723574194191691
Fatal,Overturned,Clear,Daylight,Dry,Lane Use Marking,Champaign,2007,1,0,3315,-88.2856511740134,40.1475647476702,0.0020217975821116003,0.006626254062002161
Fatal,Other non collision,Clear,Darkness,Dry,No Controls,Champaign,2007,1,0,3316,-88.281414045586,40.0837723011882,0.0020699817438652223,0.0050471988325292315
Fatal,Unknown,Clear,Daylight,Dry,Other Warning Sign,Champaign,2007,1,0,3317,-88.2681800363888,40.1273093621829,0.002220477451213815,0.0061248722504778355
Fatal,Unknown,Clear,Daylight,Dry,Stop Sign/Flasher,Champaign,2007,1,0,3318,-88.2468881776619,40.1254795260126,0.0024626061434431783,0.006079578292758111
Fatal,Unknown,Clear,Darkness,Dry,Lane Use Marking,Ludlow,2007,1,0,3319,-88.1211252917639,40.3968600166722,0.0038927679477296917,0.01279706298859681
Fatal,Fixed object,Clear,Daylight,Dry,Lane Use Marking,Rantoul,2007,1,2,3320,-88.1842591240664,40.3089050936983,0.0031748169014210502,0.01061991367486099
Fatal,Other Object,Clear,"Darkness, lighted road",Dry,Other Warning Sign,Savoy,2007,1,0,3321,-88.2472491452741,40.081239224819,0.002458501259177362,0.00498449756132837
Fatal,Rear end,Snow,Daylight,Snow or Slush,Lane Use Marking,Urbana,2007,1,1,3323,-88.2315429582885,40.1348546354578,0.0026371103023572436,0.006311640494675745
Fatal,Unknown,Clear,"Darkness, lighted road",Dry,No Controls,Urbana,2007,1,0,3324,-88.2119563271168,40.0982689784893,0.0028598473330511817,0.005406035267948688
Fatal,Angle,Clear,"Darkness, lighted road",Dry,Stop Sign/Flasher,Champaign,2008,1,1,3325,-88.2578012013808,40.1116991143312,0.0023385044294867968,0.005738471589224872
Fatal,Fixed object,Clear,Daylight,Ice,No Controls,Unincorporated,2008,1,1,3326,-87.9946018834075,39.973815729636,0.005331578330359086,0.002325442435031779
Fatal,Head on,Clear,Daylight,Dry,Lane Use Marking,Unincorporated,2008,1,0,3327,-88.3941063609208,40.2626426760878,0.0007884570406299922,0.009474779470350945
Fatal,Head on,Fog/Smoke/Haze,Daylight,Wet,No Controls,Unincorporated,2008,1,1,3328,-88.2803206764398,40.0250275728509,0.002082415418392658,0.003593089833728879
Fatal,Head on,Clear,Daylight,Dry,Lane Use Marking,Ogden,2008,2,1,3329,-87.9633901331956,40.1118439683916,0.005686514945237564,0.005742057163602254
Fatal,Fixed object,Clear,Darkness,Wet,No Controls,Champaign,2008,1,2,3330,-88.2565935876816,40.1144001151359,0.0023522372805945607,0.005805329496088078
Fatal,Pedestrian,Clear,Darkness,Dry,No Controls,Unincorporated,2008,1,0,3331,-88.1623897304649,40.0958474994821,0.003423513257173802,0.00534609636765173
Fatal,Overturned,Clear,Darkness,Dry,No Controls,Unincorporated,2008,1,0,3332,-88.3323870940898,40.2818165027469,0.0014903218028768025,0.009949389442608371
Fatal,Overturned,Clear,Darkness,Dry,No Controls,Unincorporated,2008,1,1,3333,-88.0595188322755,40.297920237946,0.004593349877195733,0.010348005402373508
Fatal,Fixed object,Clear,Darkness,Dry,No Controls,Unincorporated,2008,1,0,3335,-88.2125620851726,40.2312840873341,0.0028529587185933047,0.008698559928835396
Fatal,Fixed object,Clear,Daylight,Dry,Lane Use Marking,Unincorporated,2008,1,0,3336,-88.1378461863125,40.3817150938412,0.0037026197609561864,0.012422180523429112
Fatal,Rear end,Rain,Darkness,Wet,Lane Use Marking,Unincorporated,2008,2,1,3337,-88.0047775228234,39.9085297678984,0.005215862070169068,0.0007094182036674994
Fatal,Rear end,Clear,Daylight,Dry,Lane Use Marking,Unincorporated,2008,1,2,3338,-88.0590850001116,40.1203998790288,0.004598283369186317,0.005953841727130388
Fatal,Turning,Clear,Daylight,Dry,No Controls,Savoy,2008,1,1,3339,-88.2520190247593,40.0506601963738,0.002404258710574196,0.004227574485926012
Fatal,Head on,Snow,Daylight,Ice,No Controls,Champaign,2008,1,0,3340,-88.2632876394472,40.1344854493959,0.0022761132549513237,0.0063025020274459385
Fatal,Other non collision,Clear,Darkness,Dry,No Controls,Urbana,2008,1,0,3341,-88.1974197427429,40.1301606126992,0.0030251557830592527,0.006195449290340575
Fatal,Fixed object,Clear,Darkness,Dry,Stop Sign/Flasher,Unincorporated,2008,2,0,3342,-88.365320470954,40.2076887621417,0.0011158070377213377,0.008114504547816441
Fatal,Rear end,Clear,Darkness,Dry,Lane Use Marking,Unincorporated,2008,1,1,3343,-88.2950344328591,40.1361949186743,0.0019150921872326965,0.006344816541977615
Fatal,Head on,Clear,Daylight,Wet,Lane Use Marking,Urbana,2008,1,3,3344,-88.2235899082029,40.1349357289984,0.002727551519404642,0.00631364780410537
Fatal,Pedestrian,Clear,Daylight,Dry,Traffic Signal,Urbana,2009,1,0,3345,-88.2144300051288,40.116460255706,0.0028317169368407406,0.005856324181510369
Fatal,Fixed object,Clear,Darkness,Dry,No Controls,Unincorporated,2009,1,0,3346,-88.1406862556229,40.0257685422685,0.003670322802912879,0.003611431059034752
Fatal,Head on,Rain,Dawn,Wet,No Controls,Unincorporated,2009,2,0,3347,-88.3001765936056,40.1130918975086,0.001856616096781713,0.005772947168718719
Fatal,Angle,Clear,Daylight,Dry,Stop Sign/Flasher,Unincorporated,2009,1,2,3348,-88.2395509403479,40.1708902804434,0.002546044404902811,0.007203631267877988
Fatal,Turning,Clear,Darkness,Dry,Lane Use Marking,Unincorporated,2009,1,3,3349,-88.4602602405763,40.3110003518605,3.616234563228827e-05,0.010671777626481825
Fatal,Pedestrian,Clear,Darkness,Dry,No Controls,Unincorporated,2009,1,0,3350,-88.365320145246,40.1980559161844,0.0011158107416371558,0.007876062590775798
Fatal,Fixed object,Clear,Daylight,Dry,Lane Use Marking,Unincorporated,2009,1,1,3352,-88.1609781978669,39.9323732829678,0.0034395650517294735,0.0012996170318308956
Fatal,Pedestrian,Clear,"Darkness, lighted road",Dry,Lane Use Marking,Urbana,2009,1,0,3353,-88.2238760648363,40.1350574396831,0.002724297377419743,0.006316660510213389
Fatal,Rear end,Clear,"Darkness, lighted road",Dry,Lane Use Marking,Urbana,2009,1,4,3354,-88.2284440549206,40.1350141549273,0.002672350693036087,0.0063155890821089845
Fatal,Rear end,Clear,Dusk,Dry,Lane Use Marking,Unincorporated,2009,1,0,3355,-88.1348851840242,40.120571300834,0.0037362919556175674,0.0059580849332287935
Fatal,Train,Clear,"Darkness, lighted road",Dry,RR Crossing Gate,Champaign,2010,1,0,3356,-88.2363035683518,40.1272713448812,0.002582973164607746,0.006123931207731131
Fatal,Overturned,Other,Darkness,Wet,No Controls,Unincorporated,2010,1,0,3357,-88.4581945387514,40.0254977663486,5.965328119668597e-05,0.0036047285392864937
Fatal,Overturned,Other,Dawn,Ice,No Controls,Unincorporated,2010,1,0,3358,-87.9877045997276,40.3179159050398,0.005410013487137444,0.01084295840123935
Fatal,Pedestrian,Fog/Smoke/Haze,"Darkness, lighted road",Wet,Other,Champaign,2010,1,0,3359,-88.250842915163,40.0981083157634,0.002417633300464323,0.005402058381475286
Fatal,Fixed object,Sleet/Hail,Daylight,Ice,No Controls,Unincorporated,2010,1,0,3360,-88.2579894478663,39.9371285693795,0.002336363711011542,0.0014173246961412152
Fatal,Head on,Snow,Darkness,Snow or Slush,Lane Use Marking,Unincorporated,2010,1,1,3361,-88.3365651548348,40.1776660979444,0.0014428093523566911,0.007371353163634542
Fatal,Overturned,Clear,Daylight,Dry,Police/Flagman,Unincorporated,2010,1,0,3362,-88.3192645130075,40.1132734184281,0.0016395503618713801,0.005777440358320278
Fatal,Angle,Clear,Darkness,Dry,Stop Sign/Flasher,Champaign,2010,1,1,3363,-88.2500451592103,40.1126086503671,0.0024267052940381987,0.005760985346151949
Fatal,Overturned,Clear,Daylight,Dry,Other Regualtory Sig,Unincorporated,2010,1,0,3364,-88.1650118180389,40.3417731675872,0.0033936951636315943,0.01143349752089846
Fatal,Pedestrian,Clear,Dusk,Dry,No Controls,Urbana,2010,1,0,3365,-88.2094619046982,40.1124233766336,0.0028882136323878644,0.005756399263098219
Fatal,Angle,Clear,Daylight,Dry,No Controls,Unincorporated,2010,1,4,3366,-88.0783688932518,40.2542001362803,0.004378989042325509,0.009265801176395373
Fatal,Turning,Clear,Daylight,Dry,Stop Sign/Flasher,Unincorporated,2010,1,2,3367,-88.2366706124252,39.9082888697601,0.002578799179488703,0.000703455249022669
Fatal,Fixed object,Fog/Smoke/Haze,Dawn,Dry,Lane Use Marking,Unincorporated,2010,1,0,3368,-88.0068507773878,40.3129055262568,0.005192285245676002,0.010718936432256463
Fatal,Pedestrian,Clear,"Darkness, lighted road",Dry,Lane Use Marking,Champaign,2010,1,0,3369,-88.2724932444136,40.112801800305,0.002171428120586891,0.00576576638899217
Fatal,Rear end,Clear,Daylight,Dry,Lane Use Marking,Unincorporated,2010,1,1,3371,-87.9680939843835,40.1197601812043,0.005633023263220694,0.005938007278841126
Fatal,Sideswipe Opposite Direction,Clear,Darkness,Dry,Lane Use Marking,Unincorporated,2010,1,0,3372,-88.3037737546197,40.0147122281601,0.001815709574563342,0.0033377539769605977
Fatal,Fixed object,Clear,Darkness,Dry,No Controls,Unincorporated,2010,1,1,3373,-88.1954654180506,39.9232503673594,0.003047380150034715,0.0010737973871250007
Fatal,Overturned,Clear,Daylight,Ice,Other Regualtory Sig,Unincorporated,2010,1,0,3374,-88.2527281724005,40.2241233988679,0.0023961943610422485,0.008521311317240451
Fatal,Fixed object,Clear,Daylight,Dry,No Controls,Urbana,2011,1,0,3375,-88.1965598431168,40.1323992210714,0.0030349344677004096,0.0062508615915111455
Fatal,Fixed object,Clear,Darkness,Dry,Other Warning Sign,Unincorporated,2011,1,0,3376,-88.0144146875112,40.0475321499989,0.005106269285782006,0.004150145914696839
Fatal,Head on,Clear,Daylight,Dry,Lane Use Marking,Champaign,2011,1,2,3378,-88.2802961093111,40.1429496663309,0.0020826947930973933,0.006512016895610925
Fatal,Overturned,Clear,Daylight,Dry,No Controls,Champaign,2011,1,0,3379,-88.236922479676,40.1163480594709,0.002575934972618233,0.005853546986692908
Fatal,Fixed object,Fog/Smoke/Haze,Dawn,Dry,No Controls,Unincorporated,2011,1,0,3380,-88.1616244354724,40.0255392286266,0.0034322161082530876,0.0036057548555748628
Fatal,Fixed object,Clear,Daylight,Dry,No Controls,Unincorporated,2011,1,0,3382,-88.1808292640534,40.0546983648022,0.003213820894925309,0.004327531319783426
Fatal,Fixed object,Rain,Darkness,Wet,No Controls,Unincorporated,2011,1,0,3383,-88.2940768815929,39.9870067779609,0.0019259813556609048,0.002651960619994904
Fatal,Pedestrian,Clear,Darkness,Ice,No Controls,Champaign,2011,1,0,3384,-88.2952108503235,40.0927475956363,0.0019130859870934763,0.00526936440879896
Fatal,Pedestrian,Rain,Darkness,Wet,Traffic Signal,Urbana,2011,1,0,3385,-88.2128199747718,40.116488673335,0.0028500260262344953,0.005857027603438057
Fatal,Pedestrian,Rain,"Darkness, lighted road",Wet,Traffic Signal,Rantoul,2011,1,0,3386,-88.155799676328,40.3081906655675,0.0034984546331407094,0.01060222942636084
Fatal,Head on,Clear,Dawn,Dry,Lane Use Marking,Unincorporated,2012,1,1,3387,-88.441695917351,40.3109500013532,0.0002472738020026109,0.010670531299741822
Fatal,Fixed object,Clear,Daylight,Dry,Lane Use Marking,Mahomet,2012,1,0,3388,-88.3697148353953,40.1888810185311,0.0010658348051888083,0.00764895623385918
Fatal,Rear end,Clear,Daylight,Dry,Lane Use Marking,Unincorporated,2012,1,1,3389,-88.1447284804362,40.3684452009439,0.003624355063773882,0.012093710697774505
Fatal,Pedestrian,Clear,"Darkness, lighted road",Dry,Lane Use Marking,Urbana,2012,1,0,3390,-88.2095405767871,40.1165100007473,0.002887318981984366,0.00585755552114271