crash_severity,collision_type,weather,light,road_surface,traffic_control,city,year,fatality,injury,id,x,y,norm_x,norm_y
Fatal,Parked Motor Vehicle,Clear,Daylight,Dry,Lane Use Marking,Unincorporated,2012,1,1,3391,-88.2111697694023,40.1892485072642,0.0028687919814830297,0.007658052687088084
Fatal,Angle,Fog/Smoke/Haze,Daylight,Dry,Stop Sign/Flasher,Unincorporated,2012,1,1,3392,-87.9585200007596,40.0762199988664,0.005741897559448791,0.004860256598245111
Fatal,Fixed object,Rain,Darkness,Wet,No Controls,Unincorporated,2012,1,0,3393,-88.1079116751127,40.0257590678918,0.00404303175327211,0.0036111965396691393
Fatal,Fixed object,Clear,Darkness,Dry,No Controls,Unincorporated,2012,1,2,3394,-88.3727760033504,40.2069547486483,0.0010310235375034062,0.008096335502589692
Fatal,Fixed object,Clear,Darkness,Dry,No Controls,Unincorporated,2012,1,0,3395,-87.9769630967462,40.0424647464524,0.005532164685998232,0.004024712411026394
Fatal,Fixed object,Clear,Darkness,Dry,Lane Use Marking,Champaign,2012,1,0,3396,-88.3041080279814,40.1278615334893,0.0018119082543989488,0.006138540153764568
Fatal,Overturned,Clear,Darkness,Dry,Other Warning Sign,Unincorporated,2012,1,0,3397,-88.0618105912465,40.0537120652275,0.004567288244452905,0.004303117434015713
Fatal,Angle,Clear,Daylight,Dry,Stop Sign/Flasher,Unincorporated,2013,1,2,3399,-88.4260800010065,40.0551199992842,0.00042485629731011076,0.004337968043415269
Fatal,Overturned,Clear,Darkness,Dry,Lane Use Marking,Unincorporated,2013,1,0,3400,-88.3220648804484,40.1728676865887,0.0016077048891522826,0.007252578027043427
Fatal,Overturned,Clear,Daylight,Dry,Lane Use Marking,Unincorporated,2013,1,3,3401,-88.3040094893782,40.0077967808366,0.0018130288246334338,0.0031665758224529465
Fatal,Fixed object,Snow,Daylight,Wet,Lane Use Marking,Champaign,2013,1,1,3402,-88.286181365479,40.1451859091487,0.0020157683026652373,0.006567370642183673
Fatal,Fixed object,Clear,Darkness,Dry,Lane Use Marking,Unincorporated,2013,1,0,3403,-88.354803929699,40.1203830456773,0.0012353999963967944,0.005953425050969107
Fatal,Turning,Clear,Daylight,Dry,Traffic Signal,Champaign,2013,1,3,3404,-88.3142900016643,40.0986899998656,0.0016961199616163643,0.005416456815367314
Fatal,Head on,Snow,Daylight,Snow or Slush,Lane Use Marking,Unincorporated,2013,2,1,3405,-88.2894898096776,40.2718119716865,0.0019781450365428167,0.009701747159539652
Fatal,Fixed object,Clear,Darkness,Dry,Lane Use Marking,Unincorporated,2013,1,0,3406,-88.3938643482837,40.2316256391515,0.0007912091819097241,0.008707014365263896
Fatal,Angle,Clear,Daylight,Dry,No Controls,Unincorporated,2013,1,0,3407,-88.1038397470052,39.909129998654,0.004089337275028986,0.0007242757231042352
Fatal,Head on,Clear,Daylight,Dry,Lane Use Marking,Unincorporated,2013,1,1,3408,-88.3147871037776,40.138477811644,0.0016904669706707788,0.006401325020346649
Fatal,Head on,Clear,Daylight,Dry,Lane Use Marking,Unincorporated,2013,1,1,3409,-88.0125365425146,40.1120340666654,0.0051276273455775,0.005746762668562787
Fatal,Fixed object,Rain,Daylight,Wet,Lane Use Marking,Unincorporated,2013,1,0,3410,-87.9956003051022,40.1865298609756,0.0053202243878812255,0.00759075800133995
Fatal,Rear end,Clear,Daylight,Dry,Lane Use Marking,Urbana,2013,1,0,3411,-88.1767239364817,40.1225713424345,0.0032605062317416283,0.006007591988101156
Fatal,Angle,Rain,Darkness,Wet,Stop Sign/Flasher,Champaign,2013,1,0,3412,-88.2619706635368,40.1490691146614,0.00229108976118183,0.006663491677041259
Fatal,Overturned,Other,Darkness,Wet,No Controls,Unincorporated,2013,1,0,3413,-88.1421600279834,39.9675099992169,0.003653563224575062,0.0021693566107212773
Fatal,Fixed object,Clear,Darkness,Dry,No Controls,Unincorporated,2013,1,0,3414,-88.0448004531128,40.3564714993045,0.004760725677688852,0.011797325510616252
Fatal,Fixed object,Clear,Daylight,Dry,Lane Use Marking,Urbana,2013,1,1,3415,-88.2192403247767,40.1059958491258,0.002777014507123773,0.005597298593920391
Fatal,Fixed object,Clear,Darkness,Dry,Lane Use Marking,Unincorporated,2014,1,3,3416,-88.1970954047634,40.2384017603125,0.0030288441191421707,0.00887474377752012
Fatal,Fixed object,Clear,Darkness,Dry,No Controls,Unincorporated,2014,1,0,3417,-88.3336318781399,40.1423374816484,0.0014761662545977694,0.006496863480471384
Fatal,Fixed object,Clear,Daylight,Dry,No Controls,Unincorporated,2014,1,0,3418,-88.4457104253659,40.1238701049048,0.0002016212552681539,0.0060397402718506766
Fatal,Angle,Clear,Dusk,Dry,Lane Use Marking,Mahomet,2014,1,0,3419,-88.3950908196769,40.2035400616358,0.0007772618831651567,0.008011811712055578
Fatal,Fixed object,Rain,Daylight,Snow or Slush,Other,Champaign,2014,1,1,3420,-88.2812687737281,40.1464295749911,0.0020716337595686417,0.006598155118410275
Fatal,Train,Fog/Smoke/Haze,Darkness,Dry,Other RR Crossing,Unincorporated,2014,1,0,3421,-88.2976809487692,40.1421300009174,0.0018849962973202104,0.006491727707329464
Fatal,Angle,Clear,Daylight,Dry,Traffic Signal,Champaign,2014,1,1,3422,-88.2579800010524,40.132169999523,0.0023364711391474567,0.00624518766764284
Fatal,Turning,Snow,Daylight,Snow or Slush,Stop Sign/Flasher,Champaign,2014,1,1,3423,-88.2485154920484,40.1491578518924,0.0024441005019535202,0.0066656881908353
Fatal,Turning,Clear,"Darkness, lighted road",Dry,Traffic Signal,Urbana,2014,1,1,3424,-88.2193800014906,40.1164299993356,0.0027754261187869314,0.005855575245193587
Fatal,Turning,Clear,Daylight,Dry,Traffic Signal,Urbana,2014,1,2,3425,-88.2128186771125,40.1164907568937,0.0028500407830744532,0.005857079177792694
Fatal,Turning,Clear,"Darkness, lighted road",Dry,Traffic Signal,Rantoul,2014,1,0,3426,-88.19384000072,40.3098600020349,0.0030658642184119007,0.010643550532917606
Fatal,Angle,Clear,Darkness,Dry,No Controls,Unincorporated,2014,1,1,3427,-88.2513209035743,40.2675599934557,0.0024121976684506464,0.009596497888956317
Fatal,Fixed object,Snow,Daylight,Snow or Slush,Lane Use Marking,Unincorporated,2014,1,2,3428,-88.0810055449431,40.120578524359,0.0043490053272320995,0.005958263737233798
Fatal,Head on,Clear,Daylight,Dry,Lane Use Marking,Unincorporated,2014,3,2,3429,-87.9585200007596,40.0762199988664,0.005741897559448791,0.004860256598245111
Fatal,Rear end,Clear,Darkness,Dry,Lane Use Marking,St. Joseph,2014,1,2,3430,-88.0438866499282,40.1202721146151,0.0047711173477107465,0.005950679172992289
Fatal,Angle,Clear,Daylight,Dry,No Controls,Unincorporated,2015,2,2,3431,-88.425579537217,39.9513397823882,0.0004305475168702403,0.00176909503034327
Fatal,Angle,Clear,Daylight,Dry,Stop Sign/Flasher,Unincorporated,2015,1,1,3432,-88.2378615812193,40.0104703700231,0.0025652556124238658,0.0032327552091863947
Fatal,Fixed object,Rain,Darkness,Wet,Lane Use Marking,Unincorporated,2015,1,8,3433,-88.3035969114629,39.9971274010249,0.0018177206156299503,0.0029024765298877406
Fatal,Pedestrian,Clear,Daylight,Dry,Stop Sign/Flasher,Urbana,2015,1,0,3434,-88.209629129054,40.1055793070674,0.0028863119752758123,0.005586987923114075
Fatal,Fixed object,Severe cross wind,Daylight,Ice,No Controls,Unincorporated,2015,1,0,3435,-88.2102605562277,40.06911674587,0.0028791314544125398,0.004684429687555911
Fatal,Pedestrian,Clear,Darkness,Dry,Lane Use Marking,Urbana,2015,1,0,3436,-88.1914035061912,40.140752684443,0.003093571768112065,0.006457634975329465
Fatal,Train,Clear,"Darkness, lighted road",Dry,RR Crossing Gate,Champaign,2015,1,0,3437,-88.2360378449574,40.1272699157515,0.002585994942030169,0.006123895832465621
Fatal,Pedestrian,Clear,"Darkness, lighted road",Dry,Lane Use Marking,Champaign,2015,1,0,3438,-88.2421672760822,40.1272092263622,0.0025162917206536287,0.006122393587249554
Fatal,Turning,Clear,Daylight,Dry,Traffic Signal,Champaign,2015,1,0,3439,-88.2436878297308,40.1370194801962,0.0024990001506163036,0.006365226923691844
Fatal,Fixed object,Clear,Daylight,Dry,No Controls,Champaign,2015,1,2,3440,-88.2713010236913,40.1304408878225,0.002184985924442462,0.006202386943989992
Fatal,Sideswipe Same Direction,Clear,Daylight,Dry,Lane Use Marking,Unincorporated,2015,1,3,3441,-88.1408637007907,40.3762433551037,0.003668304915842769,0.012286738505694412
Fatal,Head on,Clear,Darkness,Dry,Lane Use Marking,Unincorporated,2015,1,2,3442,-88.3848318601828,40.3294109118126,0.0008939256501852399,0.011127494448348691
Fatal,Overturned,Clear,Daylight,Dry,Lane Use Marking,Unincorporated,2015,1,3,3443,-88.1836368855511,40.2935542643362,0.003181892929864507,0.010239934402741263
Fatal,Fixed object,Clear,Darkness,Dry,Lane Use Marking,Unincorporated,2015,1,1,3444,-87.9489211616135,40.2914549890836,0.005851054509961103,0.010187971016031167
Fatal,Pedestrian,Fog/Smoke/Haze,"Darkness, lighted road",Wet,Other,Champaign,2010,1,0,3449,-88.250842915163,40.0981083157634,0.002417633300464323,0.005402058381475286
Fatal,Pedestrian,Clear,Dusk,Dry,No Controls,Urbana,2010,1,0,3461,-88.2094619046982,40.1124233766336,0.0028882136323878644,0.005756399263098219
Fatal,Pedestrian,Clear,"Darkness, lighted road",Dry,Lane Use Marking,Champaign,2010,1,0,3465,-88.2724932444136,40.112801800305,0.002171428120586891,0.00576576638899217
Fatal,Pedestrian,Clear,Darkness,Ice,No Controls,Champaign,2011,1,0,3521,-88.2952108503235,40.0927475956363,0.0019130859870934763,0.00526936440879896
Fatal,Pedestrian,Rain,Darkness,Wet,Traffic Signal,Urbana,2011,1,0,3522,-88.2128199747718,40.116488673335,0.0028500260262344953,0.005857027603438057
Fatal,Pedestrian,Rain,"Darkness, lighted road",Wet,Traffic Signal,Rantoul,2011,1,0,3529,-88.155799676328,40.3081906655675,0.0034984546331407094,0.01060222942636084
Fatal,Pedestrian,Clear,"Darkness, lighted road",Dry,Lane Use Marking,Urbana,2012,1,0,3541,-88.2095405767871,40.1165100007473,0.002887318981984366,0.00585755552114271
Fatal,Pedestrian,Clear,Daylight,Dry,Lane Use Marking,Champaign,2005,1,0,3675,-88.2469286585144,40.1347510603195,0.002462145799609273,0.006309076697975807
Fatal,Pedestrian,Clear,Daylight,Dry,Stop Sign/Flasher,Champaign,2005,1,0,3685,-88.2303310649335,40.106869885038,0.002650891821243534,0.0056189336158395265
Fatal,Pedestrian,Clear,Daylight,Dry,No Controls,Champaign,2005,1,0,3715,-88.2734324870798,40.1050861082534,0.0021607471555583567,0.005574779766672949
Fatal,Pedestrian,Clear,"Darkness, lighted road",Dry,Unknown,Urbana,2007,1,0,3727,-88.2119563271168,40.0982689784893,0.0028598473330511817,0.005406035267948688
Fatal,Pedestrian,Clear,Daylight,Dry,Unknown,Champaign,2007,1,0,3743,-88.2468881776609,40.1254795268361,0.0024626061434544905,0.006079578313142336
Fatal,Pedestrian,Clear,Darkness,Dry,No Controls,Unincorporated,2008,1,0,3784,-88.1623897304649,40.0958474994821,0.003423513257173802,0.00534609636765173
Fatal,Pedestrian,Clear,Daylight,Dry,Traffic Signal,Urbana,2009,1,0,3814,-88.2144300051288,40.116460255706,0.0028317169368407406,0.005856324181510369
Fatal,Pedestrian,Clear,Darkness,Dry,No Controls,Unincorporated,2009,1,0,3827,-88.365320145246,40.1980559161844,0.0011158107416371558,0.007876062590775798
Fatal,Pedestrian,Clear,"Darkness, lighted road",Dry,Lane Use Marking,Urbana,2009,1,0,3845,-88.2238760648363,40.1350574396831,0.002724297377419743,0.006316660510213389
Fatal,Pedestrian,Clear,Daylight,Dry,Stop Sign/Flasher,Mahomet,2006,1,0,3859,-88.4103563600608,40.2002228372178,0.0006036638250181343,0.007929700414348057
Fatal,Pedestrian,Clear,"Darkness, lighted road",Dry,Lane Use Marking,Champaign,2015,1,0,3927,-88.2421672760822,40.1272092263622,0.0025162917206536287,0.006122393587249554
Fatal,Turning,Clear,Daylight,Dry,No Controls,Champaign,2008,1,0,3334,-88.273370468222,40.1487267701078,0.002161452427236431,0.006655017618003588
Fatal,Pedestrian,Clear,Darkness,Dry,No Controls,Urbana,2006,1,0,3895,-88.1844244035989,40.1420286026266,0.0031729373606271347,0.006489217794163107
Fatal,Overturned,Clear,Daylight,Dry,No Controls,Unincorporated,2010,1,1,3370,-88.2771335519316,40.1643746307371,0.002118659050244683,0.0070423493088132665
Fatal,Pedestrian,Clear,Daylight,Dry,Unknown,Champaign,2007,1,0,3762,-88.2681800363888,40.1273093621829,0.002220477451213815,0.0061248722504778355
Fatal,Pedestrian,Clear,Daylight,Dry,Stop Sign/Flasher,Urbana,2015,1,0,3906,-88.209629129054,40.1055793070674,0.0028863119752758123,0.005586987923114075
Fatal,Pedestrian,Clear,Darkness,Dry,Lane Use Marking,Urbana,2015,1,0,3911,-88.1914035061912,40.140752684443,0.003093571768112065,0.006457634975329465
Fatal,Fixed object,Clear,Daylight,Dry,No Controls,Urbana,2007,1,0,3322,-88.1952656723602,40.1359205193735,0.0030496516362124877,0.006338024332636441
C-Injury,Pedestrian,Clear,Daylight,Dry,Stop Sign/Flasher,Champaign,2016,0,1,3957,-88.2517400030258,40.1182694788182,0.002407431715256578,0.0059011079039437715
B-Injury,Pedestrian,Clear,Darkness,Dry,Lane Use Marking,Urbana,2016,0,1,3964,-88.1988430728403,40.1163299987301,0.003008969828628644,0.005853099928948914
B-Injury,Pedestrian,Rain,"Darkness, lighted road",Wet,Traffic Signal,Champaign,2016,0,1,3965,-88.2334300015661,40.1014899975063,0.00261565105228202,0.005485765192156199
B-Injury,Pedestrian,Clear,Daylight,Dry,No Controls,Urbana,2016,0,1,3967,-88.2063100017161,40.1124799975404,0.0029240567288914537,0.00575780080111574
B-Injury,Pedestrian,Clear,Darkness,Dry,No Controls,Urbana,2016,0,1,3969,-88.2256100017552,40.112769997435,0.002704579236135528,0.005764979172151433
B-Injury,Pedestrian,Clear,Daylight,Dry,No Controls,Champaign,2016,0,1,3972,-88.2321204217301,40.1241750572226,0.00263054345116221,0.0060472887604055775
C-Injury,Pedestrian,Clear,Daylight,Dry,No Controls,Urbana,2016,0,1,3975,-88.2070219982469,40.1124670539565,0.002915959982098004,0.005757480408420867
B-Injury,Pedestrian,Snow,"Darkness, lighted road",Snow or Slush,No Controls,Champaign,2016,0,1,3986,-88.234462684982,40.107965176146,0.0026039074892523157,0.0056460453704008165
B-Injury,Pedestrian,Clear,"Darkness, lighted road",Dry,No Controls,Champaign,2016,0,1,3990,-88.235139597772,40.1102714364119,0.002596209710927841,0.005703132259746207
C-Injury,Pedestrian,Clear,Daylight,Dry,Stop Sign/Flasher,Urbana,2016,0,1,3994,-88.21445521066,40.1183396457482,0.002831430302292526,0.0059028447468439105
B-Injury,Pedestrian,Cloudy/Overcast,Daylight,Dry,Traffic Signal,Urbana,2016,0,1,3999,-88.2050000014289,40.1090999989142,0.0029389539090967855,0.005674135652643835
C-Injury,Pedestrian,Clear,"Darkness, lighted road",Snow or Slush,Stop Sign/Flasher,Urbana,2016,0,1,4000,-88.2217400059949,40.1006402020967,0.0027485884052922925,0.005464730195702668
C-Injury,Pedestrian,Clear,"Darkness, lighted road",Dry,Stop Sign/Flasher,Urbana,2016,0,1,4006,-88.2177400021645,40.1106199979048,0.002794076012024502,0.005711760206760442
C-Injury,Pedestrian,Clear,Daylight,Wet,Stop Sign/Flasher,Champaign,2016,0,1,4009,-88.2304097448086,40.1202842220436,0.0026499970822962383,0.005950978868322191
C-Injury,Pedestrian,Clear,Dusk,Dry,Stop Sign/Flasher,Champaign,2016,0,1,4012,-88.2303593994812,40.1079999550005,0.0026505696038613288,0.0056469062518232985
C-Injury,Pedestrian,Clear,Daylight,Snow or Slush,No Controls,Urbana,2016,0,1,4013,-88.2201297047121,40.1105504103883,0.0027669005756247693,0.005710037706090001
C-Injury,Pedestrian,Clear,Daylight,Dry,No Controls,Urbana,2016,0,1,4014,-88.2191988423074,40.103595768612,0.0027774862412344855,0.0055378893707997146
C-Injury,Pedestrian,Clear,"Darkness, lighted road",Wet,No Controls,Urbana,2016,0,1,4015,-88.2191974632733,40.1037001949981,0.0027775019234597045,0.005540474238447083
B-Injury,Pedestrian,Clear,Daylight,Dry,Stop Sign/Flasher,Urbana,2016,0,1,4017,-88.2144552094209,40.1183409191258,0.00283143031638345,0.005902876266775619
B-Injury,Pedestrian,Clear,Daylight,Dry,Traffic Signal,Champaign,2016,0,1,4021,-88.2387300022843,40.1163399977187,0.0025553800229101324,0.005853347434039275
B-Injury,Pedestrian,Clear,Daylight,Dry,No Controls,Urbana,2016,0,1,4025,-88.1960674493676,40.122061215723,0.00304053391564361,0.0059949648152005245
B-Injury,Pedestrian,Clear,Daylight,Dry,Traffic Signal,Urbana,2016,0,1,4030,-88.2049200019224,40.1092999980955,0.002939863654748186,0.00567908623489197
B-Injury,Pedestrian,Clear,Daylight,Dry,No Controls,Urbana,2016,0,1,4036,-88.17486000667,40.1128899539412,0.0032817026380066163,0.005767948457056858
B-Injury,Pedestrian,Clear,Darkness,Dry,No Controls,Unincorporated,2016,0,1,4038,-88.1802533870961,39.9965756926764,0.0032203697047941127,0.00288882008620389
C-Injury,Pedestrian,Clear,Daylight,Dry,No Controls,Urbana,2016,0,1,4050,-88.2173799983739,40.1164498305349,0.0027981699358164366,0.005856066127118988
C-Injury,Pedestrian,Cloudy/Overcast,Daylight,Dry,Traffic Signal,Urbana,2016,0,1,4053,-88.2156786680988,40.1164532169956,0.0028175172779082293,0.005856149952223372
B-Injury,Pedestrian,Clear,Daylight,Dry,No Controls,Sidney,2016,0,1,4057,-88.0779378187821,40.0259164299816,0.004383891174118758,0.0036150917254556235
B-Injury,Pedestrian,Other,Daylight,Dry,Stop Sign/Flasher,Rantoul,2016,0,1,4066,-88.1617296227839,40.2855687002282,0.0034310199296339753,0.010042267634018217
C-Injury,Pedestrian,Cloudy/Overcast,Daylight,Dry,Other,Mahomet,2016,0,1,4079,-88.4185397323059,40.1958277428443,0.000510603409525666,0.007820908588085998
B-Injury,Pedestrian,Clear,Daylight,Dry,Stop Sign/Flasher,Champaign,2016,0,1,4080,-88.2800200016603,40.1092499979255,0.0020858346591493913,0.005677848580055614
Property Damage,Pedestrian,Clear,Daylight,Dry,No Controls,Champaign,2016,0,0,4083,-88.2766500024497,40.1072823476325,0.002124157922146013,0.00562914330762468
B-Injury,Pedestrian,Clear,"Darkness, lighted road",Dry,Stop Sign/Flasher,Rantoul,2016,0,1,4095,-88.1364890008774,40.3087399988343,0.0037180535255104136,0.01061582707961754
B-Injury,Pedestrian,Clear,Darkness,Dry,Lane Use Marking,Unincorporated,2016,0,1,4096,-88.2256835940735,40.2004529220182,0.002703742352328575,0.007935395706303916
B-Injury,Pedestrian,Clear,Daylight,Dry,No Controls,Champaign,2016,0,1,4143,-88.2452020045725,40.1228282265513,0.002481781119674453,0.0060139506438727005
C-Injury,Pedestrian,Clear,"Darkness, lighted road",Dry,No Controls,Champaign,2016,0,1,4147,-88.2688000007494,40.1271999987235,0.002213427284209366,0.0061221651753928606
C-Injury,Pedestrian,Clear,Daylight,Dry,No Controls,Champaign,2016,0,1,4149,-88.2431251462486,40.1126405281215,0.0025053989257271063,0.005761774416607291
C-Injury,Pedestrian,Clear,"Darkness, lighted road",Dry,Stop Sign/Flasher,Champaign,2016,0,1,4163,-88.2768100028643,40.117414693694,0.002122338414904343,0.005879949397022111
C-Injury,Pedestrian,Clear,"Darkness, lighted road",Dry,Traffic Signal,Champaign,2016,0,1,4179,-88.2548300031233,40.1271800714064,0.0023722925715964076,0.006121671914262306
B-Injury,Pedestrian,Clear,Daylight,Dry,Stop Sign/Flasher,Champaign,2016,0,1,4193,-88.2435100015841,40.1163599979244,0.002501022392880602,0.005853842499382351
B-Injury,Pedestrian,Clear,Daylight,Dry,Traffic Signal,Savoy,2016,0,1,4199,-88.2570700023613,40.0545399981387,0.0023468195448847185,0.004323611267771593
C-Injury,Pedestrian,Clear,Daylight,Dry,Traffic Signal,Urbana,2016,0,1,4203,-88.2193801256479,40.1164355707825,0.0027754247068837203,0.005855713155288684
B-Injury,Pedestrian,Clear,"Darkness, lighted road",Dry,Traffic Signal,Champaign,2016,0,1,4209,-88.2335639436636,40.1163551139316,0.0026141278773767164,0.005853721605847162
C-Injury,Pedestrian,Clear,"Darkness, lighted road",Dry,No Controls,Champaign,2017,0,1,4214,-88.2579447385217,40.123130120062,0.002336872140795692,0.006021423417737122
B-Injury,Pedestrian,Clear,"Darkness, lighted road",Dry,No Controls,Champaign,2017,0,1,4216,-88.2860666652384,40.1131831754997,0.002017072661275326,0.005775206573979449
B-Injury,Pedestrian,Clear,Unkown,Dry,Unkown,Champaign,2016,0,1,4198,-88.272880005242,40.1346201054086,0.002167029918683126,0.006305835169420515
C-Injury,Pedestrian,Clear,Daylight,Dry,Stop Sign/Flasher,Urbana,2017,0,1,4233,-88.2191000012633,40.1060999994834,0.0027786102507939667,0.0055998766290309724
B-Injury,Pedestrian,Clear,"Darkness, lighted road",Dry,Traffic Signal,Urbana,2017,0,1,4236,-88.2238000006684,40.1162999991094,0.002725162370830381,0.005852357347960698
C-Injury,Pedestrian,Clear,Daylight,Dry,Traffic Signal,Champaign,2017,0,1,4237,-88.2769000010503,40.1274999991577,0.0021213149653615676,0.006129591089910865
C-Injury,Pedestrian,Clear,Daylight,Dry,Traffic Signal,Urbana,2017,0,1,4239,-88.1836212328571,40.1159479545796,0.003182070930591171,0.005843643185290332
B-Injury,Pedestrian,Snow,Daylight,Snow or Slush,Other,Savoy,2017,0,1,4244,-88.1616000006809,40.081899998847,0.0034324939780335678,0.005000853709147625
B-Injury,Pedestrian,Clear,"Darkness, lighted road",Dry,Stop Sign/Flasher,Champaign,2017,0,1,4245,-88.2386503986661,40.1040999966368,0.0025562852665631003,0.005550370533434287
B-Injury,Pedestrian,Cloudy/Overcast,Daylight,Dry,Traffic Signal,Urbana,2017,0,1,4252,-88.215800001315,40.1162999987516,0.002816137489824004,0.0058523573391040485
C-Injury,Pedestrian,Clear,Daylight,Dry,Stop Sign/Flasher,Urbana,2017,0,1,4254,-88.2238000011252,40.1090999991498,0.0027251623656357727,0.005674135658475513
B-Injury,Pedestrian,Clear,"Darkness, lighted road",Dry,Stop Sign/Flasher,Champaign,2017,0,1,4261,-88.2302000013793,40.1068999988063,0.002652382261668799,0.005619679022324627
C-Injury,Pedestrian,Clear,Darkness,Dry,Stop Sign/Flasher,Champaign,2017,0,1,4264,-88.2352000006894,40.1126999995482,0.0025955228155475863,0.005763246513579679
C-Injury,Pedestrian,Clear,Daylight,Dry,Traffic Signal,Champaign,2017,0,1,4265,-88.2434702063239,40.1102199969953,0.0025014749402336085,0.005701858979220604
C-Injury,Pedestrian,Clear,Daylight,Dry,School Zone,Champaign,2017,0,1,4274,-88.2812789656398,40.1060694638294,0.00207151785826183,0.005599120779603801
Property Damage,Pedestrian,Clear,Daylight,Dry,Lane Use Marking,Unincorporated,2017,0,0,4292,-88.0952840009162,40.1133499988062,0.004186632285208602,0.005779335953381785
B-Injury,Pedestrian,Clear,"Darkness, lighted road",Dry,No Controls,Champaign,2017,0,1,4296,-88.2321026094333,40.1163500068186,0.002630746010656241,0.005853595189414955
C-Injury,Pedestrian,Clear,"Darkness, lighted road",Dry,No Controls,Unincorporated,2017,0,1,4298,-88.3615972917546,40.2043929880177,0.001158146624980897,0.00803292420950587
C-Injury,Pedestrian,Clear,"Darkness, lighted road",Dry,No Controls,Urbana,2017,0,1,4303,-88.189431509851,40.1274699974696,0.00311599709513754,0.006128848457748391
B-Injury,Pedestrian,Clear,Daylight,Dry,Traffic Signal,Urbana,2017,0,1,4345,-88.1994000005041,40.1274999990039,0.003002636508056189,0.006129591086103926
B-Injury,Pedestrian,Clear,Darkness,Dry,No Controls,Champaign,2017,0,1,4352,-88.2482000014028,40.1220999992517,0.0024476882271216548,0.005995924824373879
B-Injury,Pedestrian,Clear,Darkness,Dry,No Controls,Urbana,2017,0,1,4358,-88.219575091548,40.112189998744,0.0027732075759594405,0.005750622457263997
B-Injury,Pedestrian,Clear,"Darkness, lighted road",Dry,No Controls,St. Joseph,2017,0,2,4359,-88.0416000012957,40.1114999990168,0.004797120866242166,0.005733542885345125
B-Injury,Pedestrian,Clear,Daylight,Dry,No Controls,Urbana,2017,0,1,4361,-88.2255000007448,40.1060999988915,0.0027058301556129338,0.0055998766143797556
B-Injury,Pedestrian,Clear,Daylight,Dry,Stop Sign/Flasher,Urbana,2017,0,1,4377,-88.2238000012377,40.112699998778,0.0027251623643563512,0.005763246494514911
C-Injury,Pedestrian,Clear,Darkness,Dry,Stop Sign/Flasher,Champaign,2017,0,1,4382,-88.2353000006185,40.1125999990866,0.0025943856272746205,0.005760771200896944
B-Injury,Pedestrian,Clear,Daylight,Dry,Other,Champaign,2017,0,1,4397,-88.22894000196,40.1115399980572,0.002666710837464787,0.0057345329820947385
B-Injury,Pedestrian,Clear,Darkness,Dry,Other,Champaign,2017,0,1,4398,-88.2320499755091,40.1054310415048,0.0026313445578942524,0.0055833179037797125
C-Injury,Pedestrian,Clear,Daylight,Dry,No Controls,Unincorporated,2017,0,1,4403,-88.0385000006662,40.088599998893,0.004832373734860124,0.005166698894487771
B-Injury,Pedestrian,Clear,Darkness,Dry,No Controls,Champaign,2017,0,1,4404,-88.2425090270982,40.1205382870839,0.002512405365421224,0.005957267743457719
B-Injury,Pedestrian,Clear,Daylight,Dry,No Controls,Champaign,2017,0,1,4405,-88.2368103303871,40.1173216147971,0.0025772103220841037,0.005877645413917315
B-Injury,Pedestrian,Clear,Daylight,Dry,No Controls,Champaign,2017,0,1,4412,-88.2951000007567,40.0838999990106,0.0019143465562615571,0.0050503597383319224
B-Injury,Pedestrian,Clear,"Darkness, lighted road",Dry,No Controls,Urbana,2017,0,1,4423,-88.219205351377,40.1039529673773,0.0027774122208059117,0.005546731116326247
B-Injury,Pedestrian,Clear,"Darkness, lighted road",Dry,No Controls,Champaign,2017,0,1,4429,-88.2419226276745,40.1177380316364,0.00251907383562877,0.005887952985173786
B-Injury,Pedestrian,Clear,Daylight,Dry,No Controls,Champaign,2017,0,1,4434,-88.2501000014322,40.11629999907,0.0024260816342798904,0.005852357346985439
C-Injury,Pedestrian,Rain,Darkness,Wet,No Controls,Champaign,2017,0,1,4440,-88.2317510752099,40.1054335044294,0.0026347436194548443,0.005583378868583251
B-Injury,Pedestrian,Clear,Daylight,Dry,Other,Urbana,2010,0,1,3479,-88.207410251414,40.1124603989868,0.0029115448094815494,0.005757315677872187
B-Injury,Pedestrian,Clear,Daylight,Dry,Unknown,Urbana,2007,0,1,3754,-88.2283908630282,40.1103772656778,0.0026729555854276116,0.005705751852894981
B-Injury,Pedestrian,Rain,Daylight,Wet,Stop Sign/Flasher,Urbana,2010,0,1,3448,-88.2049684450033,40.1056308330297,0.002939312765322503,0.0055882633459063994
B-Injury,Pedestrian,Clear,Darkness,Dry,No Controls,Urbana,2010,0,1,3451,-88.218721156027,40.1105887475571,0.0027829184374487254,0.005710986666511182
B-Injury,Pedestrian,Clear,Daylight,Dry,No Controls,Urbana,2010,0,1,3452,-88.2193213515404,40.1106641927542,0.002776093079615696,0.005712854162423089
C-Injury,Pedestrian,Clear,Daylight,Dry,Stop Sign/Flasher,Champaign,2010,0,1,3454,-88.2389395586187,40.1380097306658,0.002552996971160317,0.006389738606010674
C-Injury,Pedestrian,Clear,"Darkness, lighted road",Dry,Stop Sign/Flasher,Urbana,2010,0,1,3456,-88.2223903371564,40.1128327809539,0.00274119291034427,0.005766533253383772
C-Injury,Pedestrian,Rain,Daylight,Wet,Stop Sign/Flasher,Champaign,2010,0,1,3457,-88.2386483244526,40.1040994474419,0.0025563088542924803,0.005550356939205998