crash_severity,collision_type,weather,light,road_surface,traffic_control,city,year,fatality,injury,id,x,y,norm_x,norm_y
B-Injury,Pedestrian,Clear,Daylight,Dry,No Controls,Unincorporated,2010,0,1,3458,-88.1908104976257,40.1295745225669,0.003100315396758308,0.006180941793930091
B-Injury,Pedestrian,Rain,"Darkness, lighted road",Wet,No Controls,Urbana,2010,0,1,3460,-88.1832106264751,40.0987986140038,0.0031867403015263733,0.005419145342495147
B-Injury,Pedestrian,Clear,Daylight,Dry,Lane Use Marking,Champaign,2010,0,1,3462,-88.257908326681,40.1426301400535,0.0023372862122716755,0.0065041076576508
C-Injury,Pedestrian,Clear,Daylight,Dry,No Controls,Champaign,2010,0,1,3463,-88.2484245108714,40.14454979233,0.002445135129962565,0.006551624834575968
C-Injury,Pedestrian,Clear,Daylight,Dry,No Controls,Champaign,2010,0,1,3466,-88.2305658368422,40.1231082044912,0.00264822202073636,0.006020880941337735
B-Injury,Pedestrian,Clear,Daylight,Dry,Stop Sign/Flasher,Champaign,2010,0,1,3468,-88.2542098711381,40.1126499917077,0.002379344644809567,0.005762008668875323
B-Injury,Pedestrian,Clear,Daylight,Dry,Stop Sign/Flasher,Champaign,2010,0,1,3469,-88.2354010378389,40.1102708360679,0.0025932366430381293,0.005703117399423579
C-Injury,Pedestrian,Clear,Daylight,Dry,No Controls,Champaign,2010,0,1,3472,-88.2579814193108,40.1310366617708,0.0023364550108679006,0.00621713414401953
B-Injury,Pedestrian,Clear,Daylight,Dry,No Controls,Champaign,2010,0,1,3473,-88.272114235726,40.1343492729123,0.0021757381659920296,0.006299131249235993
B-Injury,Pedestrian,Clear,Daylight,Dry,No Controls,Urbana,2010,0,1,3474,-88.2192608348474,40.1074075230994,0.002776781268839634,0.0056322417775299454
C-Injury,Pedestrian,Clear,Daylight,Dry,Stop Sign/Flasher,Champaign,2010,0,1,3475,-88.279901906162,40.0983091751059,0.002087177628259339,0.005407030255304613
C-Injury,Pedestrian,Clear,Darkness,Dry,Traffic Signal,Urbana,2010,0,1,3477,-88.190699828222,40.0984105956338,0.0031015739171314674,0.005409540718906256
B-Injury,Pedestrian,Clear,Daylight,Dry,No Controls,Urbana,2010,0,1,3480,-88.2239290860801,40.111033831905,0.0027236944256255136,0.005722003844968169
Property Damage,Pedestrian,Clear,"Darkness, lighted road",Dry,No Controls,Urbana,2010,0,0,3481,-88.176777156046,40.1055211301592,0.003259901024668255,0.005585547869374154
B-Injury,Pedestrian,Clear,Daylight,Dry,No Controls,Champaign,2010,0,1,3482,-88.2496097490661,40.0980993219259,0.00243165673064842,0.005401835756902694
B-Injury,Pedestrian,Clear,Daylight,Dry,Traffic Signal,Rantoul,2010,0,1,3483,-88.1523710991309,40.308218834976,0.003537444038602628,0.0106029267040835
B-Injury,Pedestrian,Snow,Daylight,Snow or Slush,No Controls,Champaign,2010,0,1,3484,-88.2728326123487,40.1273804667721,0.0021675688654902,0.006126632303267981
B-Injury,Pedestrian,Clear,Darkness,Wet,No Controls,Urbana,2011,0,1,3488,-88.2006316700545,40.1289167505449,0.002988630096435488,0.006164659954803174
C-Injury,Pedestrian,Clear,Dusk,Snow or Slush,No Controls,Urbana,2011,0,1,3489,-88.2279519415402,40.1104043901874,0.0026779469526559707,0.005706423266221999
B-Injury,Pedestrian,Clear,Daylight,Snow or Slush,No Controls,Champaign,2011,0,1,3490,-88.2579088366102,40.1221715308546,0.002337280413412569,0.005997695447039396
B-Injury,Pedestrian,Clear,Darkness,Dry,No Controls,Urbana,2011,0,1,3491,-88.1896824426195,40.1439958140436,0.003113143515097749,0.006537912203090711
B-Injury,Pedestrian,Clear,"Darkness, lighted road",Wet,Traffic Signal,Champaign,2011,0,1,3494,-88.2335492036491,40.1126691988351,0.0026142954992118173,0.005762484103141274
B-Injury,Pedestrian,Clear,Daylight,Dry,Stop Sign/Flasher,Urbana,2011,0,1,3495,-88.2089191599988,40.1115906257439,0.002894385665838124,0.005735786169859986
B-Injury,Pedestrian,Clear,"Darkness, lighted road",Dry,Stop Sign/Flasher,Champaign,2011,0,1,3496,-88.2344700702737,40.1041313512082,0.002603823504521677,0.00555114665353432
B-Injury,Pedestrian,Clear,"Darkness, lighted road",Dry,Traffic Signal,Urbana,2011,0,1,3497,-88.1906998189069,40.0984100921682,0.0031015740230617853,0.005409528256615935
B-Injury,Pedestrian,Clear,Daylight,Dry,Traffic Signal,Urbana,2011,0,1,3499,-88.2049226673054,40.1092999450199,0.002939833344303862,0.005679084921110912
C-Injury,Pedestrian,Rain,"Darkness, lighted road",Wet,Traffic Signal,Urbana,2011,0,1,3504,-88.1906998156974,40.0984099173004,0.0031015740595597904,0.005409523928111078
C-Injury,Pedestrian,Clear,Daylight,Dry,Stop Sign/Flasher,Champaign,2011,0,2,3507,-88.2451896579701,40.115340059743,0.002481921523888655,0.005828595956760196
B-Injury,Pedestrian,Rain,Darkness,Wet,Traffic Signal,Champaign,2011,0,1,3508,-88.2302885147772,40.1041713366547,0.002651375696974153,0.005552136413794016
C-Injury,Pedestrian,Clear,Darkness,Dry,Stop Sign/Flasher,Urbana,2011,0,1,3509,-88.2037879979978,40.1125394616086,0.002952736679756477,0.005759272715943227
B-Injury,Pedestrian,Rain,Daylight,Wet,Traffic Signal,Urbana,2011,0,1,3511,-88.2192395145701,40.105978800357,0.0027770237207047537,0.005596876585532108
C-Injury,Pedestrian,Clear,Daylight,Dry,Other,Urbana,2011,0,1,3513,-88.227890135452,40.1104084030145,0.002678649804741317,0.005706522595781766
B-Injury,Pedestrian,Clear,"Darkness, lighted road",Dry,Traffic Signal,Urbana,2011,0,1,3515,-88.2195408352587,40.1273696092058,0.0027735971347403084,0.0061263635457928555
Property Damage,Pedestrian,Rain,"Darkness, lighted road",Wet,Traffic Signal,Champaign,2011,0,0,3517,-88.2468767239029,40.0835694618433,0.0024627363943397085,0.005042177947675739
B-Injury,Pedestrian,Rain,"Darkness, lighted road",Wet,Traffic Signal,Champaign,2011,0,1,3519,-88.2302892065274,40.1041713290348,0.0026513678304663996,0.005552136225178463
B-Injury,Pedestrian,Clear,"Darkness, lighted road",Dry,No Controls,Urbana,2011,0,1,3524,-88.2238488449487,40.1053589209117,0.002724606919008926,0.0055815327018322695
B-Injury,Pedestrian,Clear,Daylight,Dry,No Controls,Champaign,2011,0,1,3525,-88.2858588722469,40.0993996487018,0.002019435660482159,0.005434022761928186
B-Injury,Pedestrian,Clear,Darkness,Dry,No Controls,Urbana,2011,0,2,3527,-88.2194830440969,40.1255459063936,0.0027742543295210475,0.00608122140716323
B-Injury,Pedestrian,Clear,Daylight,Dry,Traffic Signal,Champaign,2011,0,1,3528,-88.2335625810691,40.1163548931494,0.0026141433726526,0.005853716140822644
B-Injury,Pedestrian,Rain,Daylight,Wet,No Controls,Urbana,2011,0,1,3530,-88.2231560734893,40.113549343517,0.0027324850403899438,0.005784270335513474
B-Injury,Pedestrian,Clear,Daylight,Dry,Other Warning Sign,Champaign,2011,0,1,3531,-88.2334904622336,40.1041397018553,0.0026149635001739367,0.005551353357206933
B-Injury,Pedestrian,Clear,Daylight,Dry,No Controls,Champaign,2011,0,1,3533,-88.2388192722109,40.1284743327808,0.002554364855053656,0.006153708782328238
B-Injury,Pedestrian,Clear,"Darkness, lighted road",Dry,Traffic Signal,Champaign,2011,0,1,3534,-88.2387090408223,40.1102298946413,0.0025556183943668542,0.005702103975776487
B-Injury,Pedestrian,Clear,"Darkness, lighted road",Dry,No Controls,Champaign,2011,0,1,3536,-88.2579851220706,40.1324458758262,0.00233641290348784,0.00625201643724297
C-Injury,Pedestrian,Clear,Darkness,Dry,No Controls,Champaign,2012,0,1,3539,-88.2457888250649,40.1304370150213,0.0024751078611195743,0.00620229108049318
C-Injury,Pedestrian,Clear,Daylight,Dry,Stop Sign/Flasher,Urbana,2012,0,1,3540,-88.2256900008817,40.1163999990608,0.002703669494805427,0.005854832648014494
B-Injury,Pedestrian,Clear,Daylight,Dry,Traffic Signal,Urbana,2012,0,1,3544,-88.2049201878443,40.1092999971732,0.0029398615404647426,0.005679086212062299
B-Injury,Pedestrian,Clear,Daylight,Dry,No Controls,Urbana,2012,0,1,3545,-88.1907892761509,40.1024096591012,0.003100556725052324,0.005508529587172481
B-Injury,Pedestrian,Clear,"Darkness, lighted road",Dry,No Controls,Champaign,2012,0,1,3546,-88.2450988309256,40.1057270012633,0.002482954399119817,0.005590643799401207
C-Injury,Pedestrian,Clear,Dusk,Dry,Stop Sign/Flasher,Urbana,2012,0,1,3547,-88.2238800005166,40.109080000409,0.0027242526212932056,0.0056736406293932395
C-Injury,Pedestrian,Rain,Daylight,Wet,Traffic Signal,Urbana,2012,0,1,3548,-88.2191300008318,40.1006499990841,0.0027782690989771727,0.005464972700654881
C-Injury,Pedestrian,Other,Daylight,Wet,Stop Sign/Flasher,Champaign,2012,0,1,3549,-88.2767098780496,40.1103299981184,0.00212347702336274,0.005704581838403237
B-Injury,Pedestrian,Clear,Daylight,Dry,No Controls,Urbana,2012,0,1,3550,-88.204604674422,40.10181946073,0.002943449524646897,0.005493920399472937
C-Injury,Pedestrian,Rain,"Darkness, lighted road",Wet,Traffic Signal,Urbana,2012,0,1,3554,-88.219320001503,40.1105700003849,0.0027761084320936675,0.00571052261752197
C-Injury,Pedestrian,Clear,Daylight,Dry,Stop Sign/Flasher,Urbana,2012,0,1,3556,-88.203600000262,40.118899999048,0.002954874569477309,0.005916715179115949
B-Injury,Pedestrian,Clear,Daylight,Dry,No Controls,Rantoul,2012,0,1,3558,-88.162715135057,40.2838180228691,0.003419812791688747,0.009998933095347036
C-Injury,Pedestrian,Clear,"Darkness, lighted road",Dry,No Controls,Rantoul,2012,0,1,3559,-88.1620451402118,40.3021636135443,0.00342743189990042,0.010453041731886333
B-Injury,Pedestrian,Clear,Darkness,Dry,No Controls,Unincorporated,2012,0,1,3560,-88.0425848977775,40.1279136237254,0.00478592073100844,0.006139829544033293
B-Injury,Pedestrian,Rain,Darkness,Wet,Other Regualtory Sig,St. Joseph,2012,0,1,3561,-88.0442022650918,40.1203410404724,0.004767528206537561,0.00595238529560423
B-Injury,Pedestrian,Clear,Darkness,Dry,No Controls,Champaign,2012,0,1,3562,-88.2733920723582,40.1309844190578,0.002161206747358789,0.006215840979488173
C-Injury,Pedestrian,Clear,Darkness,Dry,Lane Use Marking,Champaign,2012,0,1,3564,-88.2418779180803,40.134882699926,0.0025195822682513385,0.006312335174809885
B-Injury,Pedestrian,Clear,Daylight,Dry,Traffic Signal,Urbana,2012,0,1,3565,-88.2074082005778,40.1124600319321,0.0029115681313668655,0.0057573065921626854
B-Injury,Pedestrian,Clear,Daylight,Dry,No Controls,Broadlands,2012,0,1,3567,-87.994571527721,39.9101171969339,0.005331923531910814,0.0007487118545331257
B-Injury,Pedestrian,Clear,Darkness,Dry,No Controls,Unincorporated,2012,0,1,3568,-88.192291203681,40.1222371209235,0.0030834769692005253,0.005999318998839167
B-Injury,Pedestrian,Clear,Daylight,Dry,Traffic Signal,Champaign,2012,0,1,3569,-88.2335703878845,40.1102800935974,0.002614054594400383,0.005703346551167774
B-Injury,Pedestrian,Clear,Daylight,Dry,Other Warning Sign,Urbana,2012,0,1,3570,-88.2281158014216,40.1103943539746,0.0026760835559793165,0.005706174839720444
C-Injury,Pedestrian,Clear,"Darkness, lighted road",Dry,No Controls,Urbana,2012,0,1,3571,-88.2215128849542,40.1068991527979,0.0027511712009641006,0.00561965808106813
B-Injury,Pedestrian,Clear,Daylight,Dry,No Controls,Champaign,2012,0,1,3572,-88.2361209064666,40.1014817616558,0.0025850503756184016,0.005485561330045242
B-Injury,Pedestrian,Clear,Daylight,Dry,No Controls,Unincorporated,2012,0,1,3574,-88.3505025442696,40.0982941043909,0.0012843148817599708,0.005406657209706787
B-Injury,Pedestrian,Clear,Daylight,Dry,No Controls,Urbana,2012,0,1,3575,-88.2075601419872,40.1116518126063,0.002909840270252194,0.005737300729033841
B-Injury,Pedestrian,Clear,Daylight,Dry,Lane Use Marking,Champaign,2012,0,1,3576,-88.238671136998,40.1055039587492,0.002556049432517521,0.005585122825246786
C-Injury,Pedestrian,Clear,Daylight,Dry,No Controls,Unincorporated,2012,0,1,3577,-88.1762358965172,40.1098921970662,0.0032660561689206442,0.005693744943456109
B-Injury,Pedestrian,Clear,Daylight,Dry,No Controls,Champaign,2012,0,1,3579,-88.2498792771692,40.1153211748488,0.00242859168649419,0.005828128498736829
C-Injury,Pedestrian,Clear,Daylight,Dry,Traffic Signal,Champaign,2012,0,1,3580,-88.2333299689103,40.0980904421409,0.002616788612719641,0.005401615955473
B-Injury,Pedestrian,Rain,Daylight,Wet,Stop Sign/Flasher,Urbana,2012,0,1,3581,-88.181280998453,40.1056920967927,0.0032086838206654175,0.005589779808601895
B-Injury,Pedestrian,Clear,Daylight,Dry,No Controls,Champaign,2012,0,1,3582,-88.2339095826221,40.1144320174502,0.0026101973088866553,0.005806119174474821
Property Damage,Pedestrian,Clear,Darkness,Dry,Traffic Signal,Urbana,2012,0,0,3583,-88.2193000733371,40.1090953225331,0.00277633505301997,0.005674019898123628
B-Injury,Pedestrian,Clear,Daylight,Dry,No Controls,Champaign,2012,0,1,3584,-88.2579449021326,40.123948734286,0.002336870280230335,0.006041686585911681
B-Injury,Pedestrian,Clear,Daylight,Dry,Traffic Signal,Champaign,2013,0,1,3586,-88.2580145870011,40.1358598156419,0.0023360778315158906,0.006336521732405291
C-Injury,Pedestrian,Clear,Daylight,Dry,Stop Sign/Flasher,Urbana,2013,0,1,3589,-88.2089200020434,40.1115899988419,0.0028943760901988967,0.005735770652146889
B-Injury,Pedestrian,Rain,"Darkness, lighted road",Wet,Stop Sign/Flasher,Urbana,2013,0,2,3590,-88.2238700643718,40.1070101001835,0.0027243656140468514,0.0056224043630982165
C-Injury,Pedestrian,Rain,Darkness,Wet,No Controls,Urbana,2013,0,1,3591,-88.2192500020292,40.1064700001941,0.002776904458465247,0.005609035261272938
C-Injury,Pedestrian,Clear,Daylight,Dry,No Controls,Urbana,2013,0,1,3592,-88.2253520136623,40.1070012591045,0.0027075130485539407,0.005622185519758587
C-Injury,Pedestrian,Clear,Daylight,Dry,No Controls,Unincorporated,2013,0,1,3597,-88.1702552827499,40.1072057427836,0.0033340670555593982,0.00562724710683714
B-Injury,Pedestrian,Clear,Daylight,Dry,No Controls,Champaign,2013,0,1,3598,-88.2688999799994,40.1273215642414,0.0022122903310966575,0.006125174288185224
C-Injury,Pedestrian,Clear,Daylight,Dry,Traffic Signal,Champaign,2013,0,1,3599,-88.2768100001896,40.1164634703389,0.0021223384453206945,0.0058564037533588836
B-Injury,Pedestrian,Rain,"Darkness, lighted road",Wet,No Controls,Urbana,2013,0,1,3600,-88.2256908629376,40.116399999862,0.0027036596915998895,0.005854832667846454
B-Injury,Pedestrian,Clear,Daylight,Dry,Traffic Signal,Champaign,2013,0,2,3601,-88.2787200791876,40.1128499999024,0.0021006172355488616,0.005766959474232388
B-Injury,Pedestrian,Clear,"Darkness, lighted road",Dry,Traffic Signal,Rantoul,2013,0,1,3602,-88.1365206939253,40.3121200000216,0.003717693115630768,0.010699492291484598
B-Injury,Pedestrian,Clear,Daylight,Dry,Police/Flagman,Rantoul,2013,0,1,3603,-88.1938428723102,40.3098611427569,0.00306583156300177,0.010643578769223574
B-Injury,Pedestrian,Clear,Daylight,,No Controls,Champaign,2013,0,1,3604,-88.2437200015581,40.1379699998255,0.0024986342961096264,0.006388755148021427
B-Injury,Pedestrian,Clear,"Darkness, lighted road",Dry,No Controls,Rantoul,2013,0,1,3606,-88.164842763968,40.2882445975703,0.0033956176280641416,0.010108504154556261
B-Injury,Pedestrian,Clear,Daylight,Dry,Lane Use Marking,Unincorporated,2013,0,1,3608,-88.3351451730816,40.1771967735786,0.001458957229782627,0.007359735971709656
B-Injury,Pedestrian,Clear,Daylight,Dry,Traffic Signal,Urbana,2013,0,1,3609,-88.219479283755,40.1200702242438,0.0027742970917184508,0.005945681778094248
B-Injury,Pedestrian,Clear,Daylight,Dry,Stop Sign/Flasher,Champaign,2013,0,1,3610,-88.2338000038871,40.1261201818178,0.002611443426294423,0.006095436453955572
B-Injury,Pedestrian,Clear,Daylight,Dry,No Controls,Champaign,2013,0,1,3611,-88.2730000671019,40.1395542093297,0.002165664588323866,0.006427969105788296
B-Injury,Pedestrian,Clear,Daylight,Dry,No Controls,Champaign,2013,0,1,3612,-88.2577500002993,40.108132241355,0.002339086682594165,0.005650180737618727
C-Injury,Pedestrian,Rain,Daylight,Wet,No Controls,Champaign,2013,0,1,3613,-88.2397798421231,40.1102096573404,0.002543441358912814,0.005701603041612937
B-Injury,Pedestrian,Sleet/Hail,"Darkness, lighted road",Wet,Traffic Signal,Champaign,2013,0,1,3614,-88.2434700198218,40.1102226600444,0.002501477061115193,0.005701924897708496
B-Injury,Pedestrian,Rain,"Darkness, lighted road",Wet,Stop Sign/Flasher,Urbana,2013,0,1,3615,-88.1906700009415,40.0947599993238,0.0031019131097079723,0.005319177462566332
B-Injury,Pedestrian,Clear,Daylight,Wet,No Controls,Champaign,2013,0,1,3616,-88.2812788271656,40.1061400084375,0.0020715194329753816,0.00560086697117466
B-Injury,Pedestrian,Clear,,,No Controls,Champaign,2013,0,1,3617,-88.2414405134437,40.09805000805,0.0025245563860112467,0.005400615089912836
C-Injury,Pedestrian,Clear,Darkness,Dry,No Controls,Urbana,2013,0,1,3618,-88.1782589927789,40.1129918385794,0.0032430497391682475,0.0057704704087866
B-Injury,Pedestrian,Clear,Daylight,Dry,No Controls,Urbana,2013,0,1,3619,-88.2192199202484,40.1046361560918,0.002777246545191289,0.00556364209516208
C-Injury,Pedestrian,Clear,Daylight,Dry,Traffic Signal,Champaign,2013,0,1,3621,-88.2574894597362,40.0835999929205,0.0023420495214248604,0.005042933683813382
B-Injury,Pedestrian,Clear,Darkness,Dry,No Controls,Unincorporated,2013,0,1,3622,-88.3653100006426,40.1944592618415,0.001115926104959253,0.007787034560625479
B-Injury,Pedestrian,Clear,Daylight,Dry,No Controls,Champaign,2013,0,1,3623,-88.2766674421944,40.108806605862,0.002123959599273872,0.005666873290735465
C-Injury,Pedestrian,Clear,Daylight,Dry,No Controls,Mahomet,2013,0,1,3625,-88.3903172115052,40.1786305115412,0.0008315468339837706,0.007395225305516221
B-Injury,Pedestrian,Clear,Dusk,Dry,No Controls,Champaign,2013,0,1,3626,-88.2755014982525,40.13023726406,0.002137218586452299,0.006197346642437762
B-Injury,Pedestrian,Clear,"Darkness, lighted road",Dry,Traffic Signal,Urbana,2013,0,1,3627,-88.2193000649531,40.1090947767968,0.0027763351483618133,0.005674006389506165
C-Injury,Pedestrian,Clear,Daylight,Dry,No Controls,Urbana,2013,0,1,3628,-88.2018748802274,40.1036842273903,0.002974492446116248,0.005540078992050682
B-Injury,Pedestrian,Clear,Daylight,Dry,Lane Use Marking,Champaign,2013,0,1,3629,-88.2386700006598,40.1053699998832,0.0025560623548314203,0.0055818069397531355
B-Injury,Pedestrian,Other,Dawn,Dry,Traffic Signal,Urbana,2013,0,1,3630,-88.2193802116011,40.1128301566526,0.002775423729433275,0.005766468294020651
B-Injury,Pedestrian,Clear,Daylight,Dry,Stop Sign/Flasher,Champaign,2013,0,1,3631,-88.2860888049806,40.1024017529489,0.0020168208905448405,0.005508333886085285
C-Injury,Pedestrian,Clear,Daylight,Dry,Stop Sign/Flasher,Champaign,2013,0,1,3632,-88.2436439742194,40.1313660870552,0.0024994988707027132,0.0062252884122242615
C-Injury,Pedestrian,Rain,Darkness,Wet,No Controls,Champaign,2013,0,1,3633,-88.2931698869697,40.0771915375278,0.0019362955994661603,0.004884305106940523
B-Injury,Pedestrian,Clear,Daylight,Dry,No Controls,Champaign,2014,0,1,3634,-88.2482809366348,40.1090101100072,0.0024467678405019474,0.005671910631399053
Property Damage,Pedestrian,Clear,Daylight,Dry,No Controls,Champaign,2014,0,0,3636,-88.2577757144201,40.1097539763354,0.0023387942644204724,0.005690323563969444
B-Injury,Pedestrian,Clear,Daylight,Dry,No Controls,Champaign,2014,0,1,3637,-88.2826080412578,40.0971859957264,0.002056403755477821,0.005379228182008309
B-Injury,Pedestrian,Clear,Darkness,Dry,Stop Sign/Flasher,Champaign,2014,0,1,3640,-88.2627100009444,40.1272299999694,0.002282682096923238,0.006122907796609749
C-Injury,Pedestrian,Clear,"Darkness, lighted road",Dry,Traffic Signal,Champaign,2014,0,1,3641,-88.2387099592693,40.1102317153999,0.002555607949887868,0.005702149045036948
B-Injury,Pedestrian,Clear,Daylight,Dry,Other,Champaign,2014,0,1,3645,-88.2409091404509,40.127211587229,0.002530599101656014,0.006122452025815164
C-Injury,Pedestrian,Clear,Daylight,Dry,Traffic Signal,Champaign,2014,0,1,3647,-88.2579050426514,40.1182722751846,0.002337323557897682,0.005901177122436474
B-Injury,Pedestrian,Clear,Daylight,Dry,Traffic Signal,Champaign,2014,0,1,3648,-88.2767687165685,40.1128499846089,0.002122807918151411,0.005766959095672151
B-Injury,Pedestrian,Clear,Daylight,Unknown,No Controls,Champaign,2014,0,1,3649,-88.2305779420049,40.1091368449939,0.002648084362148143,0.005675047704117582
C-Injury,Pedestrian,Rain,Daylight,Wet,Stop Sign/Flasher,Urbana,2014,0,1,3652,-88.2238600008613,40.1059599999172,0.0027244800551892707,0.005596411218009366
C-Injury,Pedestrian,Clear,Darkness,Dry,Stop Sign/Flasher,Champaign,2014,0,1,3654,-88.2386507503147,40.104099997075,0.0025562812676535223,0.005550370544281027
B-Injury,Pedestrian,Rain,"Darkness, lighted road",Wet,Lane Use Marking,Champaign,2014,0,1,3655,-88.2555036899106,40.1426295250452,0.0023646314790223824,0.006504092434342702
B-Injury,Pedestrian,Clear,"Darkness, lighted road",Snow or Slush,Traffic Signal,Urbana,2014,0,1,3656,-88.2090200014334,40.1165099996012,0.00289323890805639,0.005857555492773324
B-Injury,Pedestrian,Snow,"Darkness, lighted road",Snow or Slush,No Controls,Urbana,2014,0,1,3657,-88.2026076913436,40.1056569460914,0.002966158998130588,0.005588909722850845
C-Injury,Pedestrian,Clear,Daylight,Dry,No Controls,Urbana,2014,0,1,3660,-88.2071100214405,40.0883601745518,0.002914958991953127,0.005160762519556077
C-Injury,Pedestrian,Rain,Daylight,Wet,Traffic Signal,Urbana,2014,0,1,3661,-88.215677935716,40.1164540071662,0.0028175256064854673,0.005856169511326056
B-Injury,Pedestrian,Rain,"Darkness, lighted road",Wet,Traffic Signal,Urbana,2014,0,1,3663,-88.2193000160218,40.109091108457,0.002776335704803192,0.005673915587044974
B-Injury,Pedestrian,Clear,Dawn,Dry,Stop Sign/Flasher,Urbana,2014,0,1,3665,-88.2094000007503,40.0837300000317,0.0028889175973230005,0.005046151751470831
B-Injury,Pedestrian,Clear,Daylight,Dry,No Controls,Rantoul,2014,0,1,3668,-88.1404945721826,40.305585567002,0.00367250260606277,0.010537745388829674
B-Injury,Pedestrian,Clear,Daylight,Dry,No Controls,Rantoul,2014,0,1,3669,-88.1425247159958,40.3111350433611,0.0036494160323242877,0.01067511164688885
B-Injury,Pedestrian,Rain,Daylight,Unknown,Lane Use Marking,Unincorporated,2014,0,1,3671,-87.9839199580924,40.1199675674756,0.005453052018504918,0.005943140713820892
B-Injury,Pedestrian,Clear,Daylight,Dry,No Controls,Champaign,2005,0,1,3673,-88.287944230157,40.1275392238396,0.0019957211980635996,0.006130562018954862
C-Injury,Pedestrian,Clear,Daylight,Dry,No Controls,Champaign,2005,0,1,3674,-88.2435182982277,40.112742537467,0.0025009280443556354,0.005764299455218365
B-Injury,Pedestrian,Clear,Darkness,Dry,No Controls,Unincorporated,2005,0,1,3677,-88.136439685071,40.3422048278875,0.003718614339475264,0.011444182413736638
B-Injury,Pedestrian,Rain,Darkness,Wet,No Controls,Champaign,2005,0,1,3679,-88.2689079918957,40.1302969156471,0.0022121992206869047,0.006198823198922936
B-Injury,Pedestrian,Snow,"Darkness, lighted road",Ice,No Controls,Unincorporated,2005,0,1,3680,-88.2095988850066,40.1415804731459,0.002886655907279931,0.0064781252394954724
B-Injury,Pedestrian,Clear,Daylight,Dry,School Zone,Champaign,2005,0,1,3681,-88.2812756605215,40.1061211513825,0.0020715554437061756,0.0056004002022553455
C-Injury,Pedestrian,Clear,Daylight,Dry,No Controls,Urbana,2005,0,1,3683,-88.2049106547325,40.107641890792,0.0029399699499709766,0.005638043083970409
B-Injury,Pedestrian,Clear,Daylight,Dry,Stop Sign/Flasher,Champaign,2005,0,1,3684,-88.2321257962017,40.1241688737802,0.002630482333258121,0.006047135701578099
C-Injury,Pedestrian,Clear,"Darkness, lighted road",Dry,Other Regualtory Sig,Champaign,2005,0,1,3686,-88.2288148038074,40.1055141380007,0.002668134577183709,0.005585374792387013
B-Injury,Pedestrian,Snow,Daylight,Dry,No Controls,Urbana,2005,0,1,3687,-88.2288103404795,40.106918456021,0.0026681853336611343,0.0056201358939920705
B-Injury,Pedestrian,Clear,Darkness,Dry,No Controls,Urbana,2005,0,1,3688,-88.1886971195513,40.1052674738109,0.003124348501425388,0.0055792691105969105
B-Injury,Pedestrian,Clear,Daylight,Dry,Traffic Signal,Champaign,2005,0,1,3689,-88.2434790867031,40.1101915430144,0.002501373953531163,0.005701154657473896
B-Injury,Pedestrian,Clear,"Darkness, lighted road",Dry,Traffic Signal,Champaign,2005,0,1,3690,-88.2434815833668,40.1101928203296,0.0025013455617442517,0.005701186274873078
B-Injury,Pedestrian,Clear,Daylight,Dry,Stop Sign/Flasher,Champaign,2005,0,1,3691,-88.2575188437735,40.0897074397065,0.002341715369361726,0.005194111390861935
B-Injury,Pedestrian,Clear,"Darkness, lighted road",Wet,Traffic Signal,Urbana,2005,0,1,3692,-88.2193655925179,40.1128236802819,0.0027755899760509542,0.005766307984335319
B-Injury,Pedestrian,Clear,Daylight,Dry,Traffic Signal,Champaign,2005,0,1,3693,-88.2578463841995,40.1182581531966,0.002337990615406858,0.005900827560689981
B-Injury,Pedestrian,Clear,Daylight,Dry,Traffic Signal,Urbana,2005,0,1,3695,-88.2049707157753,40.1125178962834,0.0029392869423512952,0.005758738909177569
B-Injury,Pedestrian,Clear,"Darkness, lighted road",Unknown,No Controls,Urbana,2005,0,1,3697,-88.2206749262437,40.1128076214887,0.0027607003759091294,0.005765910480825419
B-Injury,Pedestrian,Clear,Daylight,Dry,No Controls,Urbana,2005,0,1,3698,-88.1945786562198,40.1139945934147,0.0030574643087342554,0.005795291611826908
C-Injury,Pedestrian,Clear,Darkness,Wet,Traffic Signal,Champaign,2005,0,1,3699,-88.2578465808412,40.1182575219501,0.0023379883792188365,0.005900811935437423
B-Injury,Pedestrian,Clear,Daylight,Dry,No Controls,Urbana,2005,0,1,3700,-88.196184072367,40.1162831161694,0.003039207691630444,0.005851939444334643
B-Injury,Pedestrian,Clear,"Darkness, lighted road",Wet,Traffic Signal,Urbana,2005,0,1,3702,-88.2156940179112,40.1164623856478,0.0028173427215179105,0.005856376903986464
B-Injury,Pedestrian,Clear,"Darkness, lighted road",Dry,Stop Sign/Flasher,Champaign,2005,0,1,3704,-88.2435432075911,40.1221272390779,0.002500644777795274,0.005996599092134031
C-Injury,Pedestrian,Clear,Daylight,Dry,Stop Sign/Flasher,Champaign,2005,0,1,3706,-88.2626978760772,40.1272394736109,0.00228281997958889,0.0061231422977768065
C-Injury,Pedestrian,Clear,Daylight,Dry,Other Warning Sign,Champaign,2005,0,1,3707,-88.2684489142699,40.1273173215791,0.0022174198013132284,0.006125069269512001
B-Injury,Pedestrian,Clear,Daylight,Dry,Traffic Signal,Champaign,2005,0,1,3708,-88.2769571004285,40.1274234650923,0.00212066563746819,0.00612769664122819