crash_severity,collision_type,weather,light,road_surface,traffic_control,city,year,fatality,injury,id,x,y,norm_x,norm_y
B-Injury,Pedestrian,Clear,Dusk,Dry,Traffic Signal,Champaign,2005,0,1,3709,-88.2860457148616,40.1129362348406,0.0020173109066722998,0.005769094048741445
B-Injury,Pedestrian,Clear,Daylight,Dry,No Controls,Champaign,2005,0,1,3710,-88.2724080626448,40.1128089010495,0.0021723967983592212,0.00576594215380995
B-Injury,Pedestrian,Clear,Daylight,Dry,Stop Sign/Flasher,Champaign,2005,0,1,3711,-88.2784333254652,40.1110516881623,0.002103878167564486,0.005722445841129552
B-Injury,Pedestrian,Clear,"Darkness, lighted road",Dry,No Controls,Champaign,2005,0,1,3712,-88.2302415680008,40.1103043820504,0.002651909570588399,0.005703947763550081
B-Injury,Pedestrian,Clear,Daylight,Dry,Stop Sign/Flasher,Champaign,2005,0,1,3713,-88.2402998928858,40.1102183727744,0.0025375273984323734,0.005701818774860254
B-Injury,Pedestrian,Clear,Daylight,Dry,Traffic Signal,Champaign,2005,0,1,3714,-88.2335849569152,40.1102707225342,0.0026138889169743376,0.005703114589122613
B-Injury,Pedestrian,Rain,"Darkness, lighted road",Wet,No Controls,Champaign,2005,0,1,3716,-88.2292067152631,40.104187683728,0.0026636778029087435,0.005552541053104815
B-Injury,Pedestrian,Clear,Daylight,Dry,Traffic Signal,Champaign,2005,0,1,3717,-88.2302798667108,40.104187264618,0.0026514740418408056,0.005552530678869673
B-Injury,Pedestrian,Clear,Daylight,Dry,No Controls,Champaign,2005,0,1,3718,-88.2382927980914,40.1041052383422,0.0025603518612462464,0.005550500281433981
B-Injury,Pedestrian,Clear,Daylight,Dry,Traffic Signal,Champaign,2005,0,1,3719,-88.2438400423071,40.1026980095406,0.002497269205821293,0.00551566712922288
B-Injury,Pedestrian,Clear,Daylight,Dry,No Controls,Urbana,2005,0,1,3720,-88.2201028769038,40.0993865602164,0.0027672056585309637,0.005433698782484692
B-Injury,Pedestrian,Clear,"Darkness, lighted road",Dry,No Controls,Urbana,2005,0,1,3723,-88.1985031748519,40.0837664465844,0.003012835111433728,0.005047053913447816
B-Injury,Pedestrian,Clear,Dusk,Wet,Unknown,Champaign,2007,0,1,3724,-88.2333297064422,40.0981007630023,0.0026167915974781167,0.005401871427884923
C-Injury,Pedestrian,Rain,Daylight,Wet,Unknown,Champaign,2007,0,1,3725,-88.2320477520908,40.1054333339187,0.0026313698423642584,0.005583374647929691
B-Injury,Pedestrian,Clear,Daylight,Dry,Unknown,Champaign,2007,0,1,3730,-88.2532002854748,40.1272004573286,0.0023908255427190985,0.006122176527250679
Property Damage,Pedestrian,Rain,"Darkness, lighted road",Wet,Unknown,Urbana,2007,0,0,3733,-88.2194000563979,40.1128434847384,0.002775198056571294,0.005766798204295944
B-Injury,Pedestrian,Clear,Daylight,Dry,Unknown,Urbana,2007,0,1,3734,-88.2256197202786,40.1128026826139,0.0027044687181487378,0.0057657882287955415
B-Injury,Pedestrian,Clear,Daylight,Dry,Unknown,Champaign,2007,0,1,3736,-88.2434959783112,40.1116299552026,0.002501181864008548,0.005736759692445488
B-Injury,Pedestrian,Clear,Daylight,Dry,Unknown,Champaign,2007,0,1,3737,-88.2579264707723,40.1182805370862,0.002337079879646872,0.00590138162939057
C-Injury,Pedestrian,Clear,Daylight,Dry,Unknown,Champaign,2007,0,1,3738,-88.2578900464604,40.1163087260353,0.002337494092944031,0.005852573365667135
C-Injury,Pedestrian,Clear,Daylight,Dry,Unknown,Champaign,2007,0,1,3741,-88.2673385391767,40.1163705365873,0.0022300468656126326,0.005854103363037529
C-Injury,Pedestrian,Clear,Daylight,Dry,Unknown,Champaign,2007,0,1,3742,-88.246860516792,40.1183091016764,0.002462920699834974,0.005902088689050834
B-Injury,Pedestrian,Clear,Darkness,Dry,Unknown,Champaign,2007,0,1,3746,-88.2453513676514,40.1314242313247,0.002480082579052759,0.0062267276580579714
B-Injury,Pedestrian,Clear,"Darkness, lighted road",Wet,Unknown,Champaign,2007,0,1,3747,-88.2436112453802,40.1296395227577,0.002499871059487905,0.006182550744469878
C-Injury,Pedestrian,Clear,Daylight,Wet,Unknown,Champaign,2007,0,1,3748,-88.2291027851364,40.1079914257688,0.002664859684959696,0.005646695127643848
C-Injury,Pedestrian,Rain,"Darkness, lighted road",Wet,Unknown,Champaign,2007,0,1,3749,-88.238718242151,40.1107806226415,0.0025555137578617865,0.005715736152886628
C-Injury,Pedestrian,Clear,Daylight,Dry,Unknown,Champaign,2007,0,1,3750,-88.2717411744374,40.1287319238672,0.002179980578225196,0.006160084937727202
B-Injury,Pedestrian,Clear,Daylight,Other,Unknown,Urbana,2007,0,1,3751,-88.1914768705832,40.1016699808337,0.0030927374762580243,0.005490220321721231
B-Injury,Pedestrian,Clear,Daylight,Dry,Unknown,Champaign,2007,0,1,3752,-88.2879169494606,40.0914807495399,0.001996031431163833,0.005238006151453851
B-Injury,Pedestrian,Clear,Daylight,Dry,Unknown,Champaign,2007,0,1,3753,-88.2670330514319,40.1274588568295,0.0022335208388853224,0.006128572693343872
C-Injury,Pedestrian,Clear,Daylight,Dry,Unknown,Champaign,2007,0,1,3755,-88.2403983555643,40.1102007329551,0.002536407691605319,0.005701382136191492
C-Injury,Pedestrian,Clear,Daylight,Wet,Unknown,Urbana,2007,0,1,3758,-88.2088550757723,40.1089457800526,0.0028951144246633924,0.005670318271224454
C-Injury,Pedestrian,Clear,Daylight,Dry,Unknown,Champaign,2007,0,1,3759,-88.2466736708905,40.1163409671625,0.002465045491021966,0.005853371430693925
B-Injury,Pedestrian,Rain,"Darkness, lighted road",Wet,Unknown,Champaign,2007,0,1,3760,-88.2369446411135,40.110260164997,0.002575682955171167,0.005702853258271576
C-Injury,Pedestrian,Clear,"Darkness, lighted road",Dry,Unknown,Champaign,2007,0,2,3761,-88.2351057082398,40.119320213591,0.0025965950989871077,0.005927116754979964
B-Injury,Pedestrian,Clear,Daylight,Snow or Slush,No Controls,Champaign,2008,0,1,3777,-88.2396709020909,40.1249303657408,0.002544680213062081,0.006065984921648856
B-Injury,Pedestrian,Clear,"Darkness, lighted road",Dry,Traffic Signal,Champaign,2008,0,1,3779,-88.2304492758855,40.1126805320428,0.0026495475392066983,0.005762764634173952
C-Injury,Pedestrian,Clear,Dusk,Dry,Unknown,Champaign,2008,0,1,3780,-88.235358138675,40.1193267551509,0.002593724487645139,0.005927278678294335
C-Injury,Pedestrian,Clear,"Darkness, lighted road",Dry,Traffic Signal,Champaign,2008,0,1,3781,-88.2391089948922,40.1493900032817,0.002551070160361539,0.006671434637092304
B-Injury,Pedestrian,Clear,Daylight,Dry,Traffic Signal,Champaign,2008,0,1,3782,-88.2414399970504,40.0980493798322,0.002524562258379457,0.005400599539629617
Property Damage,Pedestrian,Clear,Daylight,Dry,No Controls,Rantoul,2008,0,0,3783,-88.1523409657644,40.3069907479912,0.00353778671195579,0.010572527851514845
B-Injury,Pedestrian,Rain,"Darkness, lighted road",Wet,Traffic Signal,Urbana,2008,0,1,3785,-88.2050012669516,40.1124483992739,0.0029389395177108653,0.0057570186488280625
B-Injury,Pedestrian,Clear,Daylight,Dry,No Controls,Urbana,2008,0,1,3786,-88.2026448821197,40.1056557362886,0.0029657360686862837,0.0055888797765868406
B-Injury,Pedestrian,Clear,Daylight,Dry,Stop Sign/Flasher,Urbana,2008,0,1,3788,-88.2238585970579,40.1059599453352,0.0027244960190881775,0.005596409866940537
B-Injury,Pedestrian,Rain,Daylight,Wet,Stop Sign/Flasher,Champaign,2008,0,1,3789,-88.2389207557935,40.135258961612,0.0025532107948350465,0.006321648785052069
C-Injury,Pedestrian,Clear,Daylight,Dry,No Controls,Champaign,2008,0,1,3790,-88.2579582219878,40.1262787556897,0.0023367188082916257,0.006099361634999573
B-Injury,Pedestrian,Clear,Daylight,Dry,No Controls,Champaign,2008,0,1,3792,-88.2812705048145,40.105592936603,0.002071614073843152,0.005587325295180106
B-Injury,Pedestrian,Clear,"Darkness, lighted road",Dry,No Controls,Rantoul,2008,0,2,3794,-88.136491736071,40.3104230002629,0.0037180224211876113,0.010657486435130663
B-Injury,Pedestrian,Clear,Daylight,Dry,No Controls,Champaign,2008,0,1,3796,-88.2769925518733,40.1307454230602,0.002120262487509436,0.006209925108555886
B-Injury,Pedestrian,Clear,Daylight,Dry,Stop Sign/Flasher,Champaign,2008,0,1,3797,-88.2857890579038,40.0983802499076,0.002020229581567776,0.00540878957076421
B-Injury,Pedestrian,Clear,Darkness,Dry,No Controls,Unincorporated,2008,0,3,3798,-88.3650377032326,40.2073702249219,0.001119022641368995,0.008106619792011615
B-Injury,Pedestrian,Clear,"Darkness, lighted road",Dry,Traffic Signal,Champaign,2008,0,1,3799,-88.2579890462627,40.1465189559963,0.002336368278003825,0.006600367567555184
B-Injury,Pedestrian,Rain,Daylight,Wet,Traffic Signal,Champaign,2008,0,1,3800,-88.2452185440056,40.1173596555547,0.002481593035047562,0.005878587037268303
B-Injury,Pedestrian,Clear,Darkness,Dry,Lane Use Marking,Mahomet,2008,0,1,3801,-88.3763122468765,40.1967939856521,0.0009908097623059725,0.007844826008450581
C-Injury,Pedestrian,Clear,Daylight,Dry,Traffic Signal,Tolono,2008,0,1,3802,-88.2625294083272,39.9863999524333,0.002284735776444099,0.0026369398600840713
C-Injury,Pedestrian,Rain,Daylight,Wet,Stop Sign/Flasher,Champaign,2008,0,1,3803,-88.2860099103096,40.1093087484319,0.0020177180721275344,0.005679302832078813
B-Injury,Pedestrian,Rain,"Darkness, lighted road",Wet,Traffic Signal,Urbana,2008,0,1,3805,-88.2191305958169,40.1006490504101,0.002778262332871477,0.005464949218115441
Property Damage,Pedestrian,Clear,Daylight,Dry,Traffic Signal,Urbana,2008,0,0,3807,-88.2074105681976,40.1124603930175,0.0029115412070530623,0.00575731553011408
C-Injury,Pedestrian,Snow,Daylight,Snow or Slush,Traffic Signal,Champaign,2008,0,1,3808,-88.2335703585087,40.1102808682423,0.0026140549284587476,0.005703365725962616
B-Injury,Pedestrian,Clear,Dusk,Dry,Traffic Signal,Champaign,2008,0,1,3810,-88.2435287017561,40.1211196078702,0.0025008097365667283,0.005971657184186575
B-Injury,Pedestrian,Clear,Dusk,Dry,No Controls,Champaign,2008,0,1,3811,-88.2496088415431,40.0980981082029,0.0024316670509008974,0.005401805713601948
B-Injury,Pedestrian,Snow,Dusk,Snow or Slush,No Controls,Champaign,2008,0,1,3812,-88.2771914568656,40.13750602167,0.002118000561658884,0.006377270290907312
B-Injury,Pedestrian,Rain,"Darkness, lighted road",Wet,Stop Sign/Flasher,Urbana,2008,0,1,3813,-88.2088691230548,40.1092204462115,0.0028949546805009615,0.005677117086107576
C-Injury,Pedestrian,Clear,Darkness,Dry,Lane Use Marking,Urbana,2009,0,1,3815,-88.1937612568049,40.1345457547347,0.003066759685615022,0.006303994766255113
B-Injury,Pedestrian,Clear,Daylight,Wet,Traffic Signal,Champaign,2009,0,1,3817,-88.2576295460503,40.098149983044,0.002340456475159387,0.005403089772195759
B-Injury,Pedestrian,Clear,"Darkness, lighted road",Dry,Traffic Signal,Champaign,2009,0,1,3818,-88.2334904622336,40.1041397018553,0.0026149635001739367,0.005551353357206933
B-Injury,Pedestrian,Snow,Daylight,Snow or Slush,No Controls,Unincorporated,2009,0,1,3819,-88.2973482108826,40.0907604021438,0.0018887801562293702,0.005220175383305382
C-Injury,Pedestrian,Clear,Daylight,Dry,Traffic Signal,Champaign,2009,0,2,3820,-88.2828294413204,40.1128913560889,0.0020538860181443,0.005767983164436568
C-Injury,Pedestrian,Clear,Daylight,Dry,No Controls,Champaign,2009,0,2,3821,-88.2812784029397,40.1061421903371,0.0020715242572258543,0.00560092097976296
B-Injury,Pedestrian,Clear,Daylight,Dry,No Controls,Champaign,2009,0,1,3823,-88.2451522407237,40.1128646903486,0.0024823470287285423,0.005767323107031796
C-Injury,Pedestrian,Unknown,Daylight,Wet,Traffic Signal,Champaign,2009,0,1,3824,-88.2435090726112,40.1163595657812,0.0025010329570589146,0.005853831802536393
B-Injury,Pedestrian,Clear,"Darkness, lighted road",Dry,No Controls,Champaign,2009,0,1,3825,-88.268919463718,40.1298999493391,0.002212068764376457,0.006188997086912117
B-Injury,Pedestrian,Clear,"Darkness, lighted road",Dry,Traffic Signal,Champaign,2009,0,1,3826,-88.2450414552577,40.1125894740614,0.002483606868949293,0.005760510674815988
B-Injury,Pedestrian,Clear,"Darkness, lighted road",Dry,School Zone,Urbana,2009,0,1,3828,-88.2264899047748,40.1127572982999,0.002694573075087975,0.0057646648303005775
C-Injury,Pedestrian,Clear,Daylight,Unknown,Traffic Signal,Urbana,2009,0,1,3829,-88.2050012736326,40.1124497905026,0.002938939441735195,0.005757053085929564
B-Injury,Pedestrian,Clear,Daylight,Dry,Traffic Signal,Urbana,2009,0,1,3830,-88.2049686952829,40.1163195845287,0.0029393099191702475,0.005852842146090827
C-Injury,Pedestrian,Clear,Daylight,Dry,No Controls,Champaign,2009,0,1,3831,-88.2353995690564,40.1112697557386,0.0025932533458723193,0.00572784367058621
B-Injury,Pedestrian,Clear,Daylight,Dry,No Controls,Champaign,2009,0,1,3832,-88.2453883065787,40.1221494330963,0.0024796625136053792,0.0059971484609503845
C-Injury,Pedestrian,Clear,Daylight,Wet,No Controls,Urbana,2009,0,1,3833,-88.2037060302514,40.1056398033404,0.0029536688080170743,0.005588485388119945
B-Injury,Pedestrian,Other,Daylight,Dry,No Controls,Tolono,2009,0,1,3834,-88.2589196894111,39.9860719650366,0.002325785105752568,0.0026288211839315717
C-Injury,Pedestrian,Clear,Daylight,Dry,Police/Flagman,Champaign,2009,0,1,3835,-88.2468489588096,40.1163408818701,0.002463052135948664,0.005853369319450103
B-Injury,Pedestrian,Clear,Daylight,Unknown,No Controls,Champaign,2009,0,1,3837,-88.2521628812277,40.1423961307388,0.0024026227905256598,0.006498315222143258
B-Injury,Pedestrian,Clear,Daylight,Dry,No Controls,Unincorporated,2009,0,1,3839,-88.2063088770557,40.1124801728085,0.0029240695184067065,0.005757805139529366
C-Injury,Pedestrian,Clear,"Darkness, lighted road",Dry,No Controls,Urbana,2009,0,1,3840,-88.2076787042519,40.1247892281622,0.002908491993125782,0.006062491341391992
B-Injury,Pedestrian,Clear,Daylight,Dry,Traffic Signal,Urbana,2009,0,1,3841,-88.2193194627533,40.1105695513036,0.0027761145586962894,0.005710511501406948
B-Injury,Pedestrian,Clear,"Darkness, lighted road",Dry,Traffic Signal,Urbana,2009,0,1,3842,-88.2193194577696,40.1105691101595,0.0027761146153704283,0.005710500581761609
B-Injury,Pedestrian,Clear,Daylight,Dry,No Controls,Champaign,2009,0,1,3843,-88.2388154280783,40.1256099685745,0.0025544085701098567,0.006082807139132241
B-Injury,Pedestrian,Unknown,Daylight,Dry,Unknown,Urbana,2009,0,1,3844,-88.2194812040136,40.1236958833109,0.002774275254747385,0.006035427762547316
B-Injury,Pedestrian,Clear,Daylight,Dry,Traffic Signal,Champaign,2009,0,1,3846,-88.2769890158216,40.127410264052,0.0021203026991032927,0.006127369875711829
C-Injury,Pedestrian,Rain,Daylight,Wet,Stop Sign/Flasher,Urbana,2009,0,1,3847,-88.2238586035953,40.105960327461,0.0027244959447455183,0.005596419325705209
C-Injury,Pedestrian,Clear,Darkness,Dry,No Controls,Champaign,2009,0,1,3850,-88.2370221363355,40.1126392759773,0.0025748016879695635,0.0057617434222661315
B-Injury,Pedestrian,Clear,Daylight,Dry,No Controls,Urbana,2009,0,1,3852,-88.223742262992,40.0959264036063,0.0027258189573810617,0.005348049482429709
B-Injury,Pedestrian,Clear,"Darkness, lighted road",Dry,Other,Urbana,2009,0,1,3853,-88.2256096387903,40.1127696816926,0.0027045833637327015,0.005764971356575722
C-Injury,Pedestrian,Clear,Daylight,Dry,No Controls,Gifford,2009,0,1,3855,-88.0213898402492,40.3095213633196,0.005026948610578722,0.010635168204541842
B-Injury,Pedestrian,Clear,Darkness,Dry,No Controls,Urbana,2009,0,1,3856,-88.1989913698891,40.1163286475809,0.0030072834107847664,0.005853066483935751
B-Injury,Pedestrian,Rain,"Darkness, lighted road",Wet,Other,Champaign,2009,0,1,3857,-88.243470088495,40.110221279307,0.002501476280171037,0.005701890720298238
B-Injury,Pedestrian,Clear,"Darkness, lighted road",Dry,Stop Sign/Flasher,Champaign,2009,0,1,3858,-88.2353992655996,40.1102708460989,0.0025932567967499208,0.005703117647721093
B-Injury,Pedestrian,Clear,"Darkness, lighted road",Dry,Traffic Signal,Champaign,2006,0,1,3874,-88.230451159567,40.1103196566364,0.002649526118186486,0.005704325855569246
B-Injury,Pedestrian,Clear,Daylight,Dry,Traffic Signal,Champaign,2006,0,1,3875,-88.2289424347108,40.1114879192957,0.0026666831724883122,0.005733243875856864
C-Injury,Pedestrian,Clear,Daylight,Dry,Traffic Signal,Champaign,2006,0,1,3879,-88.245210984083,40.1163495254642,0.002481679005661704,0.005853583274443489
B-Injury,Pedestrian,Clear,Daylight,Dry,Stop Sign/Flasher,Champaign,2006,0,1,3880,-88.2452400693614,40.1271798743577,0.002481348251052056,0.00612166703671338
C-Injury,Pedestrian,Clear,Daylight,Dry,Traffic Signal,Urbana,2006,0,1,3883,-88.2193065279851,40.1105866848024,0.0027762616514677833,0.005710935607118094
B-Injury,Pedestrian,Rain,Daylight,Wet,Traffic Signal,Urbana,2006,0,1,3884,-88.2239891127331,40.1128110579486,0.002723011809083037,0.005765995543560483
B-Injury,Pedestrian,Clear,Daylight,Dry,Stop Sign/Flasher,Urbana,2006,0,1,3885,-88.2238692194267,40.1070117653933,0.0027243752226701603,0.005622445582057352
B-Injury,Pedestrian,Rain,Darkness,Wet,No Controls,Champaign,2006,0,1,3887,-88.2764615520029,40.1023684097055,0.002126300960046972,0.00550750854036232
C-Injury,Pedestrian,Clear,Daylight,Dry,Traffic Signal,Urbana,2006,0,1,3889,-88.2193995571015,40.1128405930984,0.0027752037345154866,0.005766726627494653
B-Injury,Pedestrian,Clear,Darkness,Dry,Traffic Signal,Urbana,2006,0,1,3891,-88.209020083099,40.1165091352547,0.002893237979364059,0.005857534097593631
B-Injury,Pedestrian,Rain,Darkness,Wet,No Controls,Urbana,2006,0,5,3892,-88.221851117118,40.1200750946798,0.002747324861734429,0.005945802336057794
B-Injury,Pedestrian,Clear,Daylight,Dry,No Controls,Champaign,2006,0,1,3896,-88.2706965993518,40.1463778821905,0.0021918593720240843,0.006596875565867292
B-Injury,Pedestrian,Clear,Daylight,Dry,No Controls,Urbana,2015,0,1,3918,-88.1940222238698,40.1008346826592,0.0030637919966524426,0.005469544175510309
C-Injury,Pedestrian,Clear,"Darkness, lighted road",Dry,Traffic Signal,Champaign,2015,0,1,3919,-88.2304501109507,40.1103199008433,0.0026495380429365084,0.005704331900425756
B-Injury,Pedestrian,Clear,Darkness,Dry,No Controls,Urbana,2015,0,1,3922,-88.2248077540472,40.0945393825897,0.0027137023094600467,0.005313716533774649
C-Injury,Pedestrian,Snow,"Darkness, lighted road",Snow or Slush,Stop Sign/Flasher,Champaign,2015,0,1,3924,-88.2435092522244,40.1153488171772,0.0025010309145172714,0.0058288127296390515
C-Injury,Pedestrian,Rain,Daylight,Wet,No Controls,Champaign,2015,0,1,3928,-88.2353900003852,40.1126499995008,0.0025933621597562764,0.005762008861778144
B-Injury,Pedestrian,Clear,Daylight,Dry,No Controls,Savoy,2015,0,1,3930,-88.2467978035156,40.0668208541607,0.0024636338683654006,0.00462759945122239
B-Injury,Pedestrian,Clear,Daylight,Dry,Stop Sign/Flasher,Champaign,2015,0,1,3931,-88.2386898671969,40.1090102042692,0.002555836434741059,0.005671912964667502
B-Injury,Pedestrian,Clear,Daylight,Dry,Traffic Signal,Champaign,2015,0,1,3933,-88.2334300005415,40.1014899992586,0.0026156510639336887,0.00548576523553085
B-Injury,Pedestrian,Clear,"Darkness, lighted road",Dry,Traffic Signal,Champaign,2015,0,1,3934,-88.2333300003,40.0980899991063,0.0026167882557593634,0.0054016049890319535
B-Injury,Pedestrian,Clear,"Darkness, lighted road",Dry,Traffic Signal,Champaign,2015,0,1,3935,-88.2468100014295,40.1126099995082,0.0024634951550207415,0.005761018741458579
B-Injury,Pedestrian,Clear,Daylight,Dry,Stop Sign/Flasher,Champaign,2015,0,1,3936,-88.2333981075929,40.1005150079686,0.0026160137470622284,0.005461631263876557
C-Injury,Pedestrian,Clear,Dusk,Dry,No Controls,Champaign,2015,0,1,3937,-88.2694998813618,40.1334051878538,0.002205468318316763,0.006275762299918282
B-Injury,Pedestrian,Clear,Darkness,Dry,No Controls,Champaign,2015,0,1,3938,-88.2737800002652,40.132633247601,0.0021567952735647086,0.006256654453139361
B-Injury,Pedestrian,Clear,Daylight,Dry,No Controls,Urbana,2014,0,1,3664,-88.2001429575088,40.1220668558702,0.002994187682134556,0.005995104425835069
B-Injury,Pedestrian,Clear,"Darkness, lighted road",Dry,Unknown,Champaign,2007,0,2,3763,-88.2304102645801,40.1094126601918,0.0026499911715114565,0.0056818749611775325
B-Injury,Pedestrian,Clear,Daylight,Dry,Unknown,Champaign,2007,0,1,3764,-88.2664562440036,40.0984068596839,0.002240080229968601,0.005409448242891351
B-Injury,Pedestrian,Clear,Daylight,Dry,Unknown,Champaign,2007,0,1,3765,-88.2655109072201,40.1273284793308,0.002250830496633509,0.006125345457480063
C-Injury,Pedestrian,Clear,Daylight,Dry,Traffic Signal,Rantoul,2008,0,1,3770,-88.1523712274982,40.3082188340788,0.003537442578823823,0.010602926681875041
C-Injury,Pedestrian,Clear,Daylight,Dry,No Controls,Rantoul,2008,0,1,3771,-88.1537067015012,40.3069721538489,0.0035222557143042136,0.010572067590476887
B-Injury,Pedestrian,Clear,Daylight,Dry,No Controls,Champaign,2008,0,1,3772,-88.2817567550111,40.1128807440455,0.002066084489709161,0.005767720484392822
B-Injury,Pedestrian,Clear,Daylight,Wet,No Controls,Champaign,2008,0,1,3773,-88.2303200157667,40.1163639866862,0.0026510174711617527,0.005853941233253424
B-Injury,Pedestrian,Rain,"Darkness, lighted road",Wet,Traffic Signal,Champaign,2008,0,1,3775,-88.2289315327461,40.1163992286382,0.002666807148440312,0.00585481357773414
C-Injury,Pedestrian,Clear,Daylight,Dry,No Controls,Urbana,2006,0,1,3897,-88.2255508638485,40.1105598540772,0.0027052517459523035,0.005710271465840097
B-Injury,Pedestrian,Clear,Daylight,Dry,Lane Use Marking,Champaign,2006,0,1,3898,-88.2292789494927,40.1126472081763,0.0026628563631382876,0.005761939768087596
C-Injury,Pedestrian,Rain,"Darkness, lighted road",Wet,Traffic Signal,Champaign,2006,0,1,3900,-88.2387095415641,40.1102325778469,0.0025556126999857283,0.005702170393198445
C-Injury,Pedestrian,Clear,Daylight,Dry,Traffic Signal,Champaign,2006,0,1,3901,-88.2434887145717,40.1102217991316,0.00250126446646095,0.005701903587523168
B-Injury,Pedestrian,Rain,Darkness,Wet,No Controls,Champaign,2006,0,1,3902,-88.2370603934771,40.110260141581,0.0025743666319332586,0.005702852678655039
B-Injury,Pedestrian,Rain,"Darkness, lighted road",Wet,Stop Sign/Flasher,Urbana,2006,0,1,3903,-88.2218766391543,40.1041513739853,0.002747034627924848,0.005551642277587519
B-Injury,Pedestrian,Clear,"Darkness, lighted road",Dry,No Controls,Urbana,2006,0,1,3904,-88.1946989741475,40.0947409201836,0.003056096066400021,0.005318705196369139
C-Injury,Pedestrian,Clear,Daylight,Dry,No Controls,Urbana,2006,0,1,3905,-88.1944855055429,40.0947463888951,0.0030585236080593273,0.005318840563453793
C-Injury,Pedestrian,Clear,Daylight,Dry,No Controls,Urbana,2015,0,1,3907,-88.1978419664142,40.1308459926589,0.003020354301578782,0.006212414509096414
B-Injury,Pedestrian,Clear,"Darkness, lighted road",Dry,No Controls,Urbana,2015,0,1,3908,-88.2192594069046,40.1073900147438,0.0027767975072492805,0.005631808392983811
B-Injury,Pedestrian,Clear,Dusk,Dry,Traffic Signal,Urbana,2015,0,1,3909,-88.2193200015034,40.1105700001104,0.002776108432088981,0.005710522610727346
B-Injury,Pedestrian,Rain,Daylight,Wet,No Controls,Urbana,2015,0,1,3910,-88.2207976654046,40.1090836055249,0.0027593045995753015,0.00567372986687242
C-Injury,Pedestrian,Clear,Daylight,Dry,School Zone,Urbana,2015,0,1,3913,-88.2072500483188,40.1055684345127,0.0029133666215849824,0.005586718794630855
B-Injury,Pedestrian,Clear,Daylight,Dry,Other Warning Sign,Urbana,2015,0,1,3914,-88.2016561766576,40.0837799998424,0.0029769795192281265,0.005047389397413427
B-Injury,Pedestrian,Clear,Darkness,Dry,School Zone,St. Joseph,2015,0,1,3916,-88.0417102698081,40.1150326626615,0.004795866904761198,0.005820986952938663
C-Injury,Pedestrian,Clear,Daylight,Dry,No Controls,Urbana,2015,0,1,3917,-88.2011296586413,40.1238241333858,0.0029829670246100596,0.006038602338263118
C-Injury,Pedestrian,Clear,Daylight,Dry,Lane Use Marking,Urbana,2010,0,1,3476,-88.2269718335933,40.1104683834932,0.0026890926331938118,0.005708007293324721
B-Injury,Pedestrian,Clear,Darkness,Dry,No Controls,Unincorporated,2006,0,1,3861,-88.2347542943555,40.1855226857284,0.002600591339302663,0.007565827379788558
B-Injury,Pedestrian,Clear,Daylight,Dry,No Controls,Unincorporated,2006,0,1,3862,-88.072355051751,40.1133826842237,0.004447377791121054,0.005780145015931969
B-Injury,Pedestrian,Clear,Daylight,Dry,No Controls,Unincorporated,2006,0,1,3863,-88.1524418325679,40.0693481356689,0.0035366396656816364,0.004690157282156182
B-Injury,Pedestrian,Clear,Darkness,Dry,No Controls,Urbana,2006,0,2,3864,-88.2035497507528,40.1189804196458,0.0029554460014083587,0.005918705831184073
C-Injury,Pedestrian,Clear,Daylight,Dry,No Controls,Champaign,2006,0,1,3866,-88.2812761172732,40.1061405521245,0.002071550249575809,0.005600880429065834
C-Injury,Pedestrian,Clear,Daylight,Dry,No Controls,Champaign,2006,0,1,3867,-88.2731593706741,40.1393402482153,0.0021638530054979375,0.00642267292363451
B-Injury,Pedestrian,Rain,Daylight,Wet,School Zone,Urbana,2006,0,1,3869,-88.204999099513,40.1036902645095,0.0029389641655858667,0.005540228428938092
B-Injury,Pedestrian,Rain,Daylight,Wet,Traffic Signal,Champaign,2006,0,1,3872,-88.233571529544,40.1079708638332,0.0026140416115732735,0.005646186157793544
C-Injury,Pedestrian,Clear,Daylight,Dry,Stop Sign/Flasher,Champaign,2006,0,1,3873,-88.2304497053914,40.1115315594147,0.002649542654912638,0.005734324100270986
B-Injury,Pedestrian,Clear,Daylight,Dry,No Controls,Urbana,2011,0,1,3503,-88.1906857593744,40.0976336030057,0.003101733906529859,0.00539030781061803
B-Injury,Pedestrian,Clear,Daylight,Dry,No Controls,Champaign,2015,0,2,3940,-88.2762196677246,40.1090100007386,0.0021290516416443764,0.0056719079266720806
B-Injury,Pedestrian,Rain,Darkness,Wet,No Controls,Champaign,2015,0,1,3941,-88.2729656766867,40.1390673588672,0.0021660556723699593,0.006415918090171577
B-Injury,Pedestrian,Clear,Darkness,Dry,No Controls,Unincorporated,2015,0,1,3942,-88.3653200008955,40.1985897745426,0.0011158123831753737,0.007889277193425423
C-Injury,Pedestrian,Rain,"Darkness, lighted road",Wet,Traffic Signal,Champaign,2015,0,2,3943,-88.276670000883,40.1090099995688,0.002123930502146462,0.005671907897715956
B-Injury,Pedestrian,Clear,Daylight,Dry,Lane Use Marking,Champaign,2015,0,1,3944,-88.257984621397,40.1463693787334,0.0023364185970932653,0.006596665079686757
C-Injury,Pedestrian,Clear,Darkness,Dry,No Controls,Champaign,2015,0,1,3945,-88.2603221786555,40.1272000313955,0.0023098361512264437,0.006122165984123425
C-Injury,Pedestrian,Clear,Daylight,Dry,No Controls,Rantoul,2015,0,1,3948,-88.1463200006866,40.3084599993065,0.0036062564692909494,0.010608896247787089